maticni_broj;naziv;lat;lon
300012;BARANJSKO PETROVO SELO;45.7315832;18.4575582
300039;BATINA;45.8376528;18.8561005
300047;BELI MANASTIR;45.7499759;18.6085097
300055;BILJE;45.5970014;18.725775
300063;BOLMAN;45.7077151;18.5161565
300071;BRANJIN VRH;45.8237966;18.6259343
300080;BRANJINA;45.8323943;18.6951175
300098;ČEMINAC;45.6866335;18.6609238
300101;DARDA;45.6238166;18.6476805
300110;DRAŽ;45.8698456;18.8178392
300128;DUBOŠEVICA;45.8943821;18.6853203
300136;GAJIĆ;45.8356896;18.7551239
300144;GRABOVAC;45.7022431;18.7268789
300152;JAGODNJAK;45.6845122;18.5767349
300179;KAMENAC;45.7738133;18.7025829
300187;KARANAC;45.7517445;18.6706576
300195;KNEŽEVI VINOGRADI;45.7329975;18.8250773
300209;KOPAČEVO;45.6054717;18.8649442
300217;KOTLINA;45.7903767;18.7276081
300225;KOZARAC;45.7205707;18.6755791
300233;LUČ;45.7857182;18.5341526
300241;LUG;45.6692683;18.7868267
300250;PETLOVAC;45.7620813;18.5223271
300268;PODOLJE;45.8201243;18.7340635
300276;POPOVAC;45.808063;18.6628111
300284;SUZA;45.793037;18.7647297
300292;ŠUMARINA;45.7786331;18.5660227
300306;TOPOLJE;45.8716712;18.7262845
300314;TORJANCI;45.7331845;18.3794557
300322;VARDARAC;45.6335112;18.8145343
300349;ZMAJEVAC I;45.7974681;18.8461831
300357;ZMAJEVAC II;45.7090221;18.9529806
300365;BANJEVCI;43.879435;15.6531309
300373;BENKOVAC;44.0481149;15.6124118
300381;BJELINA;44.0458301;15.8165524
300390;BRGUD;44.0408701;15.7494051
300403;BRUŠKA;44.0751483;15.7511554
300411;BUKOVIĆ;44.0382233;15.6411488
300420;CERANJE;43.9760467;15.6069727
300438;DOBROPOLJCI;44.005224;15.803463
300446;DONJA JAGODNJA;43.9914421;15.5240794
300454;DONJE BILJANE;44.1142569;15.4660716
300462;GORNJA JAGODNJA;44.0022686;15.5631001
300489;GORNJE BILJANE;44.1137715;15.5313019
300497;ISLAM GRČKI;44.1538695;15.4614283
300527;KOLARINA;43.9755556;15.6675568
300535;KORLAT;44.0896588;15.5635009
300543;KULA ATLAGIĆ;44.0656874;15.5912191
300551;LEPURI;44.0006823;15.7075508
300560;LISIČIĆ;44.0230675;15.6776119
300578;LIŠANE OSTROVIČKE;43.9772654;15.7529931
300586;NADIN;44.0668206;15.5006576
300594;OSTROVICA;43.9528929;15.7983988
300608;PARČIĆ;44.0771851;15.8450052
300616;PERUŠIĆ;44.0010084;15.6338298
300624;POLAČA;44.0233343;15.5091459
300632;POPOVIĆI;44.0686966;15.6776752
300659;PRISTEG;43.952318;15.6343714
300667;RADAŠINOVCI;43.9191902;15.6349767
300675;RAŠTEVIĆ;44.0449442;15.5422499
300683;SMILČIĆ;44.1257237;15.4971375
300691;STANKOVCI;43.9046311;15.7061695
300705;ŠOPOT;44.0176887;15.5937701
300713;TINJ;44.0197566;15.4760843
300721;VELIM;43.8795627;15.7329108
300730;VUKŠIĆ;43.9357885;15.7329328
300748;BANJ;43.9919132;15.2942085
300756;BIOGRAD NA MORU;43.9544238;15.4758718
300764;DOBROPOLJANA;43.9810754;15.3109146
300772;SVETI FILIP I JAKOV;43.9810977;15.446113
300799;MRLJANE;43.954741;15.3426146
300802;NEVIĐANE;43.9672579;15.3273678
300829;PAKOŠTANE;43.901938;15.5279204
300837;PAŠMAN;43.9386777;15.3711084
300845;RAŠTANE;44.0232334;15.4212788
300853;TKON;43.9032427;15.4203146
300861;TURANJ;43.9958131;15.4106432
300870;VRANA;43.9303553;15.5611553
300888;VRGADA;43.8481808;15.5014382
300896;ŽDRELAC;44.0054071;15.2729845
300900;BAČKOVICA;45.8437488;17.1012627
300918;BEDENIČKA;45.8559788;17.1196781
300926;BEDENIK;45.830757;17.0311181
300934;BJELOVAR;45.9041414;16.8439682
300942;BJELOVAR-SREDICE;45.8820349;16.8238202
300969;NOVE PLAVNICE-HRGOVLJANI;45.9169134;16.8172822
300977;BREZOVAC;45.8699474;16.8461112
300985;CIGLENA;45.8734553;16.9463344
300993;ČAĐAVAC;45.8276568;17.1143845
301019;DAUTAN;45.8268173;16.9263423
301027;DIKLENICA;45.9682531;16.8764824
301035;DRLJANOVAC;45.7980351;16.9866331
301043;GALOVAC;45.8454631;16.863621
301051;GORNJE PLAVNICE;45.9513897;16.8797764
301060;SREDICE GORNJE;46.0368707;16.8258735
301078;KRIŽ GORNJI;46.0467302;16.7699607
301086;GUDOVAC;45.8672883;16.7510635
301094;GORNJE ROVIŠĆE;45.962579;16.7597001
301108;KAKINAC;45.9702238;16.7721096
301116;KAPELA;45.9914444;16.8613977
301124;KLOKOČEVAC;45.9124613;16.7769246
301132;KOBASIČARI;45.9596541;16.8269123
301159;VELIKO KORENOVO;45.856262;16.8069105
301167;KOZAREVAC RAČANSKI;45.7819711;16.9161653
301175;KRALJEVAC;45.9787591;16.7279273
301183;LASOVAC;45.8520071;17.0239927
301191;MALO TROJSTVO;45.9668871;16.9629291
301205;TROJSTVENI MARKOVAC;45.9175007;16.8948311
301213;MEĐURAČA;45.7985352;16.8907773
301221;MOSTI;46.0600399;16.8601906
301230;NEVINAC;45.8158738;16.9087103
301248;NOVA RAČA;45.7980702;16.9491173
301256;OBROVNICA;45.836189;16.8922757
301264;ORLOVAC;45.7480416;16.9506283
301272;OROVAC;45.8807217;16.9799858
301299;PAVLIN KLOŠTAR;46.0110914;16.8055234
301302;PODGORCI;45.9771568;16.7972349
301329;PREDAVAC;45.9357639;16.7867038
301337;PRESPA;45.8604694;16.9182212
301345;PRGOMELJE;45.8836282;16.7409869
301353;PUPELICA;45.883652;17.0557948
301361;RAJIĆ GUDOVAČKI;45.9111301;16.7148418
301370;RAVNEŠ;45.8755208;17.0082193
301388;RIBNJAČKA;45.8837797;17.0852592
301396;ROVIŠĆE;45.9478621;16.7262746
301400;SASOVAC;45.7646939;16.9299891
301418;SEVERIN;45.8410717;16.9660535
301426;SLOVINSKA KOVAČICA;45.7615892;16.9807575
301434;STARE PLAVNICE;45.8923113;16.8014472
301442;ŠANDROVAC;45.9159182;17.0238335
301469;TOMAŠ;45.8916199;16.9182994
301477;VELIKA PISANICA;45.799756;17.0640956
301485;VELIKO TROJSTVO;45.9234094;16.9553587
301493;VIŠNJEVAC;45.9533821;16.9144207
301507;ZDELICE;46.020627;16.8895635
301515;ZRINSKI TOPOLOVAC;46.0136102;16.7533893
301523;ŽABJAK;45.9200956;16.7435676
301531;ŽDRALOVI;45.8891732;16.8815584
301540;BOBOVIŠĆA;43.3427894;16.4880754
301558;BOL;43.268971;16.6791814
301566;DOL;43.3249429;16.6315088
301574;DONJI HUMAC;43.3481878;16.5466641
301582;DRAČEVICA;43.3312108;16.5265459
301604;GORNJI HUMAC;43.287981;16.7279976
301612;MILNA;43.3220333;16.4589911
301639;MIRCA;43.3699027;16.5222416
301647;NEREŽIŠĆA;43.3003828;16.5572002
301655;NOVO SELO;43.3127123;16.8484798
301663;POSTIRA;43.3628132;16.6560556
301671;POVLJA;43.3275496;16.8297697
301680;PRAŽNICA;43.3240415;16.6856642
301698;PUČIŠĆA;43.3361455;16.7531782
301701;SELCA;43.2872912;16.8200222
301710;SPLITSKA;43.3678954;16.5891533
301728;SUMARTIN;43.2990749;16.8728825
301736;SUPETAR;43.3722234;16.5542278
301744;SUTIVAN;43.3713635;16.4739105
301752;ŠKRIP;43.3540302;16.5981549
301779;BRDO;45.4398999;13.7508107
301787;BRTONIGLA;45.3709257;13.6003421
301795;BUJE;45.4030303;13.6559546
301809;ČEPIĆ;45.4213634;13.8169102
301817;DONJA MIRNA;45.3393295;13.656524
301825;GROŽNJAN;45.3857989;13.7258919
301833;KAŠTEL;45.4468377;13.6303514
301841;KOSTANJICA;45.3651926;13.7511769
301850;KRASICA;45.3733361;13.6806955
301868;KRŠETE;45.4250459;13.6190203
301876;KUBERTON;45.4284816;13.7655938
301884;LOVREČICA;45.389927;13.5652252
301892;MATERADA;45.4148209;13.5949657
301906;MERIŠĆE;45.4494337;13.715783
301914;MOMJAN;45.4318477;13.7098111
301922;NOVA VAS;45.3528853;13.6396847
301949;NOVIGRAD;45.3389787;13.5750127
301957;OPRTALJ;45.3848154;13.8266814
301965;PETROVIJA;45.4282371;13.568705
301981;SAVUDRIJA;45.4807429;13.5458398
301990;ŠTERNA;45.4215127;13.7901816
302007;KUĆIBREG;45.4549593;13.7901779
302015;TRIBAN;45.4040484;13.694643
302023;UMAG;45.4433401;13.5389954
302031;ZAVRŠJE;45.3767963;13.7748657
302040;ZRENJ;45.400605;13.8757592
302058;BRGUDAC;45.3763093;14.1551032
302066;BUZET;45.4148811;13.9611631
302074;BUZET-STARI GRAD;45.4099324;13.9693822
302082;ČRNICA;45.4423617;13.9280326
302104;DANE;45.4689318;14.0352247
302139;HUM;45.3510175;14.0468164
302147;JELOVICE;45.5003522;13.9958204
302155;LANIŠĆE;45.4074816;14.1176371
302171;MARČENEGLA;45.338082;13.9477675
302180;RAČICE;45.3563756;13.9888389
302198;ROČ;45.3910897;14.0469231
302201;SENJ;45.3523663;13.9000573
302210;SLUM;45.4432415;14.011142
302228;SOVINJAK;45.3737636;13.9117208
302236;SOVIŠĆINA;45.3532551;13.8754866
302244;SVI SVETI;45.3860868;13.9694612
302252;SALEŽ;45.4254974;13.9088464
302279;TRSTENIK;45.4425998;14.0905509
302287;VODICE;45.4828643;14.055185
302295;VRH;45.3530689;13.9382838
302309;BELEJ;44.7538213;14.4452823
302317;BELI;45.1290239;14.3379512
302325;CRES;44.9596735;14.4225133
302333;CRES-GRAD;44.9587538;14.4061606
302341;ĆUNSKI;44.5808695;14.384778
302350;DRAGOZETIĆI;45.0952204;14.3139966
302368;LUBENICE;44.8841621;14.337317
302376;MALI LOŠINJ;44.5490101;14.4432131
302384;MALI LOŠINJ-GRAD;44.5340458;14.4696264
302392;MARTINŠĆICA;44.8229317;14.3585528
302406;NEREZINE;44.6720673;14.4078847
302414;ORLEC;44.8789399;14.4204118
302422;OSOR;44.698154;14.3992335
302449;PERNAT;44.9233714;14.3202356
302457;PODOL;44.8603308;14.3734786
302465;PREDOŠĆICA;45.0302257;14.3782353
302473;PUNTA KRIŽA;44.6444848;14.4858444
302481;STIVAN;44.7858971;14.3967393
302490;SUSAK;44.5098609;14.3026231
302503;SVETI JAKOV;44.6310911;14.3857305
302511;UNIJE;44.647678;14.2602433
302520;USTRINE;44.7392069;14.4105447
302538;VALUN;44.8942649;14.3716867
302546;VELI LOŠINJ;44.4885083;14.5259582
302554;VRANA;44.8235733;14.4353585
302562;BELGRAD;45.2303883;14.7039143
302589;BRIBIR;45.2088448;14.7949094
302597;CRIKVENICA;45.1801628;14.7016159
302619;DRAMALJ;45.1990027;14.6718274
302627;DRIVENIK;45.2494141;14.6648935
302635;GRIŽANE;45.2331379;14.7578896
302643;JADRANOVO;45.2212491;14.6361985
302651;KRMPOTE;45.0960195;14.9381802
302660;LEDENICE;45.1682178;14.9111261
302678;NOVI;45.1778687;14.8339763
302694;ČABAR;45.5485934;14.5803244
302708;GEROVO;45.4925313;14.6042834
302716;GORAČI;45.5968424;14.6000605
302724;HRIB;45.4780497;14.6710721
302732;PLEŠCE;45.5529305;14.6751047
302759;PREZID;45.6000727;14.5498041
302767;BADLIČAN;46.420856;16.2889323
302775;BELICA;46.4120813;16.5176734
302783;BENKOVEC;46.3706734;16.536653
302791;BOGDANOVEC;46.4159463;16.3109638
302805;CIRKOVLJAN;46.3381273;16.654495
302813;ČAKOVEC;46.3821618;16.4383724
302821;ČEHOVEC;46.3625086;16.6169709
302830;ČREČAN;46.397888;16.3458352
302848;ČUKOVEC;46.353816;16.7096638
302856;DEKANOVEC;46.4516083;16.5961304
302864;DOMAŠINEC;46.4369206;16.6363858
302872;DONJA DUBRAVA;46.3184065;16.8174453
302899;DONJI HRAŠĆAN;46.4080094;16.6230567
302902;DONJI KRALJEVEC;46.3707484;16.6563978
302929;DONJI MIHALJEVEC;46.3431599;16.7197101
302937;DONJI PUSTAKOVEC;46.374231;16.5925285
302945;DONJI VIDOVEC;46.3325962;16.7769843
302953;DRAGOSLAVEC;46.4204784;16.3451401
302961;DRAŠKOVEC;46.3596342;16.7035048
302970;DRŽIMUREC;46.4031471;16.5749209
302988;FERKETINEC;46.4781327;16.5084283
302996;GARDINOVEC;46.429771;16.5494358
303003;GORIČAN;46.3904139;16.6913509
303011;GORNJA DUBRAVA;46.4312233;16.301083
303020;GORNJI HRAŠĆAN;46.3687907;16.3398826
303038;GORNJI KRALJEVEC;46.4592216;16.4809021
303046;GORNJI MIHALJEVEC;46.4247663;16.3257187
303054;GORNJI PUSTAKOVEC;46.3640041;16.4561422
303062;GORNJI VIDOVEC;46.366103;16.4641879
303089;GRADIŠČAK;46.499264;16.3473741
303097;HEMUŠEVEC;46.3583598;16.6875294
303119;HLAPIČINA;46.5193443;16.3986422
303127;HODOŠAN;46.3989555;16.6494546
303135;IVANOVEC;46.3573273;16.4779809
303143;SVETI JURAJ U TRNJU;46.3773672;16.6090271
303151;JURČEVEC;46.3742491;16.5461211
303160;KOTORIBA;46.3628014;16.8005789
303178;KRIŠTANOVEC;46.4454636;16.4519124
303186;KRIŽOVEC;46.4877505;16.4891663
303194;KURŠANEC;46.3294571;16.3862754
303208;LOPATINEC;46.4421399;16.3675993
303216;MACINEC;46.3968538;16.3234029
303224;MAČKOVEC;46.4244884;16.4394631
303232;MALA SUBOTICA;46.3705071;16.5188057
303259;SVETA MARIJA;46.3384464;16.7452562
303267;SVETI MARTIN NA MURI;46.5275945;16.3597341
303275;MARTINUŠEVEC;46.4552932;16.3009178
303283;MIHOVLJAN;46.4076306;16.4489028
303291;MURSKO SREDIŠĆE;46.5087907;16.4342877
303305;NEDELIŠĆE;46.3629272;16.3861596
303313;NOVAKOVEC;46.4592348;16.5814485
303321;NOVO SELO ROK;46.4292519;16.4752278
303330;OPOROVEC;46.325249;16.6865134
303348;OREHOVICA;46.3269002;16.5050531
303356;PALINOVEC;46.3921458;16.6031373
303364;PALOVEC;46.3820785;16.5589713
303372;PEKLENICA;46.4987071;16.4683587
303399;PODBREST;46.338022;16.5367895
303402;PODTUREN;46.4652209;16.5481287
303429;PRELOG;46.3377933;16.6028931
303437;PRESEKA;46.4153036;16.2844962
303445;PRETETINEC;46.39145;16.3647165
303453;PRHOVEC;46.4345118;16.2841903
303461;PRIBISLAVEC;46.3958393;16.4820352
303470;ROBADJE;46.4900015;16.258897
303488;SAVSKA VES;46.3646841;16.4308686
303496;SELNICA;46.4872732;16.3766143
303500;SIVICA;46.4511965;16.5160704
303518;SLAKOVEC;46.4085593;16.371669
303526;STANETINEC;46.4458173;16.273032
303534;STRAHONINEC;46.3598288;16.4171868
303542;STRELEC;46.3966435;16.5613746
303569;ŠANDOROVEC;46.3221904;16.4294186
303577;ŠENKOVEC;46.4094146;16.411851
303585;ŠTEFANEC;46.3635416;16.5003844
303593;ŠTRIGOVA;46.5034882;16.2982445
303607;ŠTRUKOVEC;46.4732002;16.42792
303615;TOTOVEC;46.3345935;16.4476907
303623;TRNOVEC;46.383733;16.3125987
303631;TURČIŠĆE;46.4167966;16.5981929
303640;SVETI URBAN;46.4714958;16.276914
303658;VRATIŠINEC;46.4754877;16.455442
303666;VUKANOVEC;46.4492233;16.3297113
303674;VULARIJA;46.3300289;16.4771705
303682;ZASADBREG;46.4497127;16.4087372
303704;ZEBANEC;46.474111;16.4025749
303712;ŽELEZNA GORA;46.4770954;16.3170066
303739;ŽIŠKOVEC;46.4519988;16.4339376
303747;BLATNICA;45.8353714;16.7320956
303755;BOJANA;45.7539426;16.6793243
303763;BOSILJEVO;45.7386956;16.5803137
303771;CERINA;45.7820666;16.576492
303780;ČAZMA;45.7476801;16.6205115
303798;DAPCI;45.7331237;16.535603
303801;DASKATICA;45.7914899;16.700398
303810;DEREZA;45.7585965;16.58472
303828;DRAGANEC;45.7841379;16.6299573
303836;ĐURĐIC;45.7921601;16.850557
303844;IVANSKA;45.7850313;16.8036589
303852;KRIŽIC;45.7663186;16.7796259
303879;LAMINAC;45.7995363;16.7568231
303887;LIPOVČANI;45.7762208;16.5321481
303895;MARTINAC;45.735909;16.7395059
303909;MIKLOUŠ;45.6982657;16.677469
303917;NARTA;45.8244028;16.8038052
303925;PETRIČKA;45.7360187;16.7896859
303933;POBJENIK;45.7155436;16.6092254
303941;SAMARICA;45.684726;16.7473156
303950;SIŠĆANI;45.8149933;16.6463088
303968;SRIJEDSKA;45.7625521;16.8527138
303976;STARA PLOŠĆICA;45.7554291;16.8853757
303984;ŠTEFANJE;45.8102888;16.7130578
303992;ŠUŠNJARA;45.7655159;16.7439979
304000;VAGOVINA;45.7818167;16.6788916
304018;VRTLINSKA;45.6839168;16.6105523
304026;VUKOVIJE;45.6322408;17.2407697
304034;BIJELA;45.5570182;17.3034162
304042;BLAGORODOVAC;45.5598433;17.0180704
304069;BORKI;45.5700354;17.3638366
304077;BASTAJSKI BRĐANI;45.6771812;17.3428785
304085;BRESTOVAC;45.6236827;17.1152167
304093;CJEPIDLAKE;45.6891615;17.4104278
304107;DARUVAR;45.591884;17.2171853
304115;DEŽANOVAC;45.5735396;17.0955999
304123;DOBRA KUĆA;45.6057531;17.3083541
304131;DOLJANI;45.5614434;17.2274413
304140;DONJI DARUVAR;45.6121874;17.2032618
304158;DONJI SREĐANI;45.538544;17.1484091
304166;GOLUBINJAK;45.5639508;17.1529838
304174;GORNJI DARUVAR;45.5898185;17.1702335
304182;GORNJI SREĐANI;45.5277896;17.1612686
304204;GOVEĐE POLJE;45.5207895;17.0807688
304212;IMSOVAC;45.6052687;17.0569912
304239;KIP;45.5445584;17.1948534
304247;KLISA;45.6931739;17.4658174
304255;KONČANICA;45.6482434;17.170506
304263;KORENIČANI;45.6424778;17.3695022
304271;KREŠTELOVAC;45.5723186;17.0472089
304280;KRIVAJA;45.6496627;17.4516827
304298;MALI BASTAJI;45.6600173;17.3079986
304301;MARKOVAC;45.5838198;17.2840247
304310;MILJANOVAC;45.5311411;17.217473
304328;ĐULOVAC;45.6668256;17.4136159
304336;PAKRANI;45.5444173;17.2895132
304344;POTOČANI;45.6364872;17.4015537
304352;PUKLICA;45.6340167;17.4290517
304379;REMOVAC;45.7145831;17.4289252
304387;SIRAČ;45.5275438;17.2590029
304395;SOKOLOVAC;45.5840694;17.0032588
304409;ŠIBOVAC;45.5671722;17.1866249
304417;TROJEGLAVA;45.5407576;17.1102441
304425;ULJANIK;45.5341317;17.0126447
304433;VELIKI BASTAJI;45.628123;17.3313433
304441;VRBOVAC;45.5900568;17.2515752
304450;VRIJESKA;45.6406058;17.275455
304468;ZAILE;45.5374257;17.4094357
304476;BEGOVO RAZDOLJE;45.2749862;14.93676
304484;BELO;45.471148;14.9125303
304492;BROD MORAVICE;45.4678279;14.9814304
304506;BROD NA KUPI;45.4297843;14.8476519
304514;BUKOV VRH;45.4225184;14.9537443
304522;CRNI LUG;45.4249275;14.700292
304549;DELNICE;45.3916393;14.797961
304557;DIVJAKE;45.4232642;14.9161751
304565;FUŽINE;45.3274413;14.6959997
304573;GRBAJEL;45.4690115;14.7880731
304581;LIČ;45.279368;14.7378268
304590;LOKVE;45.3623643;14.738013
304603;MRKOPALJ;45.3004726;14.8519317
304611;MRZLA VODICA;45.3817337;14.661554
304620;RAVNA GORA;45.3502434;14.951393
304638;RAZDRTO;45.4785227;15.0404016
304646;RAZLOGE;45.4876576;14.7128471
304654;STARA SUŠICA;45.3798024;14.989616
304662;STARI LAZ;45.3514004;14.8888441
304689;SUNGER;45.3283198;14.7974881
304697;TURKE;45.5042173;14.7417733
304719;VRATA;45.3193014;14.7524489
304727;ZAVRŠJE;45.5033218;14.9519616
304735;ANDRAŠEVEC;46.0007505;15.9579102
304743;DONJA STUBICA;45.9783238;15.964931
304751;DUBOVEC;46.018471;16.0277426
304760;GLOBOČEC;46.0087174;16.1679685
304778;GORNJA STUBICA;45.9514201;16.0151334
304786;GUSAKOVEC;45.9986383;16.062142
304794;HUM STUBIČKI;45.9791487;16.0393286
304808;JAKOVLJE;45.9391021;15.8565665
304816;KRALJEV VRH;45.9357235;15.9513175
304824;LAZ BISTRIČKI;45.9860229;16.1005366
304832;LEPA VES;46.0173281;15.9977667
304859;MARIJA BISTRICA;45.9936311;16.1332035
304867;MODROVEC;45.993165;16.0143996
304875;MOKRICE;45.9993873;15.8878279
304883;OROSLAVJE;45.9951671;15.9184724
304891;POLJANICA BISTRIČKA;46.0285799;16.1390097
304905;PUSTODOL;45.9601885;15.9588675
304913;SELNICA;46.0287975;16.0618933
304921;SLANI POTOK;45.95822;16.0342225
304930;STRMEC STUBIČKI;45.9634806;15.9243506
304948;STUBIČKA SLATINA;45.9716047;15.8732549
304956;SVETI MATEJ;45.9661804;16.0709579
304964;STUBIČKO PODGORJE;45.9603557;15.9844673
304972;BEGLUCI;44.4065481;16.143808
304999;BORIČEVAC;44.5650525;16.0077395
305006;BROTNJA;44.4425695;16.1166609
305022;DABAŠNICA;44.3565379;16.0445545
305049;DNOPOLJE;44.5914628;15.9113794
305057;DOBROSELO;44.4892243;16.0494664
305065;DOLJANI;44.4882241;16.1015382
305073;DONJI LAPAC;44.5534638;15.9654649
305081;DRENOVAC OSREDAČKI;44.2296357;16.1877857
305090;DUGOPOLJE;44.3355812;16.1920638
305103;GORNJI LAPAC;44.5128633;16.0031662
305111;KALDRMA;44.3128833;16.1788406
305120;KESTENOVAC;44.6316834;16.0190088
305138;KRUGE;44.6331931;15.9398592
305146;KUPIROVO;44.3125669;16.1219333
305154;MELINOVAC;44.7204937;15.8793232
305162;NEBLJUSI;44.6775855;15.9171708
305189;NETEKA;44.3846672;16.0898122
305197;ORAOVAC;44.5265097;15.942928
305219;OSREDCI;44.3512267;16.1710452
305227;SEOCE;44.6875075;15.9554383
305235;SRB;44.3620037;16.1121396
305243;SUVAJA;44.4133515;16.0730489
305251;ŠTRBCI;44.6523548;15.9895801
305260;TIŠKOVAC LIČKI;44.263381;16.1579459
305278;ZAKLOPAC;44.4376265;16.0707635
305286;BENIČANCI;45.6351624;18.1709119
305294;BOČKINCI;45.7069968;18.2634822
305308;ČAMAGAJEVCI;45.6888372;18.2546225
305316;ČRNKOVCI;45.7108679;18.297856
305324;DONJI MIHOLJAC;45.7456735;18.1537096
305332;SVETI ĐURAĐ;45.7390012;18.2379985
305359;GOLINCI;45.681575;18.1670848
305367;KAPELNA;45.690977;18.0606599
305375;KUĆANCI;45.6499587;18.1011706
305383;KUNIŠINCI;45.6675073;18.2650394
305391;LACIĆI;45.6179632;18.2219061
305405;MARIJANCI;45.6402856;18.2898169
305413;MIHOLJAČKI POREČ;45.6944254;18.1994368
305421;MOSLAVINA PODRAVSKA;45.7623065;17.9641349
305430;PODGAJCI PODRAVSKI;45.7376904;18.2834794
305448;RADIKOVCI;45.6893486;18.2257602
305456;RAKITOVICA;45.7161902;18.1959089
305464;ŠLJIVOŠEVCI;45.6640813;18.211531
305472;VILJEVO;45.7415581;18.0430355
305499;BADANJ;43.8719664;16.1773263
305502;BALJCI;43.8375455;16.3391791
305529;BIOČIĆ;43.902938;16.2412638
305537;BOGATIĆ PROMINSKI;43.9443449;16.0085491
305545;BOGATIĆ MILJEVAČKI;43.9082626;15.9955654
305553;BRIŠTANI;43.8812823;15.9998045
305561;ČAVOGLAVE;43.7944283;16.3688554
305570;ČITLUK;43.9469382;16.0523662
305588;ČVRLJEVO;43.7073766;16.3206477
305596;DONJE UTORE;43.7177891;16.243179
305600;DONJE VINOVO;43.7502671;16.2606405
305618;DRINOVCI;43.8401554;16.0029517
305626;DRNIŠ;43.8606419;16.1549698
305634;GORNJE UTORE;43.7094143;16.2713392
305642;GORNJE VINOVO;43.7351886;16.3066832
305669;GRADAC;43.8480937;16.3117404
305677;KADINA GLAVICA;43.8650951;16.2709006
305685;KAOČINE;43.8561299;16.0704475
305693;KARALIĆ;43.8959844;16.0346718
305707;KLJAKE;43.7644624;16.3184298
305715;KLJUČ;43.8393463;16.0292629
305723;KRIČKE;43.8252537;16.213788
305731;LUKAR;43.9653677;16.1354847
305740;LJUBOSTINJE;43.7106649;16.142116
305758;MATASE;44.0028279;16.1068072
305766;MIOČIĆ;43.8826664;16.2572533
305774;MIRLOVIĆ POLJE;43.8200199;16.3702671
305782;MIRLOVIĆ ZAGORA;43.7557053;16.100711
305804;MOSEĆ;43.7987252;16.2288835
305812;MRATOVO;43.9462436;16.0370779
305839;NEVEST;43.7196796;16.2075561
305847;OKLAJ;43.9397789;16.0724336
305855;OSTROGAŠICA;43.7725786;16.1297582
305863;OTAVICE;43.8558262;16.2887163
305871;PAKOVO SELO;43.8181143;16.0901273
305880;PARČIĆ;43.8751861;16.263998
305898;PLANJANE;43.7707313;16.189429
305901;PODUMCI;43.7460934;16.1387597
305910;POKROVNIK;43.80163;16.0690076
305928;PULJANE;43.9885857;16.0388909
305936;RADONIĆ;43.7699787;16.0619744
305944;RAZVOĐE;43.9235061;16.1034606
305952;RUŽIĆ;43.8236339;16.2536994
305979;SEDRAMIĆ;43.7924236;16.1870676
305987;SIVERIĆ;43.8762356;16.1925678
305995;SUKNOVCI;43.9694006;16.0989092
306002;ŠIRITOVCI;43.8803075;16.0546634
306029;ŠTIKOVO;43.9169786;16.3182864
306037;TEPLJUH;43.9024165;16.1933833
306045;TRBOUNJE;43.8843063;16.1188878
306053;UMLJANOVIĆ;43.7885838;16.2769299
306061;UNEŠIĆ;43.7387215;16.1737196
306070;VELUŠIĆ;43.9104182;16.1326333
306088;VISOKA;43.6888996;16.2203857
306096;ŽITNIĆ;43.8281647;16.1350834
306100;BABINO POLJE;42.7431408;17.5495143
306118;BANIĆI;42.7987041;17.8538801
306126;BLATO;42.7618609;17.4695333
306134;BOLJENOVIĆI;42.8331156;17.6380404
306142;BRAŠINA;42.6266534;18.1944098
306169;BRIJESTA;42.9001582;17.549814
306177;BROCE;42.8001586;17.7253888
306185;BROTNICE;42.5895564;18.2881451
306193;BRSEČINE;42.7307155;17.9566954
306207;BUIĆI;42.6410397;18.19265
306215;CAVTAT;42.5764458;18.2230014
306223;ČAJKOVICA;42.6642657;18.1403362
306231;ČELOPECI;42.6386937;18.1734791
306240;ČEPIKUĆE;42.8600806;17.8425472
306258;ČESVINICA;42.8463124;17.6624105
306266;ČIBAČA;42.6294128;18.1657201
306274;ČILIPI;42.5498523;18.2807144
306282;DANČANJE;42.8804054;17.5733896
306304;DOLI;42.80775;17.7869349
306312;DONJA VRUĆICA;43.0069388;17.2129694
306339;DONJI BRGAT;42.6501118;18.1651133
306347;MAJKOVI DONJI;42.7817809;17.9172143
306355;DRVENIK;42.5648895;18.3109412
306363;DUBA KONAVOSKA;42.595864;18.3529454
306371;DUBA PELJEŠKA;43.0123502;17.1545454
306380;DUBA STONSKA;42.8671995;17.6475948
306398;DUBRAVICA;42.7426223;17.9351511
306401;DUBRAVKA;42.5462572;18.4252071
306410;DUBROVNIK;42.6488158;18.1098116
306428;DUNAVE;42.5568982;18.4008028
306436;ĐONTA DOLI;42.8218217;17.7766588
306444;ĐURINIĆI;42.4620689;18.4448361
306452;GABRILI;42.5710471;18.2894497
306479;GORNJA VRUĆICA;42.9929179;17.258921
306487;GORNJI BRGAT;42.6395773;18.1511471
306495;MAJKOVI GORNJI;42.7662298;17.9328959
306509;GOVEĐARI;42.7776084;17.3914208
306517;GRBAVAC;42.6540084;18.1759937
306525;GROMAČA;42.7371226;18.0163508
306533;GRUDA;42.5153909;18.3719336
306541;HODILJE;42.8575344;17.6810758
306550;IMOTICA;42.9066563;17.6730786
306568;JANJINA;42.9276187;17.4215795
306576;JASENICE;42.597053;18.2612345
306584;KLIŠEVO;42.7378084;17.9952976
306592;KNEŽICA;42.6572598;18.1408985
306606;KOLOČEP;42.673588;18.0073074
306614;KOMAJI;42.5359707;18.3071207
306622;KOMOLAC;42.6694554;18.1345107
306649;KORITA;42.7063593;17.7160083
306657;KUNA KONAVOSKA;42.5701675;18.3727648
306665;KUNA PELJEŠKA;42.9685143;17.353556
306673;LISAC;42.8441368;17.8108158
306681;LOPUD;42.6842786;17.9491045
306690;LOVORNO;42.5398588;18.3616915
306703;LJUBAČ;42.7163361;18.0287016
306711;LJUTA;42.5363434;18.3795549
306720;MAKOŠE;42.6486043;18.188094
306738;MARANOVIĆI;42.7200071;17.6700316
306746;MARTINOVIĆI;42.6488932;18.1824268
306754;MIHANIĆI;42.5609758;18.3261753
306762;MOČIĆI;42.5632734;18.2502272
306789;MOKOŠICA;42.6788323;18.0965755
306797;MRAVINJAC;42.7596014;17.9635899
306819;MRAVINJICA;42.8329396;17.8570419
306827;MRČEVO;42.7435196;17.9804443
306835;OBOD;42.5878441;18.2360001
306843;OBULJENO;42.6769139;18.1088553
306851;ORAŠAC;42.7033581;18.0115352
306860;OSKORUŠNO;42.9821946;17.3100752
306878;OSOBJAVA;42.9562453;17.3971727
306886;OSOJNIK;42.7135955;18.0677733
306894;OŠLJE;42.8855589;17.740495
306908;PALJE BRDO;42.5042047;18.4105461
306916;PETRAČA;42.6339142;18.1953431
306924;PETROVO SELO;42.6833523;18.0862132
306932;PIJAVIČINO;42.935106;17.3707096
306959;PLAT;42.6085448;18.2345026
306967;PLOČICE;42.485248;18.4158615
306975;PODIMOČ;42.8184584;17.8244422
306983;PODOBUĆE;42.9540034;17.2842753
306991;POLJICE;42.4916696;18.3825874
307009;POPOVA LUKA;42.9105953;17.4448472
307017;POPOVIĆI;42.5239883;18.3251691
307025;POTOMJE;42.9410636;17.3363305
307033;PRIDVORJE;42.5492986;18.3429023
307041;PRIJEVOR;42.6741567;18.1189324
307050;PRIZDRINA;42.9686755;17.2775329
307068;PROŽURA;42.7285826;17.6306823
307076;PUTNIKOVIĆ;42.8703196;17.5395798
307084;RADOVČIĆI;42.5113115;18.3464005
307092;ROŽAT;42.6729597;18.1284949
307106;SLANO;42.7925221;17.8874651
307114;SMOKOVLJANI;42.8685401;17.7639302
307122;SOLINE;42.6157757;18.2239911
307149;SPARAGOVIĆI;42.8602963;17.6079314
307157;SRESER;42.9427468;17.4287787
307165;STON;42.8299627;17.6901612
307173;STRAVČA;42.6014643;18.3097937
307181;STUPA;42.8935997;17.718219
307190;SUĐURAĐ;42.7168654;17.9006812
307203;SUSTJEPAN;42.6661343;18.0957466
307211;ŠILJEŠKI;42.5807682;18.3098021
307220;ŠIPANSKA LUKA;42.7396082;17.8464535
307238;ŠUMET;42.6497264;18.1473831
307246;TOČIONIK;42.8763144;17.8101969
307254;TOMISLAVOVAC;42.8799311;17.501721
307262;TOPOLO;42.8981415;17.6944155
307289;TRNOVA;42.8184547;17.8785892
307297;TRNOVICA;42.8955688;17.8279909
307319;TRPANJ;43.0002058;17.2845912
307327;TRSTENIK;42.9210051;17.3969182
307335;TRSTENO;42.7160685;17.9811348
307343;USKOPLJE;42.5780465;18.259049
307351;VISOČANI;42.8498167;17.7823038
307360;VITALJINA;42.4306545;18.4920318
307378;VODOVAĐA;42.5139385;18.4295404
307386;ZABRĐE;42.8600568;17.5842814
307394;ZASTOLJE;42.5233937;18.3980778
307408;ZATON;42.6897696;18.0517323
307416;ZATON DOLI;42.8352804;17.7328296
307424;ZAVRELJE;42.6225525;18.2143943
307432;ŽULJANA;42.8816022;17.4634755
307459;BARILOVIĆ;45.3984949;15.5578447
307467;BELAJ;45.4266204;15.5433089
307475;BOSILJEVO;45.4213227;15.2849157
307483;BRAJAKOVO BRDO;45.5187271;15.441078
307491;BUKOVLJE;45.3868139;15.4544027
307505;CEROVAC BARILOVIĆKI;45.3612888;15.4779664
307513;DONJI SKRAD;45.3429562;15.5276138
307521;DONJI ZVEČAJ;45.4163377;15.4562757
307548;ERDELJ;45.3572662;15.3537806
307556;GENERALSKI STOL;45.3391857;15.3848628
307564;GLAVICA;45.449188;15.3063963
307572;GORNJE PRILIŠĆE;45.4643884;15.3674485
307599;GORNJI ZVEČAJ;45.3820037;15.4156679
307602;GRABRK;45.3571307;15.2783694
307629;GRŠĆAKI;45.4395911;15.4772293
307637;HRSINA;45.4014152;15.2519976
307645;JARČE POLJE;45.448127;15.3927846
307653;KORANSKO SELO;45.2832889;15.5132903
307661;KORENIĆ BRDO;45.4087714;15.3400352
307670;KOSIJERSKO SELO;45.3712635;15.5537369
307688;KOZALJ VRH;45.4361835;15.4410402
307696;LADEŠIĆI;45.4971167;15.3838296
307700;LEŠĆE;45.3752828;15.3387632
307718;LIPA;45.4074673;15.4085239
307726;LIŠNICA;45.4599521;15.4513612
307734;MALETIĆI;45.4682807;15.4126748
307742;MATEŠKO SELO;45.3400532;15.4247226
307769;MODRUŠ POTOK;45.5136384;15.4033182
307777;MRAČIN;45.4404216;15.4154912
307785;MREŽNICA;45.2514917;15.4259341
307793;MREŽNIČKI NOVAKI;45.4112672;15.5004928
307807;MRZLO POLJE MREŽNIČKO;45.4657442;15.4986274
307815;MRZLJAKI;45.5361815;15.3243852
307823;NOVO SELO BOSILJEVSKO;45.3935804;15.3060551
307831;OTOK NA DOBRI;45.3425427;15.2551759
307840;PERJASICA;45.3133188;15.4761554
307858;PIŠČETKE;45.5448184;15.4146557
307866;PODREBAR;45.3816829;15.2759438
307874;POLOJ;45.2553941;15.4734378
307882;POTOK BOSILJEVSKI;45.4282279;15.3259161
307904;PRIBANJCI;45.4325412;15.2455272
307912;RADOČAJI;45.3948111;15.3629749
307939;ROSOPAJNIK;45.5145882;15.3562506
307947;SVOJIĆ;45.2875615;15.424556
307955;UMOL;45.3620342;15.3183631
307963;VINSKI VRH;45.4898256;15.4214073
307971;VODENA DRAGA;45.4233275;15.3763793
307980;VUKOVA GORICA;45.4458375;15.340658
307998;ZAGRADCI;45.4857836;15.4671713
308005;ŽUBRINCI;45.448952;15.2754564
308013;ANDRILOVEC;45.8003596;16.2949309
308021;BRCKOVLJANI;45.8303681;16.3052801
308030;DUGO SELO I;45.8155099;16.2271154
308048;DUGO SELO II;45.793632;16.2346391
308056;HREBINEC;45.8510516;16.2793125
308064;HRUŠĆICA;45.778759;16.1619764
308072;JEŽEVO;45.7397756;16.2964693
308099;LEPROVICA;45.7580523;16.2723023
308102;LUPOGLAV;45.7966073;16.3498475
308129;NOVAKI OBOROVSKI;45.7212857;16.2362314
308137;OBOROVO;45.6903053;16.2655236
308145;OKUNŠĆAK;45.7659614;16.2037241
308153;OSTRNA;45.7818355;16.2929686
308161;PREČEC;45.7550287;16.3488084
308170;PROZORJE;45.8253904;16.2497167
308188;RUGVICA;45.7559665;16.2382839
308196;BRĐANI;45.2014852;16.3284553
308200;BUINJA;45.1869333;16.4168507
308218;ČAVLOVICA;45.1597588;16.1615252
308226;ĆORE;45.0923572;16.3365108
308234;DIVUŠA;45.13936;16.4420231
308242;DOBRETIN;45.0106825;16.3064398
308269;DRAGA;45.1938127;16.3554258
308277;DRAŠKOVAC;45.1428693;16.3989782
308285;DVOR;45.076374;16.3677047
308293;GAGE;45.1114034;16.2963601
308307;GLAVIČANI;45.1369358;16.3388178
308315;GOLUBOVAC;45.1358785;16.4268622
308323;GORIČKA;45.1557519;16.3415662
308331;GRABOVICA;45.1746982;16.3029494
308340;GRMUŠANI;45.0860293;16.3164555
308358;GVOZDANSKO;45.1392229;16.2083431
308366;JAVNICA;45.0417838;16.2554085
308374;JAVORANJ;45.122608;16.363803
308382;JAVORNIK;45.039164;16.3329426
308404;KOBILJAK;45.1726602;16.0727527
308412;KOMORA;45.1315227;16.1810524
308439;KOSNA;45.0957009;16.2459532
308447;KOZIBROD;45.1498171;16.4594231
308455;KULJANI;45.172189;16.4721845
308463;LOTINE;45.2005762;16.4041049
308471;LJESKOVAC;45.1792021;16.2279037
308480;LJUBINA;45.070288;16.2342092
308498;MAJDAN;45.0995145;16.1988973
308501;MATIJEVIĆI;45.0458881;16.3621273
308510;ORAOVICA;45.1571151;16.4204264
308528;PEDALJ;45.1431003;16.3008883
308536;ROGULJE;45.202518;16.3850489
308544;RUJEVAC;45.1389378;16.2509827
308552;SOČANICA;45.0569142;16.2627286
308579;STANIĆ POLJE;45.0056771;16.341546
308587;STRUGA;45.1093872;16.3877326
308595;STUPNICA;45.149478;16.2838047
308609;ŠAKANLIJE;45.1713483;16.445658
308617;ŠEGESTIN;45.1588606;16.3900735
308625;ŠVRAKARICA;45.1790863;16.3013987
308633;UDETIN;45.1345645;16.3192508
308641;UNČANI;45.127123;16.4060032
308650;VOLINJA;45.2054521;16.4554597
308668;VRPOLJE;45.1121705;16.3272273
308676;ZAKOPA;45.0685536;16.3412222
308684;ZAMLAČA;45.0896305;16.3832711
308692;ZRIN;45.2021284;16.3670538
308706;ZUT;45.0285552;16.2864851
308714;ŽIROVAC;45.1239849;16.1273033
308722;BRAČEVCI;45.431499;18.2836895
308749;BREZNICA ĐAKOVAČKA;45.3351216;18.1581763
308757;BUČJE;45.4234761;18.246768
308765;BUDROVCI;45.2725673;18.4541964
308773;ČENKOVO;45.3402203;18.1033524
308781;DRAGOTIN;45.2522862;18.3112651
308790;DRENJE;45.3836129;18.2820063
308803;ĐAKOVO;45.3133363;18.4098484
308811;ĐURĐANCI;45.2894208;18.5023699
308820;FORKUŠEVCI;45.3608362;18.493193
308838;GAŠINCI;45.3329414;18.3075911
308846;GORJANI;45.4068805;18.3672833
308854;HRKANOVCI ĐAKOVAČKI;45.2639876;18.1778282
308889;KEŠINCI;45.3545637;18.5760435
308897;KONDRIĆ;45.2928783;18.2763917
308919;KORITNA;45.4013813;18.5518468
308927;KRNDIJA;45.4457006;18.3486835
308935;LAPOVCI;45.2367681;18.2216166
308943;LEVANJSKA VAROŠ;45.3182285;18.1792732
308951;MAJAR;45.2951207;18.220254
308960;MEROLINO SIKIREVAČKO;45.2163173;18.5217061
308978;MRZOVIĆ;45.3323702;18.605514
308986;MUSIĆ;45.2793972;18.145442
308994;NABRĐE;45.3357456;18.240151
309001;NOVI PERKOVCI;45.2557847;18.3415273
309010;PAUČJE;45.3660623;18.1538699
309028;PIŠKOREVCI;45.2630543;18.3852751
309036;PODGORJE BRAČEVAČKO;45.4035833;18.1829939
309044;POTNJANI;45.406499;18.3043317
309052;PRESLATINCI;45.368655;18.3177619
309079;PRIDVORJE;45.3601744;18.2687247
309087;PUNITOVCI;45.4420268;18.4445458
309095;SATNICA ĐAKOVAČKA;45.3527563;18.3693356
309109;SELCI ĐAKOVAČKI;45.2986131;18.3344682
309117;SEMELJCI;45.3692355;18.5246776
309125;SLATINIK DRENJSKI;45.3942822;18.2322465
309133;SLOBODNA VLAST;45.2921303;18.1177043
309141;STRIZIVOJNA;45.2313058;18.4586847
309150;SVETOBLAŽJE;45.2684198;18.2948518
309168;ŠIROKO POLJE;45.4086902;18.4691151
309176;TOMAŠANCI;45.3907289;18.4303322
309184;TRNAVA;45.2565014;18.2559388
309192;VIŠKOVCI;45.3530065;18.458518
309206;VRBICA;45.3141213;18.5532384
309214;VUČEVCI;45.3250714;18.4944857
309222;SVETA ANA;45.9966844;16.9787421
309249;BUDANČEVICA;45.9914386;17.1404979
309257;BUDROVAC;45.9846543;17.0839866
309265;ČEPELOVAC;45.9735669;17.0219155
309273;DINJEVAC;45.9490383;17.1904317
309281;ĐURĐEVAC I;46.0380156;17.0651735
309290;ĐURĐEVAC II;46.0318216;17.0526216
309303;FERDINANDOVAC;46.0409647;17.226281
309311;GRABROVNICA;45.9347364;17.1688492
309320;HAMPOVICA;46.0057646;16.9366468
309338;KALINOVAC;46.0241593;17.1406857
309346;KLADARE;45.9712686;17.2053805
309354;KLOŠTAR PODRAVSKI;45.9727782;17.1688115
309362;KOZAREVAC;45.919069;17.1202093
309389;LEPA GREDA;46.0722536;17.1950209
309397;MALA ČREŠNJEVICA;45.9009207;17.1409595
309419;MIČETINAC;46.0018151;17.0198155
309427;MIHOLJANEC;46.039932;16.9377613
309435;MOLVE;46.1177186;17.0619043
309443;NOVO VIRJE;46.0985588;17.1506175
309451;OTROVANEC;45.9203673;17.2157666
309460;PITOMAČA I;45.9521922;17.2251448
309478;PITOMAČA II;45.9587357;17.2854209
309486;PODRAVSKE SESVETE;46.0010402;17.2320255
309494;PRUGOVAC;45.9649205;17.1234015
309508;SEDLARICA;45.8855773;17.1954239
309516;SEVEROVCI;46.0674587;17.1311125
309524;SIROVA KATALENA;45.953564;17.0475389
309532;STARI GRADAC;45.9274921;17.2971171
309559;SUHA KATALENA;45.9344412;17.0843814
309567;ŠEMOVCI;46.0224434;16.9963175
309575;TURNAŠICA;45.8817648;17.2189174
309583;VELIKA ČREŠNJEVICA;45.9057678;17.1746142
309591;VIRJE;46.0672666;16.9988362
309605;ŽDALA;46.1460865;17.1306576
309613;BEREK;45.7352548;16.8353306
309621;BRŠLJANICA;45.5916116;16.8327567
309630;CIGLENICA;45.5582497;16.935578
309648;DIŠNIK;45.6146274;16.8830812
309656;GAREŠNICA;45.5957531;16.9325404
309664;GORNJA GAREŠNICA;45.6605367;16.8100035
309672;HERCEGOVAC;45.6537231;17.010695
309699;HRASTOVAC;45.5491448;16.9943457
309702;KAJGANA;45.5938242;16.9734037
309729;KANIŠKA IVA;45.5224561;16.9190718
309737;KAPELICA;45.5744886;16.8898639
309745;ILOVSKI KLOKOČEVAC;45.6307973;17.0365423
309753;KOSTANJEVAC;45.6806889;16.8767439
309761;LADISLAV;45.6968808;17.0091567
309770;MLINSKA;45.6581329;16.9281986
309788;NOVA PLOŠČICA;45.7288154;16.9176279
309796;PALEŠNIK;45.6323019;16.969351
309800;PAŠIJAN;45.6337649;16.925019
309818;VELIKI PROKOP;45.6289107;16.8334851
309826;RUŠKOVAC;45.7202419;16.8791481
309834;ŠIMLJANA;45.7043076;16.8319333
309842;ŠIMLJANIK;45.6444143;16.7706923
309869;TOMAŠICA;45.6141996;17.000706
309877;TRNOVITICA;45.6901277;16.951464
309885;TRNOVITIČKI POPOVAC;45.6472877;16.8689246
309893;VELIKA TRNAVA;45.6788223;17.0331539
309907;VUKOVJE;45.5041595;16.8792722
309915;BALINAC;45.2946678;16.043937
309923;BIJELE VODE;45.282991;16.1915468
309931;BIŠĆANOVO;45.3885957;16.0192271
309940;BOJNA;45.1979747;16.0513748
309958;BOROVITA;45.2679684;16.0246703
309966;BATURI;45.3803847;15.9892616
309974;BRESTIK;45.2059816;16.1911592
309982;BREZOVO POLJE;45.1863456;16.1430807
310000;BRNJEUŠKA;45.3450895;16.1794877
310018;BRUBNO;45.188292;16.1091572
310026;BUČICA;45.4463238;15.9867741
310034;BUZETA;45.236848;16.1031023
310042;DABRINA;45.2625054;16.1436431
310069;DESNI DEGOJ;45.4478993;15.9624587
310077;DOLNJAKI;45.2932006;16.1211124
310085;DONJA TRSTENICA;45.4017698;15.9983646
310093;DONJE SELIŠTE;45.3251207;16.0649984
310107;DONJI SELKOVAC;45.3705092;16.0314901
310115;DRAGOTINA;45.2659014;16.1805741
310123;DRENOVAC BANSKI;45.3012405;16.2078139
310131;DVORIŠĆE;45.3761192;16.0880889
310140;GLINA;45.3385958;16.0934795
310158;GORNJE SELIŠTE;45.3097077;16.0736672
310166;GORNJI SELKOVAC;45.4049287;16.0356867
310174;GRAČANICA ŠIŠINEČKA;45.440912;16.0558191
310182;HAĐER;45.3811108;16.1207149
310204;HAJTIĆ;45.2698216;16.0801107
310212;ILOVAČAK;45.4606832;15.9437456
310239;JAME;45.4087514;16.1158511
310247;JOŠEVICA;45.3116488;16.1021853
310255;KIHALAC;45.3748899;16.134223
310263;KLASNIĆ;45.2352343;16.1521596
310271;KOZAPEROVICA;45.2453623;16.1973978
310280;MAJA;45.2850399;16.1548401
310298;MAJSKE POLJANE;45.3431349;16.1307797
310301;MAJSKI TRTNIK;45.3187643;16.1765943
310310;MALA SOLINA;45.3961992;16.0830265
310328;MALI GRADAC;45.2404134;16.2362598
310336;MARINBROD;45.3846092;16.1458465
310344;MARTINOVIĆI;45.2953616;16.2498152
310352;NOVO SELO GLINSKO;45.363595;16.1746532
310379;OBLJAJ;45.2353954;16.0429336
310387;POKUPSKA SLATINA;45.472378;16.0181397
310395;PREKOPA;45.3618618;16.1139909
310409;PRIJEKA;45.2863449;16.102314
310417;RAVNO RAŠĆE;45.3051543;16.1504848
310425;ROVIŠKA;45.3169503;16.1362486
310433;SKELA;45.3072506;16.0351976
310441;STANKOVAC;45.4242909;16.0838693
310450;SVRAČICA;45.2753927;16.1358061
310468;ŠAŠEVA;45.265939;16.0493005
310476;ŠATORNJA;45.3498472;16.0104284
310484;ŠIBINE;45.2956627;16.084043
310492;TABORIŠTE;45.431587;16.0138427
310506;TRTNIK GLINSKI;45.332004;16.172866
310514;TURČENICA;45.3787217;16.0053864
310522;VELIKA SOLINA;45.3962963;16.056783
310549;VELIKI GRADAC;45.270555;16.2611436
310557;VIDUŠEVAC;45.3673767;16.0612458
310565;VLAHOVIĆ;45.3167524;16.1988767
310573;ZALOJ;45.4600981;16.0388461
310581;BARLETE;44.5400698;15.4699987
310590;BAŠKE OŠTARIJE;44.5571828;15.1662923
310603;BILAJ;44.5161992;15.4426065
310611;BREZIK;44.4330093;15.5014052
310620;BRUŠANE;44.4956626;15.2500837
310638;BUŽIM;44.5871639;15.2324261
310646;CESARICA;44.5772933;15.0780624
310654;DEBELO BRDO;44.5392598;15.3076476
310662;DIVOSELO;44.4880465;15.3682102
310689;DONJE PAZARIŠTE;44.6474254;15.1435317
310697;DONJI KOSINJ;44.7716118;15.2372089
310719;DRENOVAC RADUČKI;44.4175813;15.5859493
310727;GORNJE PAZARIŠTE;44.6626794;15.2087245
310735;GORNJI KOSINJ;44.7115088;15.1558203
310743;GOSPIĆ;44.5477324;15.372602
310751;KALUĐEROVAC;44.6610565;15.3183173
310760;KARLOBAG;44.5286832;15.0727104
310778;KLANAC;44.6217466;15.3059241
310786;KONJSKO BRDO;44.698392;15.4515614
310794;KRUŠČICA;44.6695763;15.2479384
310808;KRUŠKOVAC;44.437292;15.5756186
310816;KUKLJIĆ;44.3868958;15.5125309
310824;KVARTE;44.6794204;15.3698194
310832;LIČKI ČITLUK;44.434946;15.3761991
310859;LIČKI NOVI;44.510644;15.3261979
310867;LIČKI OSIK;44.600676;15.4077487
310875;LIČKI RIBNIK;44.4885414;15.4613585
310883;LIPE;44.5461571;15.4056417
310891;LIPOVO POLJE;44.7488275;15.1614897
310905;LUKOVO ŠUGARJE;44.4396277;15.1891542
310913;MEDAK;44.4504295;15.5352697
310921;MLAKVA;44.6786129;15.2802831
310930;MOGORIĆ;44.4991957;15.591433
310948;MUŠALUK;44.6107517;15.3726826
310956;OSTRVICA;44.5691283;15.465955
310964;PAVLOVAC VREBAČKI;44.5062997;15.5270128
310972;PERUŠIĆ;44.6462863;15.389863
310999;POČITELJ;44.429372;15.4439816
311006;RADUČ;44.3796724;15.5853308
311014;SMILJAN;44.5708902;15.3216966
311022;STUDENCI;44.7177026;15.3811376
311049;ŠIROKA KULA;44.628075;15.4879228
311057;TRNOVAC;44.538548;15.2577188
311065;VREBAC;44.5448303;15.5305412
311073;BRUVNO;44.402939;15.9394373
311081;LIČKO CERJE;44.349982;15.6983295
311090;DERINGAJ;44.3686251;15.8769596
311103;DUBOKI DOL;44.2318798;15.9583841
311111;GLOGOVO;44.3185306;15.9735446
311120;GRAB;44.268735;15.9321758
311138;GRAČAC;44.280827;15.8502807
311146;KIJANI;44.3230437;15.9182311
311154;KIK;44.4256637;15.6336743
311162;KOM;44.1694746;16.0185802
311189;LOVINAC;44.3970307;15.6823125
311197;MAZIN;44.461005;15.9607569
311219;OMSICA;44.3578517;15.9522166
311227;PALANKA;44.1342707;16.0688325
311235;GORNJA PLOČA;44.4569523;15.6436219
311243;PRIBUDIĆ;44.142161;16.1088179
311251;PRLJEVO;44.2062126;16.1129054
311260;RIČICE;44.3389673;15.7625357
311278;RUDOPOLJE BRUVANJSKO;44.4099505;15.8248064
311286;SMOKRIĆ;44.3947079;15.7426246
311294;SVETI ROK;44.3262814;15.6360302
311308;ŠTIKADA;44.2852837;15.7752604
311316;TOMINGAJ;44.3468464;15.8395938
311324;VELIKA POPINA;44.2869922;16.0409311
311332;VRANIK;44.4306821;15.6961671
311359;VRELO;44.2142654;16.049189
311367;ZRMANJA;44.1605689;16.0731733
311375;BRZAJA;45.8444898;17.1662397
311383;CREMUŠINA;45.8113413;17.2172935
311391;DAPČEVICA;45.7371161;17.2840035
311405;DONJA KOVAČICA;45.7495615;17.0101028
311413;DRAŽICA;45.7227316;16.9808937
311421;GORNJA KOVAČICA;45.7731049;17.1097909
311430;GRBAVAC;45.7231794;17.0939675
311448;GRUBIŠNO POLJE;45.7052608;17.1826798
311456;MALA BARNA;45.7401651;17.218612
311464;MALA JASENOVAČA;45.7491142;17.2028486
311472;MALA PERATOVICA;45.7265096;17.233368
311499;MALA PISANICA;45.7783905;16.9963877
311502;MALI GRĐEVAC;45.7809781;17.1740964
311529;MALI ZDENCI;45.6845287;17.1286685
311537;PAVLOVAC;45.7074631;17.0613904
311545;RAŠENICA;45.684565;17.2455725
311553;SIBENIK;45.8097893;17.1843286
311561;TOPOLOVICA;45.7851859;17.2219072
311570;TURČEVIĆ POLJE;45.7146758;17.335229
311588;VELIKA BARNA;45.7434571;17.1448313
311596;VELIKA PERATOVICA;45.7744384;17.2489443
311600;VELIKI GRĐEVAC;45.7494501;17.0548022
311618;VELIKI ZDENCI;45.662187;17.0746443
311626;ZRINSKA;45.7972771;17.1424669
311634;BOGOMOLJE;43.1290485;17.0211194
311642;BRUSJE;43.1924552;16.4970771
311669;DOL;43.1666396;16.6155871
311677;GDINJ;43.1331991;16.9315597
311685;GRABLJE;43.1636256;16.5342191
311693;HVAR;43.1762385;16.4259614
311707;JELSA;43.1468882;16.7343517
311715;PITVE;43.1196214;16.6902712
311723;STARI GRAD;43.193952;16.5916069
311731;SUĆURAJ;43.126788;17.1273381
311740;SVIRČE;43.1464487;16.608473
311758;VRBANJ;43.1886094;16.6490774
311766;VRBOSKA;43.1819343;16.6699337
311774;VRISNIK;43.1430301;16.6497847
311782;ZASTRAŽIŠĆE;43.1398776;16.8369334
311804;ARŽANO;43.5758435;16.9894883
311812;BIORINE;43.5443707;16.8329841
311839;CISTA;43.5237319;16.9097155
311847;DOBRANJE;43.5586326;16.9052061
311855;GLAVINA GORNJA;43.4675146;17.2075208
311863;IMOTSKI-GLAVINA;43.4409873;17.2034325
311871;KRSTATICE;43.370388;17.1343783
311880;LOKVIČIĆ;43.4712623;17.0804255
311898;LOVREĆ;43.4932191;17.009723
311901;MEDOVDOLAC;43.4368325;17.0596482
311910;OPANCI;43.4734459;16.9864077
311928;PODBABLJE;43.4108439;17.1839586
311936;POLJICA;43.4163702;17.1311557
311944;POSTRANJE;43.4696016;17.1256067
311952;PROLOŽAC;43.473269;17.17088
311979;RIČICE;43.5116707;17.104629
311987;RUNOVIĆ;43.3801523;17.2294475
311995;SLIVNO;43.3408754;17.2273127
312002;STUDENCI;43.5328725;17.0345488
312029;SVIB;43.5487564;16.9576704
312037;VINJANI;43.4523318;17.2526597
312045;ZAGVOZD;43.3903233;17.0436932
312053;ŽUPA;43.3351471;17.1088788
312061;BEDNJA;46.2398166;15.9731871
312070;CERJE TUŽNO;46.2408554;16.2029719
312088;ČALINEC;46.2945323;16.1898854
312096;DONJA VIŠNJICA;46.301483;16.0246672
312100;DONJA VOĆA;46.2958251;16.1106058
312118;DONJE LADANJE;46.3011562;16.1653926
312126;DRUŠKOVEC;46.2623638;16.1584582
312134;GORNJA VIŠNJICA;46.2951454;15.9883552
312142;GORNJA VOĆA;46.3189797;16.066831
312169;IVANEC;46.21394;16.1479812
312177;JEROVEC;46.240132;16.0839056
312185;KAMENICA;46.2550979;16.0227862
312193;KANIŽA;46.2113185;16.1000719
312207;KLENOVNIK;46.2698809;16.0790707
312215;LEPOGLAVA;46.2084885;16.0553381
312223;OČURA;46.2027939;16.0144343
312231;MARUŠEVEC;46.2797817;16.2051599
312240;RADOVAN;46.2188723;16.233998
312258;RINKOVEC;46.2161017;15.997773
312266;ŠAŠA;46.2414852;15.9196653
312274;TRAKOŠĆAN;46.2770291;15.9328651
312282;BEŠLINEC;45.7753252;16.4197005
312304;BREŠKA GREDA;45.706008;16.3414112
312312;CAGINEC;45.7113044;16.4554607
312339;HRASTILNICA;45.6254991;16.4708672
312347;IVANIĆ-GRAD;45.7057269;16.3930523
312355;KLOŠTAR IVANIĆ;45.7423213;16.4022386
312363;KRIŽ;45.6604698;16.511344
312371;LEPŠIĆ;45.7293653;16.3573131
312380;LIJEVI DUBROVČAK;45.6412067;16.3416314
312398;NOVA MARČA;45.7542527;16.5088205
312401;NOVOSELEC;45.6649009;16.570209
312410;OBREŠKA;45.765143;16.4721828
312428;OKEŠINEC;45.6288569;16.5203652
312436;OPATINEC;45.7105131;16.3676953
312444;POSAVSKI BREGI;45.6820221;16.3480251
312452;PREČNO;45.6582014;16.3050611
312479;ŠARAMPOV;45.6728448;16.4207458
312487;ŠIRINEC;45.6874303;16.4907758
312495;ŠUMEĆANI;45.7132608;16.5103031
312509;ŠUŠNJARI;45.6879039;16.5374533
312517;TOPOLJE;45.6324731;16.3972551
312525;TREBOVEC;45.7137958;16.3100645
312533;BRLENIĆ;45.6276374;15.5449515
312541;CVETKOVIĆ;45.6262562;15.6852361
312550;ČEGLJE;45.6180108;15.6117938
312568;DESINEC;45.685396;15.69647
312576;DOMAGOVIĆ;45.622452;15.6459578
312584;DONJA KUPČINA;45.5611127;15.7936065
312592;GORNJA KUPČINA;45.6350598;15.5655677
312606;JASTREBARSKO;45.6674627;15.6605725
312614;KALJE;45.7702469;15.4475808
312649;KOSTANJEVAC;45.7036395;15.4616247
312665;KUPINEC;45.6351019;15.8121914
312673;LIJEVO SREDIČKO;45.5484314;15.8915879
312681;LUČELNICA;45.5937759;15.9156724
312690;MAHOVLJIĆ;45.7095374;15.4221866
312703;MIRKOPOLJE;45.6168295;15.5299647
312711;MRZLO POLJE ŽUMBERAČKO;45.7722877;15.4881947
312720;PEĆNO;45.7376406;15.5088958
312738;PETROVINA;45.6764142;15.580479
312754;PLEŠIVICA;45.7311041;15.6422126
312762;PLEŠIVIČKA REKA;45.6960593;15.6533224
312789;PREKRIŽJE;45.6812753;15.4775821
312797;PRIBIĆ;45.6804485;15.52468
312819;SLAVETIĆ;45.7112163;15.5471743
312827;SOŠICE;45.7473815;15.3763422
312835;SVETA JANA;45.7192711;15.5944664
312843;VELIKA JAMNIČKA;45.6177908;15.8675962
312851;VOLAVJE;45.6579761;15.6068455
312860;ZDENČINA;45.632563;15.7497277
312878;ŽELJEZNO ŽUMBERAČKO;45.7278597;15.4731146
312886;ŽUMBERAK;45.7555309;15.4228936
312894;BAĆINA;43.0792368;17.3968276
312908;BRIST;43.1288192;17.3497031
312916;GRADAC;43.1104198;17.3663218
312932;PASIČINA;43.1312312;17.4102549
312959;PLINA;43.0857267;17.4729327
312967;PLOČE;43.0514056;17.4387231
312975;PODACA;43.1382048;17.3221192
312983;BANSKA SELNICA;45.5043448;15.7318754
312991;BANSKI KOVAČEVAC;45.4966805;15.7875242
313009;BANSKI MORAVCI;45.4718013;15.7486385
313017;BLATNICA POKUPSKA;45.5320794;15.7266302
313025;BUDAČKA RIJEKA;45.3042865;15.6184852
313033;BURIĆ SELO;45.2704462;15.6373258
313041;CEROVAC VUKMANIČKI;45.4306997;15.6097899
313050;DONJE MEKUŠJE;45.5116947;15.6027698
313068;DONJE POKUPJE;45.5442306;15.5581112
313076;DONJI BUDAČKI;45.3638902;15.589702
313084;DONJI SJENIČAK;45.4356928;15.7707531
313092;DRAGANIĆ;45.5746387;15.6471042
313106;GORNJE MEKUŠJE;45.4803458;15.5817194
313114;GORNJE STATIVE;45.5046151;15.485962
313122;GORNJI BUDAČKI;45.2767418;15.6107217
313149;GORNJI SJENIČAK;45.4083172;15.799695
313157;GORNJI SKRAD;45.3025947;15.5596349
313165;KAMENSKO;45.4643595;15.6101838
313173;KARLOVAC I;45.5139622;15.5479457
313181;KARLOVAC II;45.4849365;15.550215
313190;KRNJAK;45.3348315;15.5926835
313203;LUKA POKUPSKA;45.5340983;15.6846679
313211;MAHIČNO;45.5705031;15.5447768
313220;MALA ŠVARČA;45.4521659;15.5356563
313238;POLJANA VOJNIĆKA;45.3224523;15.6398556
313246;POPOVIĆ BRDO;45.4617312;15.645487
313254;REČICA;45.5122537;15.6476618
313262;SJENIČAK LASINJSKI;45.4585866;15.8076089
313289;SKAKAVAC;45.4776067;15.698969
313297;ŠIŠLJAVIĆ;45.5416087;15.7540994
313319;TREBINJA;45.4385888;15.666608
313327;TURANJ;45.4442499;15.5795014
313335;TUŠILOVIĆ;45.3854487;15.6354968
313343;UTINJA;45.4263271;15.7244184
313351;VELIKA CRKVINA;45.3140613;15.5265961
313360;VELIKA JELSA;45.5241718;15.5201212
313378;VUKMANIĆ;45.411369;15.6471834
313386;ZADOBARJE;45.5412723;15.4978042
313394;ZAGORJE;45.2678416;15.5917753
313408;ZAGRAD;45.4776794;15.5167061
313416;ZIMIĆ;45.3534096;15.6447884
313424;BOGDANOVIĆI;43.6592635;16.2293169
313432;DIVOJEVIĆI;43.6765544;16.259718
313467;KAŠTEL KAMBELOVAC;43.5602643;16.3840683
313475;KAŠTEL LUKŠIĆ;43.5772282;16.3610788
313483;KAŠTEL NOVI;43.5665258;16.3083691
313491;KAŠTEL STARI;43.5676332;16.3368916
313505;KAŠTEL SUĆURAC;43.5542603;16.4307347
313513;KAŠTEL ŠTAFILIĆ;43.5526431;16.2900646
313521;KLADNJICE;43.6756017;16.3155495
313530;LABIN;43.5817148;16.2444362
313548;LEĆEVICA;43.6369099;16.3284327
313556;PRGOMET;43.6082018;16.2402532
313564;PRIMORSKI DOLAC;43.6350886;16.1782019
313572;RADOŠIĆ;43.6039196;16.3101764
313599;SITNO;43.6728883;16.1622523
313602;TROLOKVE;43.6312198;16.249645
313629;ČREŠNJEVEC;46.0866399;15.7648899
313637;KLANJEC;46.0484877;15.7405065
313645;KRALJEVEC NA SUTLI;45.9859933;15.7307378
313653;SVETI KRIŽ;46.0636138;15.7600966
313661;MILJANA;46.1208495;15.6313934
313670;NOVI DVORI KLANJEČKI;46.0173962;15.7334602
313688;POLJANA SUTLANSKA;46.1482733;15.6145498
313696;RADAKOVO;45.9912032;15.7678027
313700;RAVNO BREZJE;46.0727578;15.7073984
313718;RAZVOR;46.0864843;15.674139
313726;TOMAŠEVEC;46.0362438;15.7701199
313734;TUHELJ;46.0823421;15.7301978
313742;ZAGORSKA SELA;46.0988547;15.6441302
313769;BIOVIČINO SELO;44.0537241;15.9257464
313777;BISKUPIJA;44.0080506;16.2400635
313785;CETINA;43.9908369;16.4629327
313793;CIVLJANE;43.9401284;16.3864452
313807;ERVENIK DONJI;44.0917953;15.9269068
313815;ĐEVRSKE;43.9735876;15.8509037
313823;GOLUBIĆ;44.1106315;16.2453925
313831;ERVENIK GORNJI;44.1349799;15.959913
313840;IVOŠEVCI;44.0258493;15.98903
313858;KIJEVO;44.0089284;16.3818505
313866;KISTANJE;43.9805713;15.9497921
313874;KNIN;44.043803;16.2076376
313882;KNINSKO POLJE;44.0690314;16.2653254
313904;KOLAŠAC;44.0265939;15.9070602
313912;MODRINO SELO;44.0574354;15.8798271
313939;MOKRO POLJE;44.0936609;16.0322774
313947;NUNIĆ;44.0149434;15.8646472
313955;OĆESTOVO;44.0525232;16.1243923
313963;ORLIĆ;43.9773192;16.2478214
313971;OTON;44.1125604;16.1194499
313980;PAĐENE;44.0815908;16.0960151
313998;PLAVNO;44.1696276;16.1810505
314005;POLAČA;44.0461949;16.3289332
314013;RADLJEVAC;44.1140195;16.1635598
314021;RADUČIĆ;44.0346955;16.0701068
314030;RAMLJANE;43.9704234;16.1848314
314048;RIĐANE;43.939833;16.2804905
314056;SMRDELJE;43.9472207;15.9032521
314064;STRMICA;44.1624507;16.2545621
314072;TURIĆ;43.9649349;16.2900032
314099;UZDOLJE;43.9325586;16.201631
314102;VRBNIK;44.0149373;16.1765869
314129;ZVJERINAC;43.9539112;16.2173157
314137;ŽAGROVIĆ;44.0713017;16.1738194
314145;BOTINOVAC;46.1189928;16.6384554
314153;BOTOVO;46.2249924;16.9234675
314161;BRANJSKA;46.0776536;16.6924552
314170;KOPRIVNIČKI BREGI;46.1382659;16.8997362
314188;DELOVI;46.1215041;16.9539366
314196;DRNJE;46.2201;16.9322772
314200;DUGA RIJEKA;46.1832263;16.5806751
314218;ĐELEKOVEC;46.2529159;16.8647011
314226;GLOGOVAC;46.106183;16.8558196
314234;GOLA;46.196646;17.0301968
314242;GORICA;46.2192944;16.7199367
314269;GOTALOVO;46.216653;16.97597
314277;HEREŠIN;46.1770358;16.8711462
314285;HLEBINE;46.1518892;16.9921192
314293;HUDOVLJANI;46.0687539;16.8083831
314307;IMBRIOVEC;46.2519821;16.8239055
314315;JAGNJEDOVEC;46.0915802;16.7849607
314323;JAVOROVAC;46.0702179;16.897666
314331;KOLEDINEC;46.2413924;16.7821983
314340;KOPRIVNICA;46.1619654;16.8244532
314358;KOPRIVNIČKI IVANEC;46.2114975;16.8203683
314366;KUNOVEC;46.2109375;16.7792982
314374;KUTNJAK;46.2677679;16.7815641
314382;KUZMINEC;46.2362962;16.7554982
314404;LEGRAD;46.2888587;16.8750321
314412;LEPAVINA;46.0884677;16.6818024
314439;MALA MUČNA;46.0642381;16.7490632
314447;NOVAČKA;46.1729582;17.0716281
314455;NOVIGRAD PODRAVSKI;46.0885574;16.9605983
314463;PETERANEC;46.1873169;16.8864248
314471;PLAVŠINAC;46.102185;16.9095233
314480;PRKOS;46.18108;16.6617911
314498;RASINJA;46.1871755;16.6988601
314501;REKA;46.1303843;16.7727992
314510;SELNICA PODRAVSKA;46.2943085;16.7836381
314528;SIGETEC;46.1833392;16.9615277
314536;SOKOLOVAC;46.1185356;16.6966069
314544;SRIJEM;46.0663629;16.7128894
314552;SUBOTICA PODRAVSKA;46.1746089;16.7334579
314579;TORČEC;46.2231725;16.8821715
314587;VELIKA MUČNA;46.1312095;16.7332793
314595;VELIKI GRABIČANI;46.1744512;16.6361958
314609;VELIKI OTOK;46.282531;16.8273752
314617;VELIKI POGANAC;46.1569242;16.6182914
314625;ZABLATJE;46.265906;16.8061068
314633;BLATO;42.9348924;16.7674056
314641;ČARA;42.9469456;16.9486069
314650;KORČULA;42.9511128;17.1503797
314668;KUČIŠTE;42.9890931;17.1327693
314676;LUMBARDA;42.9234625;17.1589152
314684;NAKOVANJ;43.0133409;17.0679257
314692;OREBIĆ;42.988229;17.1794678
314706;PODGORJE;42.9843521;17.1597725
314714;PUPNAT;42.9453829;17.0255342
314722;RAČIŠĆE;42.9714405;17.0224491
314749;SMOKVICA;42.9290073;16.8796859
314757;STANKOVIĆ;42.9888158;17.2089707
314765;VELA LUKA;42.9648676;16.702844
314773;VIGANJ;42.9884209;17.0909039
314781;ŽRNOVO;42.9363256;17.0995109
314790;BABINA RIJEKA;45.2467729;16.428063
314803;BAĆIN;45.2119831;16.7521137
314811;BJELOVAC;45.2878758;16.4728387
314820;BOROJEVIĆI;45.2879633;16.3877106
314838;CEROVLJANI;45.2214845;16.7841168
314846;ČUKUR;45.2256404;16.4957013
314854;DONJA VELEŠNJA;45.2455351;16.491533
314862;DUBICA;45.238408;16.8109929
314889;GORNJA VELEŠNJA;45.2341015;16.4543935
314897;GORNJI HRASTOVAC;45.303407;16.5535436
314919;GRABOŠTANI;45.2772021;16.5446137
314927;KNEZOVLJANI;45.307761;16.4206022
314935;KOMOGOVINA;45.3014685;16.3758691
314943;KOSTAJNICA;45.232403;16.5593178
314951;MAJUR;45.2546934;16.5294462
314960;KRČEVO;45.2890012;16.5189917
314978;KUKURUZARI;45.2662913;16.4865646
314986;LOVČA;45.2485872;16.3576147
314994;MEČENČANI;45.2713421;16.4050483
315001;MEMINSKA;45.2824334;16.5918276
315010;MRAČAJ;45.2756863;16.5715427
315028;PANJANI;45.2437033;16.51666
315036;PREVRŠAC;45.2606658;16.4202019
315044;RAUSOVAC;45.2586213;16.6121581
315052;SELIŠTE KOSTAJNIČKO;45.2505487;16.5766973
315079;SLABINJA;45.2133894;16.6799376
315087;STUBALJ;45.268452;16.5371023
315095;SVINICA;45.3121923;16.4919506
315109;UMETIĆ;45.3004586;16.4415983
315117;UTOLICA;45.2428472;16.6403693
315125;ŽIVAJA;45.2531151;16.7273911
315133;ĐURMANEC;46.2284559;15.8423501
315141;GORNJA PAČETINA;46.1153877;15.8791258
315150;HLEVNICA;46.2239202;15.803816
315168;JESENJE;46.2207102;15.8980656
315176;KRAPINA;46.1743673;15.8688166
315184;KRAPINA-GRAD;46.1633242;15.8703299
315192;PETROVSKO;46.1691905;15.8339385
315206;PUTKOVEC;46.1885268;15.8054116
315214;RADOBOJ;46.1661729;15.9130698
315222;SVEDRUŽA;46.1558147;15.8109294
315249;ŠEMNICA;46.1623472;15.942641
315257;ŠKARIĆEVO;46.1289;15.8475324
315273;APATOVEC;46.1462553;16.5731722
315281;BOČKOVEC;46.0778925;16.5055481
315290;BOJNIKOVEC;45.9967558;16.5014062
315303;BORJE;46.1247069;16.4370448
315311;CAREVDAR;46.077056;16.6494187
315320;CIRKVENA;45.9352056;16.6469118
315338;CUBINEC;45.9792815;16.5552422
315346;SVETI PETAR ČVRSTEC;45.9984851;16.6723562
315354;DIJANKOVEC;46.040846;16.4797099
315362;DONJA BRCKOVČINA;46.0101755;16.5042912
315389;DUBOVEC;46.00315;16.451391
315397;ĐURĐIC;46.0052667;16.5834861
315419;ERDOVEC;46.0262468;16.4768763
315427;FINČEVEC;46.0996559;16.4249145
315435;FODROVEC;46.0489111;16.4014912
315443;GLOGOVNICA;46.093901;16.553718
315451;GORNJA RIJEKA;46.1064589;16.3897403
315460;GREGUROVEC;46.0231864;16.4182815
315478;GUŠČEROVEC;46.056123;16.4859769
315486;SVETA HELENA;46.0899371;16.5312558
315494;HRSOVO;45.9398279;16.6907216
315508;KALNIK;46.127384;16.477081
315516;KAMEŠNICA;46.1106862;16.5016875
315524;KLOŠTAR VOJAKOVAČKI;46.0379318;16.628617
315532;KRIŽEVCI;46.0332481;16.5329983
315559;LEMEŠ;46.0098125;16.4792912
315567;LUKAČEVEC;46.0823296;16.4067321
315575;MAJUREC;46.0342847;16.590493
315583;MARINOVEC;46.1147877;16.5688788
315591;MEĐA;46.0569222;16.4640274
315605;MIHOLEC;46.0578139;16.4351699
315613;MIKOVEC;46.0868036;16.4815998
315621;NOVI GLOG;45.9645391;16.6680252
315630;SVETI PETAR OREHOVEC;46.0895206;16.4507334
315648;OSIJEK VOJAKOVAČKI;46.1445887;16.530212
315656;PODVINJE MIHOLEČKO;46.0684883;16.4247644
315664;POFUKI;46.0686513;16.3628401
315672;POTOČEC;46.0571282;16.5714054
315699;POTOK KALNIČKI;46.1119482;16.4835162
315702;RAŠĆANI;46.0294891;16.6487186
315729;RAVEN;45.977873;16.4789512
315737;RUŠEVAC;46.0295301;16.6964456
315745;SUDOVEC;46.1136409;16.3575012
315753;ŠPIRANEC;45.9833601;16.5192071
315761;ŠTRIGOVEC;46.0936048;16.414352
315770;TREMA;45.9962978;16.6157578
315788;VOJAKOVAC;46.082374;16.6054281
315796;VOJAKOVAČKE SESVETE;46.0571017;16.668504
315800;VOJNOVEC KALNIČKI;46.1221308;16.4222159
315818;ZAISTOVEC;46.0357525;16.3654013
315826;SVETI IVAN ŽABNO;45.9536784;16.5977962
315834;BAŠKA;44.9549728;14.7868834
315842;BATOMALJ;44.9744631;14.7131281
315869;BOGOVIĆI;45.1050733;14.5438206
315877;DOBRINJ;45.1160616;14.5820207
315885;DRAGA BAŠĆANSKA;45.0226539;14.7246792
315893;GARICA;45.0813997;14.6174424
315907;KORNIĆ;45.0604499;14.5909032
315915;KRK;44.9963315;14.55294
315923;KRK-GRAD;45.0244094;14.5711008
315931;LINARDIĆI;45.067352;14.4551404
315940;MIHOLJICE;45.1477335;14.5568176
315958;OMIŠALJ;45.1949162;14.5739246
315966;POLJICA;45.0776647;14.4890879
315974;PUNAT;45.0048023;14.6448007
315982;SKRBČIĆI;45.0427496;14.4902533
316008;SOLINE;45.1342618;14.6324578
316016;STARA BAŠKA;44.9714437;14.6768671
316024;SUŽAN;45.1636899;14.5948603
316032;SVETI ANTON;45.1012283;14.5041863
316059;VRBNIK;45.0690164;14.6620281
316067;VRH;45.0419385;14.5348996
316075;BANOVA JARUGA;45.4463162;16.8968578
316083;BATINA;45.4642241;16.8172274
316091;ČAIRE;45.5599989;16.8038971
316105;GORNJA JELENSKA;45.6061207;16.6919399
316113;GRABROV POTOK;45.5867039;16.5907804
316121;GRAČENICA;45.4976077;16.6798695
316130;HUSAIN;45.4766845;16.8115009
316148;ILOVA;45.456315;16.8302339
316156;JAMARICA;45.4281414;16.950032
316164;JANJA LIPA;45.430968;16.9944385
316172;KATOLIČKO SELIŠĆE;45.6272412;16.6486085
316199;KUTINA;45.4533003;16.7572334
316202;KUTINICA;45.6033837;16.7867158
316229;LUDINA;45.6037216;16.599139
316237;MEĐURIĆ;45.4587416;16.9293516
316245;MIKLEUŠKA;45.5671419;16.7286962
316253;OKOLI;45.5656917;16.5004386
316261;OSEKOVO;45.504096;16.61215
316270;POPOVAČA;45.5682613;16.6273666
316288;POTOK;45.5562066;16.57029
316296;REPUŠNICA;45.4755882;16.7176797
316300;RUŠKOVICA;45.6517532;16.6293532
316318;SELIŠTE;45.5580042;16.7689354
316326;STRUŽEC;45.5277282;16.5372061
316334;STUPOVAČA;45.5392345;16.8428768
316342;ŠARTOVAC;45.5098272;16.8047595
316369;VIDRENJAK;45.6128334;16.5713287
316377;VOLODER;45.5443423;16.6691567
316385;ZBJEGOVAČA;45.4707865;16.877703
316393;BRDO;45.2308095;14.1246231
316407;CERE;45.1075693;14.0798482
316415;ČEPIĆ;45.2062013;14.1278984
316423;DIMINIĆI;44.9862054;14.0926553
316431;GROBNIK;45.2460651;14.0976657
316440;JESENOVIK;45.2261725;14.1802402
316458;KOŽLJAK;45.1809253;14.1820353
316466;KRBUNE;45.2320231;14.0729539
316474;KRŠAN;45.1779101;14.1199266
316482;KUNJ;45.0839974;14.050386
316512;LETAJ;45.2602873;14.1150185
316539;MALA KRASKA;45.1999442;14.1787539
316547;MARTINSKI;45.12208;14.0382
316555;MOST RAŠA;45.0589949;14.0450971
316563;NEDEŠĆINA;45.1282545;14.1231315
316571;NOVA VAS;45.2481867;14.1679906
316580;NOVI LABIN;45.1027098;14.118081
316598;PIĆAN;45.187538;14.0459602
316601;PLOMIN;45.1470409;14.1734727
316610;PRKUŠNICA;45.0485413;14.120034
316628;RABAC;45.0812825;14.1616703
316636;RIPENDA;45.1081981;14.1658486
316644;SANTALEZI;45.1338724;14.0955514
316652;SKITAČA;44.9984404;14.1376057
316679;ŠUMBER;45.1554414;14.0741048
316687;ŠUŠNJEVICA;45.2584745;14.153152
316695;TRGET;45.0452674;14.0773458
316709;TUPLJAK;45.2137897;14.0909372
316717;LASTOVO;42.7550717;16.8448451
316725;BOLFAN;46.2163969;16.6771154
316733;ČUKOVEC;46.2288193;16.650101
316741;MARTIJANEC;46.2682967;16.5268119
316750;SVETI ĐURĐ;46.2901183;16.6073443
316768;GORNJI MARTIJANEC;46.2459915;16.5175321
316776;HRASTOVLJAN;46.2949699;16.5301167
316784;HRASTOVSKO;46.2491467;16.5836618
316792;HRŽENICA;46.3077864;16.57156
316806;KRIŽOVLJAN;46.2639071;16.5639818
316814;LUDBREG;46.2542547;16.6238106
316822;KOMARNICA LUDBREŠKA;46.285387;16.5785048
316849;SESVETE LUDBREŠKE;46.2818428;16.6591075
316857;KARLOVEC LUDBREŠKI;46.2946613;16.6255044
316865;SIGETEC LUDBREŠKI;46.2597814;16.6495028
316873;LUNJKOVEC;46.2416012;16.7184022
316881;MALI BUKOVEC;46.2925522;16.7473856
316890;SVETI PETAR;46.2501242;16.7066671
316903;KAPELA PODRAVSKA;46.2923859;16.686728
316911;NOVO SELO PODRAVSKO;46.2690447;16.7272981
316920;SELNIK;46.2705553;16.6079642
316938;SLANJE;46.2202702;16.545419
316946;SLOKOVEC;46.2554374;16.6644223
316954;STRUGA;46.3047705;16.6552628
316962;VELIKI BUKOVEC;46.296719;16.713871
316989;VINOGRADI LUDBREŠKI;46.2227644;16.5950673
316997;BAST-BAŠKA VODA;43.3540164;16.9823364
317004;BRELA;43.3954175;16.9315998
317012;DRAŠNICE;43.2260196;17.1285721
317039;DRVENIK;43.1732228;17.2442368
317047;IGRANE;43.2245124;17.1566139
317055;KOTIŠINA;43.3033633;17.0587711
317063;MAKARSKA-MAKAR;43.3094559;17.0383387
317071;PODGORA;43.2560765;17.1135017
317080;TUČEPI;43.2832864;17.0848753
317098;VELIKO BRDO;43.3303123;17.0208241
317101;ZAOSTROG;43.1566568;17.3028601
317110;ŽIVOGOŠĆE;43.196016;17.185983
317128;BOROVCI;43.1011744;17.5464966
317136;DESNE;43.057427;17.5596689
317144;DOBRANJE;42.9966171;17.6701404
317152;METKOVIĆ;43.0562455;17.6236814
317179;OPUZEN;43.023332;17.5833535
317187;SLIVNO;42.9719193;17.5542131
317195;STRUGE;43.1319319;17.5067436
317209;VID;43.0867586;17.6063366
317217;VIDONJE;42.9783537;17.6241278
317225;BELJEVINA;45.561572;18.0173356
317233;BOKŠIĆ;45.6028493;18.0408637
317241;BREZNICA NAŠIČKA;45.535983;18.1751516
317250;BUDIMCI;45.4713449;18.3264832
317268;CEREMOŠNJAK;45.4379128;18.1137047
317276;DONJA MOTIČINA;45.5003295;18.014182
317284;FERIČANCI;45.5274868;17.9849757
317292;GAZIJE;45.4813124;17.9303048
317306;GORNJA MOTIČINA;45.4625367;17.9514639
317314;GRADAC NAŠIČKI;45.4333356;18.0012538
317322;GRANICE;45.4001652;18.1133225
317349;KLOKOČEVCI;45.5799379;18.1334797
317357;KOŠKA;45.5489203;18.2929008
317365;KRŠINCI;45.4450256;18.1652049
317373;LONDŽICA;45.4142473;18.0546866
317381;MARTIN;45.5110086;18.0608437
317390;NAŠICE;45.5021725;18.106372
317403;NIZA;45.5543751;18.2316976
317411;OSTROŠINCI;45.4321347;18.1978862
317446;POGANOVCI;45.4889125;18.3990253
317454;PRIBIŠEVCI;45.5324328;18.0777631
317462;RAZBOJIŠTE;45.4450279;18.2511838
317489;SEONA;45.4626378;18.001
317519;LUG SUBOTIČKI;45.5060887;18.3321983
317535;ŠAPTINOVCI;45.5938999;18.0769843
317543;VUKOJEVCI;45.4715104;18.1482106
317551;ZOLJAN;45.4602251;18.0501074
317560;ADŽAMOVCI;45.2426364;17.4497239
317578;BAĆIN DOL;45.3004239;17.4361171
317586;BANIĆEVAC;45.3278926;17.4750647
317594;BATRINA;45.1917879;17.6704192
317608;BENKOVAC;45.310534;17.1978958
317616;BIJELA STIJENA;45.3425102;17.1936977
317624;BILI BRIG;45.2237946;17.6110861
317632;BOBARE;45.3574574;17.2746679
317659;BODEGRAJ;45.2709183;17.1822116
317667;BODOVALJCI;45.2045489;17.4426212
317675;BRĐANI;45.2593909;17.4867969
317683;CAGE;45.2904135;17.2140958
317691;CERNIK;45.2909689;17.3855296
317705;CRNOGOVCI;45.2119632;17.486955
317713;ČAPRGINCI;45.3185936;17.2325724
317721;ČOVAC;45.2223301;17.1370731
317730;DAVOR;45.1291508;17.527199
317748;DOLINA;45.1448482;17.3875023
317756;DONJI BOGIĆEVCI;45.2277375;17.2516084
317764;DONJI LIPOVAC;45.2223798;17.6522371
317772;DONJI VAROŠ;45.1736082;17.2568359
317799;DRAGALIĆ;45.2440232;17.2796768
317802;DRAGOVCI;45.2167339;17.6900806
317829;DUBOVAC;45.2276704;17.216444
317837;GILETINCI;45.318231;17.358543
317845;GODINJAK;45.2382727;17.4911953
317853;GOLOBRDAC;45.3731292;17.4215224
317861;GORICE;45.2111905;17.2951872
317870;TRNAVA;45.2742055;17.2861448
317888;GORNJI BOGIĆEVCI;45.2544918;17.2376231
317896;DREŽNIK;45.2961978;17.4739225
317900;GORNJI LIPOVAC;45.2554868;17.6768479
317918;GORNJI VAROŠ;45.1662133;17.1749251
317926;GREĐANI;45.2006221;17.1741087
317934;GUNJAVCI;45.2765961;17.4789993
317942;KOMARNICA;45.1768135;17.5760786
317969;KOSOVAC;45.2482275;17.2206798
317977;KOVAČEVAC;45.2690148;17.3520919
317985;LAĐEVAC;45.2748025;17.1541141
317993;LAZE;45.2056756;17.4674057
318019;LJEŠTANI;45.3579913;17.2004417
318027;LJUPINA;45.2094152;17.3699668
318035;MAČKOVAC;45.1742079;17.3340898
318043;MAGIĆ MALA;45.1533662;17.5971465
318051;MAŠIĆ;45.2679683;17.3248376
318060;MEDARI;45.2623827;17.2995821
318078;NOVA GRADIŠKA;45.2540478;17.3866999
318086;NOVA KAPELA;45.2008622;17.6372632
318094;NOVI VAROŠ;45.1919896;17.2248436
318108;OKUČANI;45.2554946;17.1985223
318116;OPATOVAC;45.3257262;17.4355418
318124;ORUBICA;45.1539259;17.4719634
318132;OŠTRI VRH;45.2673747;17.5466413
318159;PODVRŠKO;45.3661754;17.3899963
318167;POLJANE;45.239728;17.3144771
318175;PRVČA;45.2301235;17.3545617
318183;RATKOVAC;45.2804309;17.2366733
318191;REŠETARI;45.2569634;17.4250594
318205;ROGOLJI;45.3711512;17.2373749
318213;SEOCE;45.1602547;17.6474251
318221;SIČICE;45.1789092;17.3843551
318230;SIČE;45.1619534;17.6225041
318248;SMRTIĆ;45.2753599;17.2661475
318256;SREDNJI LIPOVAC;45.2502349;17.6305007
318264;STARA KAPELA;45.2365697;17.6878052
318272;STARO PETROVO SELO;45.2010336;17.5131027
318299;ŠAGOVINA CERNIČKA;45.3210521;17.3269658
318302;ŠAGOVINA MAŠIĆKA;45.3050832;17.2909533
318329;ŠIRINCI;45.3276623;17.260261
318337;ŠTIVICA;45.1805127;17.5418289
318345;ŠUMETLICA;45.3416311;17.3724236
318353;TISOVAC;45.2802031;17.5208618
318361;TRNAKOVAC;45.3332046;17.2104829
318370;USKOCI;45.1556557;17.2314469
318388;VRBJE;45.1810752;17.4187623
318396;VRBOVA;45.2384599;17.5801722
318400;VRBOVLJANI;45.2425178;17.1278008
318418;ŽUBERKOVAC;45.3317916;17.2925987
318426;BELA;46.2127567;16.2701763
318434;BISAG;46.0358483;16.3125697
318442;BREZNICA;46.0609595;16.2760128
318469;BUTKOVEC;46.0985545;16.2629324
318477;ČANJEVO;46.1049012;16.3426174
318485;DONJE MAKOJIŠĆE;46.1579787;16.2988211
318507;DRENOVEC;46.1781548;16.4732692
318515;ĐURINOVEC;46.0748512;16.3395372
318523;GRANA;46.1450674;16.3411162
318531;HRASTOVEC TOPLIČKI;46.1946105;16.3948047
318540;KAPELA KALNIČKA;46.1774338;16.4171525
318558;KAMENA GORICA;46.1673;16.2604264
318566;KLJUČ;46.1895876;16.3592748
318574;LESKOVEC TOPLIČKI;46.1940548;16.5227632
318582;LJUBEŠĆICA;46.1558011;16.3930066
318604;NOVI MAROF;46.1686512;16.335935
318612;PODEVČEVO;46.2000812;16.2922689
318639;POLJANA;46.2247266;16.4982491
318647;REMETINEC;46.1928197;16.3201531
318655;SVIBOVEC;46.2017981;16.4720899
318663;ŠĆEPANJE;46.1252716;16.2664956
318671;TUHOVEC;46.2216888;16.4596627
318680;VARAŽDINSKE TOPLICE;46.2151527;16.4141196
318698;VINIČNO;46.0871255;16.3010671
318701;VISOKO;46.0907505;16.321879
318710;BOROVAC;45.2812839;17.1354952
318728;BRESTAČA;45.3601951;16.963774
318736;BROČICE;45.3097989;16.94674
318744;RAJIĆ DONJI;45.2934676;17.1183131
318752;DRENOV BOK;45.2746811;16.8416934
318779;GOLEŠI;45.3262276;17.153678
318787;RAJIĆ GORNJI;45.2741799;17.0829375
318795;JABLANAC;45.2111663;17.076064
318809;JASENOVAC;45.2840446;16.9244584
318817;JAZAVICA;45.3084865;17.0533223
318825;KOŠUTARICA;45.2528205;16.9664921
318833;KOZARICE;45.3866401;16.9637793
318841;KRAPJE;45.2935944;16.8426052
318850;KRIČKE;45.3488843;17.0982575
318868;KRIVAJ;45.4165063;16.9191742
318876;LIPOVLJANI;45.4010942;16.8819475
318884;LOVSKA;45.4107614;17.0385661
318892;MLAKA;45.2491854;17.0146487
318906;NOVI GRABOVAC;45.3996291;16.9965278
318922;PAKLENICA;45.3117213;17.0222695
318949;PILJENICE;45.4242668;16.8076257
318957;PLESMO;45.3185936;16.8618101
318965;PUSKA;45.3366209;16.7979259
318973;ROŽDANIK;45.2956246;17.0691823
318981;SUBOCKA;45.3521333;16.8805533
318990;STARI GRABOVAC;45.3243584;17.0022111
319007;SUBOCKI GRAD;45.3730922;17.0426415
319015;UŠTICA;45.2556622;16.8543979
319023;KRALJEVA VELIKA;45.3884815;16.8146649
319031;VOĆARICA;45.3264756;17.0443632
319040;BILIŠANE;44.1814482;15.7534345
319058;GOLUBIĆ;44.2150648;15.8428401
319066;JASENICE;44.2527744;15.5983819
319074;KRUPA;44.1941948;15.91186
319082;KRUŠEVO;44.1794406;15.6528862
319104;MEDVIĐA;44.108341;15.7883798
319112;MUŠKOVCI;44.2242839;15.7645947
319139;OBROVAC;44.2002038;15.6841172
319147;ZATON OBROVAČKI;44.2370323;15.6895333
319155;ZELENGRAD;44.1376967;15.7355521
319163;ŽEGAR;44.1484481;15.847115
319171;BLATA;45.0223197;15.4015617
319180;CAREVO POLJE;45.1841972;15.3470521
319198;CEROVNIK;45.154175;15.3074184
319201;ČORKOVA UVALA;44.9056594;15.5432297
319210;DONJE DUBRAVE;45.3010754;15.3688424
319228;DREŽNICA;45.1605176;15.085967
319236;GORNJE DUBRAVE;45.3092991;15.3080029
319244;HRELJIN OGULINSKI;45.3093424;15.1941119
319252;JANJA GORA;45.0881199;15.4136214
319279;JASENAK;45.2595121;15.0318638
319287;JEZERO;45.049819;15.459918
319295;JOSIPDOL;45.1857705;15.2820493
319309;KUNIĆ;45.0944194;15.290712
319317;LATIN;45.1097511;15.3857999
319325;LIČKA JESENICA;44.9851406;15.4438341
319333;MEĐEĐAK;45.0695179;15.3215227
319341;MODRUŠ;45.1300241;15.2380863
319350;POTOK MUSULINSKI;45.2484633;15.1223901
319368;OGULIN;45.2515828;15.2009013
319376;OŠTARIJE;45.2280628;15.2826151
319384;OTOK OŠTARIJSKI;45.2408197;15.2561207
319392;SVETI PETAR;45.2681246;15.1854184
319406;PLAŠKI;45.0537645;15.3646354
319414;PONIKVE;45.3547344;15.2119914
319422;POPOVO SELO;45.3088426;15.2555574
319449;POTHUM PLAŠČANSKI;45.1282632;15.3704375
319457;SABORSKO;44.9703151;15.5029116
319465;SKRADNIK;45.2133826;15.3473333
319473;TOUNJ;45.2661398;15.3241588
319481;TROJVRH;45.1318681;15.3247828
319490;TRŽIĆ TOUNJSKI;45.1971257;15.4158425
319503;VAJIN VRH;45.1601674;15.3531783
319511;VITUNJ;45.2842395;15.1434673
319520;ZAGORJE;45.185914;15.2081271
319538;ZDENAC;45.244855;15.3785539
319546;BLATO NA CETINI;43.4955614;16.8367544
319554;ČISLA;43.4634617;16.7369374
319562;DONJI DOLAC;43.5341642;16.6828689
319589;DUBRAVA;43.4976327;16.648207
319597;DUĆE;43.4458706;16.6606554
319619;GATA;43.4733637;16.6988321
319627;GORNJI DOLAC;43.4896517;16.7433925
319635;GRABOVAC;43.4256509;16.9938786
319643;JESENICE;43.4613715;16.6143906
319651;KATUNI;43.4750608;16.9122702
319660;KOSTANJE;43.4516903;16.8216834
319678;KREŠEVO;43.4889865;16.8732706
319686;KUČIĆE;43.4321448;16.8086236
319694;NOVA SELA;43.5207091;16.7936371
319708;OMIŠ;43.4339774;16.7211124
319716;PODGRAĐE;43.4440416;16.8702277
319724;ROGOZNICA;43.4095557;16.8088633
319732;SLIME;43.4201812;16.8622565
319759;SRIJANE;43.5186669;16.7270189
319767;SVINIŠĆE;43.4246697;16.7774586
319775;TRNBUSI;43.4863122;16.7883073
319783;TUGARE;43.4672647;16.6495592
319791;ZAKUČAC;43.452987;16.7047231
319805;ZVEČANJE;43.4509707;16.7578928
319813;ŽEŽEVICA;43.4376829;16.9391374
319821;BRDCE;45.4963386;14.2319759
319830;BREGI;45.3498852;14.2944024
319848;BRGUD;45.4302069;14.2701992
319856;BRSEČ;45.1735956;14.219351
319864;JURDANI;45.3908438;14.3153197
319872;JUŠIĆI;45.3813203;14.3249126
319899;KALAC;45.2253395;14.2229445
319902;KRAJ;45.2569582;14.2453686
319929;KUĆELI;45.3795414;14.2957614
319937;LIPA;45.4596727;14.3042791
319945;LOVRAN;45.294051;14.2399413
319953;MARTINA;45.2004617;14.2257412
319961;MATULJI;45.3662774;14.3221609
319970;MOŠĆENICE;45.224243;14.2491796
319988;MOŠĆENIČKA DRAGA;45.2501924;14.2191231
319996;MUNE;45.4538823;14.156792
320005;OPATIJA;45.3346013;14.3105311
320013;OPRIĆ;45.3054317;14.2462273
320021;PASJAK;45.4726724;14.2288315
320048;POBRI;45.353125;14.3120632
320056;POLJANE;45.3159559;14.2474899
320064;PUHARSKA;45.339506;14.2282345
320072;PUŽI;45.4071298;14.3005376
320099;RUKAVAC DONJI;45.3626491;14.2978355
320102;RUKAVAC GORNJI;45.3761331;14.256395
320129;RUPA;45.4754858;14.2762653
320137;ŠAPJANE;45.4706307;14.2529447
320145;TULIŠEVICA;45.2761964;14.239205
320153;VASANSKA;45.3604317;14.242408
320161;VEPRINAC;45.3273019;14.2796945
320170;VOLOSKO;45.3502819;14.3189905
320188;ZVONEĆA;45.3976345;14.2462092
320196;ŽEJANE;45.4321227;14.2076214
320200;BANKOVCI;45.5668269;17.9744131
320218;SLAVONSKE BARE;45.6036644;17.9525549
320226;BREZOVLJANI;45.6395417;17.8880395
320234;CRNAC;45.6943944;17.9594523
320242;ČAČINCI;45.6010172;17.8692313
320269;DOLCI;45.5505767;17.935131
320277;DONJA PIŠTANA;45.5578273;17.8543438
320285;DONJE PREDRIJEVO;45.6477206;17.9662244
320293;DUZLUK;45.503995;17.8751992
320307;GORNJA PIŠTANA;45.517141;17.7991944
320315;KOKOČAK;45.5365315;17.7976078
320323;KRAJNA;45.5682142;17.8149557
320331;KRASKOVIĆ;45.5855684;17.7761171
320340;KUTOVI;45.6316044;18.0017498
320358;MANASTIR ORAHOVICA;45.4876468;17.8843053
320366;NOVA JOŠAVA;45.5292171;17.9243875
320374;OBRADOVCI;45.613503;17.933326
320382;ORAHOVICA;45.494086;17.818312
320404;PUŠINA;45.5476779;17.7468761
320412;SLATINSKI DRENOVAC;45.5346251;17.6899555
320439;STARA JOŠAVA;45.5258062;17.9462416
320447;SUHA MLAKA;45.6856348;17.9059251
320455;ŠUMEĐE;45.49961;17.9165348
320463;ZDENCI;45.5968733;17.9727204
320471;ADA;45.4014063;18.6703883
320480;ALJMAŠ;45.5262231;18.9420049
320498;ANTUNOVAC;45.4999858;18.6798489
320501;BEKETINCI;45.4595899;18.4733196
320510;BIJELO BRDO;45.512777;18.8627881
320528;ČEPIN;45.5072965;18.5596681
320536;ČOKADINCI;45.489265;18.4371478
320544;DALJ;45.4886071;18.9615751
320552;DOPSIN;45.4429741;18.5460513
320579;ERDUT;45.5118406;19.0545707
320587;ERNESTINOVO;45.4449967;18.6667861
320595;HRASTIN;45.4231196;18.5904153
320609;JOSIPOVAC;45.5684491;18.5931179
320617;IVANOVAC;45.481247;18.6331529
320625;KOPRIVNA;45.4090958;18.6099778
320633;LASLOVO;45.4265483;18.695622
320641;ČEPINSKI MARTINCI;45.5002136;18.4711488
320650;ORLOVNJAK;45.4673385;18.7050209
320668;OSIJEK;45.5415971;18.6980585
320676;PALAČA;45.4283357;18.7683217
320684;PAULIN DVOR;45.4466263;18.61999
320692;BRIJEŠĆE;45.5183824;18.6354446
320706;SARVAŠ;45.5291709;18.8216676
320714;ŠODOLOVCI;45.3926319;18.6304053
320722;TENJA;45.4874173;18.7648971
320749;TVRĐAVICA-PODRAVLJE;45.5696395;18.6958945
320757;VLADISLAVCI;45.4589637;18.5754643
320765;VUKA;45.4369065;18.503217
320773;BABIN POTOK;44.8574802;15.5258032
320781;BRINJE;44.9967356;15.1218173
320790;BRLOG;44.9445363;15.1551684
320803;BRLOŠKA DUBRAVA;44.9205175;15.1928761
320811;ČOVIĆI;44.8174554;15.2822244
320820;DABAR;44.963149;15.3455903
320838;DOLJANI;44.9028237;15.3920201
320846;JEZERANE;45.074199;15.1956468
320854;KOMPOLJE;44.9061952;15.1689515
320862;KRIŽPOLJE;45.0381058;15.168582
320889;KUTEREVO;44.8302668;15.1378203
320897;LIČKO LEŠĆE;44.7845236;15.3297641
320919;LETINAC;44.9818057;15.2253416
320927;LIPICE;44.9994354;15.2745281
320935;OTOČAC;44.8803229;15.2307423
320943;PROKIKE;44.9811669;15.0601175
320951;PROZOR;44.8314612;15.2464233
320960;RAMLJANI;44.7648481;15.4132934
320978;RUDOPOLJE;44.886801;15.4638152
320986;SINAC;44.8168976;15.3626783
320994;HRVATSKO POLJE;44.8976259;15.0883136
321001;STAJNICA;45.0334498;15.2727332
321010;ŠKARE;44.9082834;15.2860912
321028;ŠVICA;44.8555067;15.1687288
321036;TURJANSKI;44.7797581;15.5070883
321044;VODOTEČ;45.0708198;15.0795275
321052;VOJVODUŠA;45.0472517;15.0415863
321079;VRHOVINE;44.835617;15.4359204
321087;ZALUŽNICA;44.8533724;15.3660789
321095;BRAŠLJEVICA;45.7006974;15.3710536
321109;BRATOVANCI;45.6393696;15.4310315
321117;BREZNIK;45.5963343;15.416129
321125;BRLOG OZALJSKI;45.6224003;15.3857416
321133;BUBNJARCI;45.6279012;15.3479512
321141;DONJI LOVIĆ;45.6552236;15.4199235
321150;DVORIŠTE VIVODINSKO;45.6775345;15.4306143
321168;FERENCI;45.6499379;15.4520919
321176;GRIČE;45.5317521;15.381251
321184;ILOVAC;45.6257228;15.4552186
321192;JAŠKOVO;45.5673229;15.481893
321206;JUROVO;45.6128473;15.320116
321214;LIPNIK;45.5538712;15.357475
321222;LOVIĆ PREKRIŠKI;45.6692854;15.4501777
321249;MALINCI;45.7150347;15.3305787
321257;MARTINSKI VRH;45.5682717;15.3949105
321265;NOVAKI OZALJSKI;45.6166123;15.433607
321273;OZALJ;45.6063987;15.4753362
321281;OŠTRI VRH OZALJSKI;45.6022092;15.4434752
321290;PODBREŽJE;45.6317307;15.5023037
321303;POKUPJE;45.5708766;15.5130033
321311;POLICE PIRIŠĆE;45.6322646;15.4139424
321320;PRAVUTINA;45.5994602;15.3016546
321338;RIBNIK;45.5787166;15.3450394
321346;SEKULIĆI;45.7274847;15.2985372
321354;SLAPNO;45.5868357;15.4788349
321362;SRAČAK;45.5672078;15.3127631
321389;SVETICE;45.5849444;15.4444482
321397;SVETIČKO HRAŠĆE;45.5714142;15.4377266
321419;TOMAŠNICA;45.5414048;15.4564014
321427;TRG;45.6011048;15.5095069
321435;VIVODINA;45.680978;15.3979529
321443;VRHOVAC;45.6395946;15.4824288
321451;ZAJAČKO SELO;45.6213506;15.4798962
321460;ZALUKA;45.6421402;15.4651727
321478;ZORKOVAC;45.5914436;15.5393048
321486;ŽAKANJE;45.6001134;15.3620882
321494;BARBATI;44.5196926;15.0054524
321508;DINJIŠKA;44.374259;15.1698971
321516;KOLAN;44.4974271;14.9490096
321524;NOVALJA;44.5679713;14.9107691
321532;PAG;44.431986;15.0427278
321559;POVLJANA;44.3357225;15.1544845
321567;ANTUNOVAC;45.4931426;16.9930055
321575;BADLJEVINA;45.5153077;17.1902933
321583;BANOVAC;45.4839046;17.1514235
321591;BATINJANI;45.4623804;17.1470377
321605;BJELAJCI;45.4139301;17.3510393
321613;BJELANOVAC;45.3615879;17.174901
321621;BRANEŠCI;45.488613;17.352695
321630;BREKINSKA;45.5018665;17.057841
321648;BREZINE;45.4525489;17.0349175
321656;BUDIĆI;45.4867726;17.419152
321664;BUJAVICA;45.4309135;17.032527
321672;BUKOVČANI;45.3887024;17.1897709
321699;CIKOTE;45.4193966;17.3991444
321702;ČAGLIĆ;45.3830166;17.1687965
321729;DEREZA;45.4970561;17.2245544
321737;DOBROVAC;45.4319781;17.1280275
321745;DONJA OBRIJEŽ;45.505408;17.1377182
321753;DRAGOVIĆ;45.4662964;17.276732
321761;FILIPOVAC;45.4321574;17.1600164
321770;GAJ;45.47755;17.0270574
321788;GORNJA OBRIJEŽ;45.4844213;17.1717041
321796;GRAHOVLJANI;45.5008856;17.3022987
321800;GRĐEVICA;45.4896454;17.4519784
321818;JAGMA;45.4203796;17.1021302
321826;KAPETANOVO POLJE;45.5084086;17.1041143
321834;KLISA;45.4363277;17.1498986
321842;KORITA;45.4151281;17.0727078
321869;KOVAČEVAC;45.3616446;17.1465458
321877;KRAGUJ;45.4280027;17.2357309
321885;KRIČKE;45.4478482;17.3410594
321893;KUKUNJEVAC;45.4528315;17.0869275
321907;KUSONJE;45.4679409;17.2291843
321915;LIPIK;45.4115458;17.1509008
321923;LIPOVAC;45.436347;17.2703499
321931;LIVAĐANI;45.392234;17.0781215
321940;MARINO SELO;45.5113759;16.9559204
321958;ŠPANOVICA;45.4696458;17.3137168
321966;OMANOVAC;45.4830295;17.1890041
321974;OŽEGOVCI;45.4857744;17.385542
321982;PAKRAC;45.4381045;17.195726
322008;PLOŠTINE;45.4963737;17.108193
322016;POLJANA;45.4680017;16.9741825
322024;PREKOPAKRA;45.4449063;17.1740397
322032;PRGOMELJE;45.4349435;17.4215097
322059;ROGULJE;45.4344825;17.3752434
322067;SKENDEROVCI;45.3934143;17.2127314
322075;STRIŽIČEVAC;45.4862993;17.0755188
322083;SUBOCKA;45.3937199;17.1150152
322091;ŠEOVICA;45.4103262;17.2167163
322105;ŠUMETLICA;45.4075971;17.3032162
322113;TISOVAC;45.4386314;17.4440592
322121;TORANJ;45.4812791;17.1107415
322130;BELAJ;45.2718801;14.0980945
322148;BERAM;45.2520494;13.8835729
322156;BOLJUN;45.2923655;14.1301662
322164;BORUT;45.308978;14.049741
322172;BREST POD UČKOM;45.3384689;14.1825894
322199;BRKAČ;45.3317739;13.8006999
322202;BUTONIGA;45.2895056;13.9661514
322229;CEROVLJE;45.2804525;14.0127785
322237;DOLENJA VAS;45.3433066;14.1494792
322245;DRAGUĆ;45.3309413;13.9951707
322253;GOLOGORICA;45.2594867;14.0424651
322261;GORENJA VAS;45.3521809;14.1159371
322270;GRAČIŠĆE;45.189341;13.9895734
322288;GRADINJE;45.2564754;14.0757595
322296;GRDOSELO;45.2902669;13.9332919
322300;GRIMALDA;45.3092933;13.9802305
322318;KALDIR;45.3130938;13.8536968
322326;KAROJBA;45.2893313;13.8162326
322334;KAŠĆERGA;45.3084604;13.9057165
322342;KRINGA;45.1768177;13.8178631
322369;KRŠIKLA;45.3102417;13.9441886
322377;LESIŠĆINA;45.3347728;14.0876114
322385;LINDAR;45.2046426;13.9498149
322393;MOTOVUN;45.3373491;13.8292913
322407;MUNTRILJ;45.2440783;13.8057617
322415;NOVAKI MOTOVUNSKI;45.2839488;13.8477831
322423;NOVAKI PAZINSKI;45.2632271;13.9908338
322431;PAZ;45.2901843;14.0820675
322440;PAZIN;45.2452067;13.9284162
322458;SVETI PETAR U ŠUMI;45.1850559;13.8612071
322466;PREVIŽ;45.2959004;14.0212004
322474;RAKOTULE;45.3110917;13.7948446
322482;SEMIĆ;45.3719723;14.109917
322504;ŠKOPLJAK;45.2305306;14.0398425
322512;TIBOLE;45.3294344;14.0332383
322539;TINJAN;45.2140007;13.8220848
322547;TRVIŽ;45.2670818;13.87086
322555;VRANJA;45.3056083;14.176077
322563;ZABREŽANI;45.2039308;13.900261
322571;ZAMASK;45.3239347;13.892023
322580;ZAREČJE;45.2587767;13.9621833
322598;ZUMESK;45.3318709;13.8708618
322601;BAČUGA;45.3660584;16.2573674
322610;BEGOVIĆI;45.2669609;16.3193158
322628;BIJELNIK;45.3461876;16.3806955
322636;BLINJA;45.3537594;16.3653747
322644;BREST POKUPSKI;45.4610464;16.2312775
322652;DONJA BUDIČINA;45.3751588;16.3241762
322679;CEPELIŠ;45.4070239;16.2607899
322687;ČUNTIĆ;45.3609585;16.2896734
322695;DEANOVIĆI;45.3531059;16.3318286
322709;DOLČANI;45.3419227;16.2585332
322717;DRAGOTINCI;45.3389528;16.2828206
322725;GLINSKA POLJANA;45.4149155;16.1485507
322733;GORA;45.4158889;16.1901715
322741;GORSKE MOKRICE;45.4687404;16.1869695
322750;GRABERJE;45.3859762;16.1666731
322768;GRABOVAC BANSKI;45.333552;16.238072
322776;HRASTOVICA;45.395497;16.2860782
322784;JABUKOVAC;45.3243359;16.311359
322792;JOŠAVICA;45.3300686;16.3591156
322806;KLINAC;45.3726075;16.3022994
322814;KRALJEVČANI;45.3268473;16.2792289
322822;KRIŽ HRASTOVAČKI;45.4237422;16.2377204
322849;LETOVANCI;45.365119;16.3853251
322857;LUŠČANI;45.3605913;16.2142195
322865;MAČKOVO SELO;45.2523792;16.2908487
322873;MADŽARI;45.3837463;16.4034177
322881;MEĐURAČE;45.4412375;16.1768576
322890;MLINOGA;45.3454926;16.3156541
322903;MOŠĆENICA;45.4429325;16.3351045
3229030;MOŠĆENICA NOVA;45.4376989;16.3514319
322911;MOŠTANICA;45.3754934;16.3569672
322920;NOVA DRENČINA;45.4582021;16.322519
322938;NOVO SELIŠTE;45.437342;16.2459724
322946;PASTUŠA;45.275643;16.3405462
322954;PECKI;45.3829663;16.2454974
322962;PETKOVAC;45.3733349;16.360016
322989;PETRINJA;45.4257917;16.3115756
322997;PRNJAVOR ČUNTIĆKI;45.3528165;16.2752292
323004;SIBIĆ;45.3970745;16.1980184
323012;SLANA;45.4418543;16.1374488
323039;STRAŠNIK;45.3992771;16.2296618
323047;STRAŽBENICA;45.37584;16.3756307
323055;TABORIŠTE;45.3983685;16.3139457
323063;TREMUŠNJAK;45.3043124;16.3029897
323071;VELIKI ŠUŠNJAR;45.312503;16.259497
323080;VRATEČKO;45.4637217;16.1112603
323098;BAKIĆ;45.7502909;17.6999872
323101;BISTRICA;45.7404423;17.6010691
323110;BOKANE;45.6412003;17.6505781
323128;ČAĐAVICA;45.7510114;17.8790127
323136;ĆERALIJE;45.6225735;17.7199033
323144;DOBROVIĆ;45.6542536;17.8572984
323152;DONJA BUKOVICA;45.6784519;17.8082407
323179;DONJE BAZIJE;45.7038378;17.8610962
323187;DONJE KUSONJE;45.707222;17.6028078
323195;DONJI MELJANI;45.7308796;17.6219722
323209;ĐURIČIĆ;45.5794589;17.695291
323217;GORNJA BUKOVICA;45.6468919;17.7683542
323225;GORNJE KUSONJE;45.7188868;17.5635226
323233;GORNJE PREDRIJEVO;45.788099;17.7924291
323241;GORNJE VILJEVO;45.7045875;17.80048
323250;GORNJI MELJANI;45.5568293;17.6467326
323268;GORNJI MIHOLJAC;45.7644235;17.6464944
323276;HUM VOĆINSKI;45.6815703;17.5336558
323284;HUM VAROŠ;45.6927512;17.5592157
323292;IVANBRIJEG;45.6724968;17.6656279
323306;KAPINCI;45.8021727;17.6945158
323314;KOMETNIK;45.5968864;17.5668328
323322;KOZICE;45.6703299;17.7384935
323349;KUZMA;45.6182693;17.4653619
323357;LISIČINE;45.657092;17.506911
323365;LUKAVAC;45.6814327;17.6197345
323373;MACUTE;45.6383683;17.6131236
323381;MEDINCI;45.742841;17.7557597
323390;MIKLEUŠ;45.6162968;17.8014741
323403;MILJEVCI;45.6602789;17.8196101
323411;NOVA BUKOVICA;45.6721199;17.7698757
323420;NOVAKI;45.8094479;17.628383
323438;NOSKOVCI;45.78269;17.8248459
323446;PODRAVSKA SLATINA;45.7014776;17.7043032
323454;POPOVAC;45.6566109;17.5701962
323462;RADOSAVCI;45.7087459;17.6284495
323489;RIJENCI;45.6005865;17.6938297
323497;SEKULINCI;45.5762476;17.6016355
323519;SLADOJEVCI;45.7254643;17.6597618
323527;SLATINSKI LIPOVAC;45.6495252;17.6787357
323535;SMUDE;45.6076618;17.627697
323543;SOPJE;45.79741;17.7408322
323551;STARIN;45.7477043;17.8219238
323560;VAŠKA;45.8099871;17.6607395
323578;VOĆIN;45.6049502;17.5145263
323586;VRANEŠEVCI;45.7400564;17.7998434
323594;BAČVA;45.2464873;13.7161858
323608;BADERNA;45.2062855;13.7421136
323616;DRAČEVAC;45.1854679;13.6726854
323624;FRATA;45.2823631;13.639325
323632;FUNTANA;45.1808082;13.608482
323659;FUŠKULIN;45.1759642;13.647377
323667;GRADINA;45.1544101;13.7047984
323675;KAŠTELIR;45.315419;13.6758177
323683;LABINCI;45.2845524;13.6799863
323691;LIM;45.1493484;13.6745095
323705;LOVREČ;45.1660429;13.7509247
323713;MUGEBA;45.19814;13.6252445
323721;MUŠALEŽ;45.210284;13.6389364
323730;NOVA VAS;45.253174;13.6419891
323748;POREČ;45.2400859;13.6037709
323756;SVETI IVAN;45.2518406;13.7646831
323764;SVETI VITAL;45.2925814;13.7666509
323772;TAR;45.3089124;13.6214624
323799;VABRIGA;45.2885257;13.5995514
323802;VIŠNJAN;45.2797405;13.716233
323829;VIŽINADA;45.3318677;13.7376006
323837;VRSAR;45.1501167;13.6269248
323845;VARVARI;45.2249155;13.6340824
323853;ŽBANDAJ;45.2152213;13.6791267
323861;BREZNO;46.184728;15.654255
323870;CIGROVEC;46.1256072;15.7694661
323888;DESINIĆ;46.1463044;15.6680056
323896;DRUŠKOVEC HUMSKI;46.1909354;15.6980439
323900;GORJAKOVO;46.1244023;15.7477524
323918;HUM NA SUTLI;46.2117681;15.6993718
323926;JELENJAK;46.1203468;15.6882859
323934;KOSTEL;46.1878829;15.7433562
323942;KOŠNICA;46.1548829;15.6372686
323969;LUPINJAK;46.2082076;15.737996
323977;PLEMENŠĆINA;46.1787752;15.7732468
323985;PREGRADA;46.1583681;15.7540191
323993;PRIŠLIN;46.2108929;15.6645576
324019;SOPOT;46.1445752;15.7274703
324027;VELIKA HORVATSKA;46.1078117;15.7172648
324035;VINAGORA;46.1638669;15.6955192
324043;VRBANEC;46.1434481;15.7883112
324051;BARBAN;45.0640612;14.0216932
324060;BOKORDIĆI;45.0795622;13.8999143
324078;BRIONI;44.9147529;13.755568
324086;FAŽANA;44.9292728;13.8211278
324094;FILIPANA;44.9933122;13.9307731
324108;GALIŽANA;44.9224328;13.8736661
324116;GOČAN;45.071028;13.9675248
324124;JURŠIĆI;45.0155259;13.8730441
324132;KAVRAN;44.9100118;13.9991011
324159;KRNICA;44.9589121;14.0045781
324167;LIŽNJAN;44.8225374;13.9716788
324175;LOBORIKA;44.9186881;13.913972
324183;MARČANA;44.9519515;13.9528315
324191;MEDULIN;44.8258806;13.9363174
324205;MUNTIĆ;44.9207734;13.9517073
324213;PEROJ;44.9652474;13.7897344
324221;POMER;44.8256849;13.8841019
324230;PREMANTURA;44.7916676;13.9126173
324248;PRNJANI;45.0545743;14.0157142
324256;PULA;44.8612442;13.8664765
324264;RAKALJ;44.9923095;14.0256038
324272;SMOLJANCI;45.0864871;13.8514682
324299;SUTIVANAC;45.1266711;14.0088589
324302;SVETVINČENAT;45.0844028;13.8792938
324329;ŠAJINI;45.0343611;13.95589
324337;ŠIŠAN;44.8606169;13.9610202
324345;ŠTINJAN;44.891838;13.8195252
324353;ŠTOKOVCI;45.0409882;13.8829243
324361;VALTURA;44.8935801;13.9371785
324370;VODNJAN;44.9803102;13.8395233
324388;BANJOL;44.7587816;14.7928991
324396;BARBAT;44.7245429;14.8288098
324400;KAMPOR;44.7779738;14.7032936
324418;LOPAR;44.8316902;14.7232843
324426;LUN;44.6662138;14.766028
324434;RAB-MUNDANIJE;44.770224;14.7598883
324442;SUPETARSKA DRAGA;44.7986203;14.7378014
324469;BAKAR;45.3048647;14.5406242
324477;BAKARAC;45.2790606;14.5849658
324485;BREZA;45.4130197;14.3433625
324493;CERNIK-ČAVLE;45.3861366;14.5544458
324507;DRAGA;45.3212681;14.5017421
324515;DRAŽICE;45.4375093;14.5024906
324523;DRENOVA;45.3650294;14.4325201
324531;GROBNIK;45.3697901;14.4608219
324540;HRELJIN;45.3091456;14.6235088
324558;JELENJE;45.456994;14.4650518
324566;JELENJE-LEPENICE;45.3648578;14.642795
324574;KASTAV;45.3779429;14.3527831
324582;KLANA;45.4827141;14.4231638
324604;KOSTRENA-BARBARA;45.2882958;14.5371714
324612;KOSTRENA-LUCIJA;45.305316;14.5031221
324639;KRALJEVICA;45.2665429;14.5784191
324647;KRASICA;45.3359946;14.5913388
324655;KUKULJANOVO;45.3909277;14.6058958
324663;LISAC;45.4696783;14.3489057
324671;MARČELJI;45.400513;14.387759
324680;MARINIĆI;45.3646577;14.3982777
324698;PAŠAC;45.3477345;14.4669645
324701;PODHUM;45.4112466;14.5311091
324710;PODRVANJ;45.3670926;14.483093
324728;PRAPUTNJAK;45.3215218;14.6059535
324736;REČINA;45.4003946;14.4162573
324744;RUŽIĆ SELO;45.2798983;14.6351162
324752;SRDOČI;45.3567447;14.3766288
324779;STARI GRAD;45.3371073;14.4414801
324787;STUDENA;45.4251373;14.4081807
324809;ŠKALNICA;45.4347786;14.3350281
324817;ŠKRLJEVO;45.367683;14.6058359
324825;ŠMRIKA;45.2481812;14.6020967
324833;VELI DOL;45.2601621;14.6146483
324841;VIŠKOVO;45.3798108;14.394953
324850;ZAMET;45.3466221;14.3876987
324868;ZLOBIN;45.2963823;14.6661082
324876;BALE;45.0486494;13.7799581
324884;KANFANAR;45.1138253;13.8287316
324892;KRAJCAR BREG;45.1579147;13.8531441
324906;MRGANI;45.1391892;13.7973146
324914;ROVINJ;45.0823799;13.6769014
324922;ROVINJSKO SELO;45.1105514;13.7134849
324949;SOŠIĆI;45.106552;13.7651622
324957;ŽMINJ;45.1306163;13.9181736
324965;BUDINJAK;45.8026344;15.4972086
324973;CERJE SAMOBORSKO;45.7587323;15.6697191
324990;DREŽNIK PODOKIĆKI;45.7086916;15.7520325
325007;GALGOVO;45.7296981;15.7627964
325015;GRABAR;45.7697124;15.5340669
325023;KERESTINEC;45.7746908;15.8108206
325031;KLOKOČEVEC SAMOBORSKI;45.8464691;15.7280616
325040;KONŠĆICA;45.7540741;15.7162056
325058;MOLVICE;45.7662856;15.7563999
325066;SVETA NEDELJA;45.7861402;15.7772628
325074;NORŠIĆ SELO;45.805021;15.5972278
325082;OTRUŠEVEC;45.8135358;15.6730936
325104;PODVRH;45.8327833;15.6704607
325112;POKLEK;45.8285538;15.5597128
325139;RAKITJE;45.7965513;15.8150523
325147;RAKOV POTOK;45.7440885;15.7868117
325155;RAKOVICA;45.780326;15.7255716
325163;RUDE;45.7735648;15.6739691
325171;SAMOBOR;45.8027596;15.7132065
325180;SLANI DOL;45.7818338;15.6342875
325198;STRMEC SAMOBORSKI;45.8180365;15.7983664
325201;ŠIPAČKI BREG;45.7615716;15.6036047
325210;VRBOVEC;45.8307365;15.7629399
325228;JABLANAC;44.691411;14.9783213
325236;SVETI JURAJ;44.8997918;14.9619018
325244;KLADA;44.8169917;14.9246116
325252;KRASNO;44.8149936;15.0478524
325279;KRIVI PUT;45.0271292;14.9576828
325287;MELNICE;44.9534464;15.0351829
325295;PRIZNA;44.6445538;15.0050259
325309;SENJ;44.9904418;14.9088643
325317;STARIGRAD;44.7841828;14.9337972
325325;STINICA;44.7391635;14.9815444
325333;ADAMOVEC;45.900962;16.1651869
325341;BLAGUŠA;45.9361054;16.1251974
325350;ĐURĐEKOVEC;45.8686473;16.1087652
325368;GLAVNICA;45.9401346;16.1487503
325376;GORANEC;45.906595;16.0902257
325384;KAŠINA;45.9285481;16.1138206
325392;SESVETSKI KRALJEVEC;45.8118057;16.1637243
325406;LUŽAN;45.8734633;16.1964885
325414;PLANINA;45.9364176;16.0812106
325422;SESVETE;45.8339774;16.1128778
325449;ŠAŠINOVEC;45.849719;16.1757823
325457;VUGROVEC;45.8925886;16.1070809
325465;VURNOVEC;45.8844847;16.1375948
325473;BAJAGIĆ;43.7835464;16.6880984
325481;BISKO;43.5805834;16.6845189
325490;BRNAZE;43.6806401;16.6698996
325503;BUDIMIRI;43.5741704;16.8119105
325511;ČAPORICE;43.5946038;16.733036
325520;DABAR;43.8589738;16.5673789
325538;DONJI BITELIĆ;43.8358819;16.6224004
325546;ERCEGOVCI;43.5962234;16.6336746
325554;GALA;43.7247949;16.7314219
325562;GARJAK;43.9241408;16.5172311
325589;GLAVICE;43.7125894;16.6794298
325597;GLJEV;43.7450541;16.7741114
325619;GORNJI BITELIĆ;43.8293541;16.6611767
325627;GRAB;43.6460566;16.7925944
325635;HRVACE;43.7774406;16.6432424
325643;JEŽEVIĆ;43.938699;16.4956504
325651;KAMENSKO;43.6193484;16.9446056
325660;KARAKAŠICA;43.7343803;16.6463414
325678;KOLJANE;43.8921557;16.5378691
325686;KOSORE;43.937081;16.4209062
325694;KOŠUTE;43.6264355;16.7085056
325708;KRAJ;43.6315655;16.5838742
325716;KRUŠVAR;43.6101453;16.6480909
325724;LUČANE;43.7200217;16.5849345
325732;MAOVICE;43.8876298;16.3772089
325759;OBROVAC SINJSKI;43.7596759;16.712003
325767;OTIŠIĆ;43.8407405;16.4586333
325775;OTOK;43.703096;16.7800628
325783;PODOSOJE;43.8927822;16.4316781
325791;POTRAVLJE;43.7952231;16.5282441
325805;PRISOJE;43.6254818;16.6095433
325813;RADOŠIĆ;43.6873716;16.613457
325821;RUDA;43.6796613;16.8183162
325830;SATRIĆ;43.7667041;16.5745193
325848;SIĆANE;43.6666809;16.5911125
325856;SINJ;43.7044565;16.6357511
325864;STRIZIREP;43.5836878;16.8541117
325872;SUŠCI;43.6406013;16.5508429
325899;TIJARICA;43.6001839;16.9029457
325902;TURJACI;43.6476849;16.6577893
325929;UDOVIČIĆI;43.6813419;16.7777455
325937;UGLJANE;43.560865;16.7576322
325945;VEDRINE;43.6154759;16.7555563
325953;VELIĆ;43.6250555;16.8037537
325961;VINALIĆ;43.9517599;16.4744879
325970;VOJNIĆ SINJSKI;43.6142596;16.6809403
325988;VOŠTANE;43.653478;16.8807589
325996;VRLIKA;43.9122809;16.4099213
326003;VRPOLJE;43.6062438;16.8134096
326011;VUČIPOLJE;43.8473393;16.5927477
326020;BESTRMA;45.3889893;16.4370207
326038;BISTRAČ;45.3809618;16.6423412
326046;BLINJSKI KUT;45.4146653;16.4727089
326054;BOBOVAC;45.3503913;16.6528546
326062;BOK PALANJEČKI;45.5260833;16.3765427
326089;BRĐANI;45.3862669;16.4929212
326097;BRKIŠEVINA;45.4520643;16.0957511
326119;BUDAŠEVO-TOPOLOVAC;45.4704153;16.4650341
326127;CERJE LETOVANIĆKO;45.5452104;16.1390147
326135;CRKVENI BOK;45.3404557;16.7281019
326143;CRNAC;45.4436894;16.4215696
326151;ČAPLJANI;45.3169165;16.6087792
326160;ČIGOČ;45.439456;16.6509654
326178;DESNO TREBARJEVO;45.5931633;16.3382217
326186;DESNO ŽELJEZNO;45.6044934;16.3121638
326194;DONJE KOMAREVO;45.4229908;16.4506471
326208;DONJI HRASTOVAC;45.3372983;16.5745438
326216;DRLJAČA;45.3493145;16.524436
326224;DUŽICA;45.5535071;16.2503519
326232;GALDOVO;45.4777885;16.4046416
326259;FARKAŠIĆ;45.4978876;16.1167262
326267;GORNJE KOMAREVO;45.4123634;16.3999465
326275;GRADUSA POSAVSKA;45.3985271;16.5480996
326283;GREDA;45.5329406;16.2820201
326291;GREDA SUNJSKA;45.3878578;16.5677062
326305;GUŠĆE;45.4304532;16.5746749
326313;HRASTELNICA;45.4995011;16.4262517
326321;IVANJSKI BOK;45.3200136;16.758289
326330;JASENOVČANI;45.3124157;16.6178497
326348;JAZVENIK;45.4840231;16.3028576
326356;JEZERO POSAVSKO;45.6280435;16.31169
326364;KINJAČKA;45.3912638;16.4726454
326372;KOSTREŠI ŠAŠKI;45.3010591;16.6386515
326399;KRATEČKO;45.4090382;16.6625279
326402;KRIVAJ SUNJSKI;45.364011;16.590046
326429;LEKENIK;45.5846135;16.2440618
326437;LETINA;45.4101802;16.5778141
326445;LETOVANIĆ;45.5098058;16.1874881
326453;LIJEVA LUKA;45.6121227;16.3734023
326461;LONJA;45.3777375;16.7411782
326470;MAHOVO;45.5749513;16.4300228
326488;MALA GRADUSA;45.3331075;16.4586188
326496;MALA PAUKOVA;45.3417115;16.4866555
326500;MARTINSKA VES;45.5722337;16.3617643
326518;MARTINSKA VES LIJEVA;45.5909284;16.3984773
326526;MUŽILOVČICA;45.3873811;16.6974333
326534;NOVI SISAK;45.4598877;16.3843357
326542;NOVO SELO;45.4245363;16.3819496
326569;NOVOSELCI;45.3545784;16.5811202
326577;ODRA;45.5032106;16.3450897
326585;PALANJEK;45.5253241;16.4184161
326593;PAPIĆI;45.3062886;16.6255811
326607;PEŠĆENICA;45.5918528;16.1491973
326615;PETRINJCI;45.381544;16.5172528
326623;POBRĐANI;45.3185299;16.5962068
326631;POLJANA LEKENIČKA;45.5576609;16.2017586
326640;PRAČNO;45.4383302;16.3741228
326658;PRELOŠĆICA;45.442387;16.5074107
326666;RADONJA LUKA;45.3250786;16.5228233
326674;SELA;45.5252443;16.3127729
326682;SELIŠĆE;45.3971071;16.6176921
326704;SETUŠ;45.517557;16.4729754
326712;SJEVEROVAC;45.3470144;16.4470381
326739;SLOVINCI;45.2961829;16.6599768
326747;STARA DRENČINA;45.4670704;16.333289
326755;SISAK STARI;45.4925312;16.3751133
326763;STARO SELO;45.3593069;16.4198621
326771;STAZA;45.3360888;16.6060603
326780;STRMEN;45.338814;16.6857157
326798;STUPNO;45.5110339;16.3285933
326801;SUNJA;45.3726978;16.5870829
326810;SVINJIČKO;45.4654859;16.5905485
326828;ŠAŠ;45.2905437;16.6945155
326836;ŠIŠINEC;45.4682067;16.0741223
326844;TIMARCI;45.2788918;16.6187872
326852;TIŠINA ERDEDSKA;45.5319125;16.3982249
326879;TUROPOLJSKI LEKENIK;45.6010357;16.2197271
326887;VEDRO POLJE;45.3496064;16.569956
326895;VELIKA GRADUSA;45.3310132;16.4218961
326909;VUKOJEVAC;45.6068971;16.1277179
326917;VUKOŠEVAC;45.3620801;16.4755246
326925;ŽAŽINA;45.5060033;16.2427288
326933;ŽIRČICA;45.5531919;16.3873653
326941;ŽREME;45.3638627;16.6242536
326950;ALILOVCI;45.3964873;17.7119443
326968;AŠIKOVCI;45.3223723;17.831386
326976;BEKTEŽ;45.4143047;17.9259645
326984;BERTELOVCI;45.3754554;17.7524352
326992;BLACKO;45.3150932;17.7710737
327000;BOLOMAČE;45.3541953;17.5192847
327018;BRATULJEVCI;45.4297565;17.5590618
327026;BRESTOVAC;45.3131735;17.5908894
327034;BRODSKI DRENOVAC;45.2065107;17.7477503
327042;BUČJE;45.2292027;17.7838623
327069;BUK;45.291737;17.8573761
327077;BUSNOVI;45.3277832;17.5127104
327085;CEROVAC;45.3705174;17.8091171
327093;CIGLENIK;45.3519023;17.901964
327107;ČAGLIN;45.3502481;17.9850398
327115;ČEŠLJAKOVCI;45.4556165;17.7015124
327123;DARANOVCI;45.3156836;17.5647412
327131;DERVIŠAGA;45.326595;17.7340304
327140;DEŽEVCI;45.3726169;17.5272961
327158;DJEDINA RIJEKA;45.3018752;17.9500191
327166;DOLJANOVCI;45.4507607;17.7556815
327174;DONJI EMOVCI;45.3521871;17.6357313
327182;DRAGA;45.4554155;17.6314933
327204;DRŠKOVCI;45.3188008;17.6493079
327212;DUBOKA;45.3870019;17.9795472
327239;EMINOVCI;45.3554217;17.7265709
327247;FRKLJEVCI;45.2663882;17.8327389
327255;GORNJI GUČANI;45.3267036;17.532014
327263;GORNJI VRHOVCI;45.4881675;17.5724632
327271;GRABARJE;45.3541075;17.858483
327280;GRADAC;45.3114187;17.8082376
327298;GRADIŠTE;45.403472;17.9521067
327301;IMRIJEVCI;45.3185981;18.0848697
327310;IVANDOL;45.3383481;17.5010753
327328;JAGUPLIJE;45.354714;17.5910724
327336;JAKŠIĆ;45.3606197;17.7729609
327344;JURKOVAC;45.3917748;18.0107703
327352;KALINIĆ;45.3080954;17.8805455
327379;KAPTOL;45.454925;17.7285287
327387;KOMORICA;45.2404505;17.7303741
327395;KOMUŠINA;45.316261;17.6959127
327409;KOPRIVNA;45.3886944;17.4742712
327417;POŽEŠKA KOPRIVNICA;45.2636271;17.7343271
327425;KUJNIK;45.3984283;17.4853873
327433;KULA;45.3776841;17.8908949
327441;KUTJEVO;45.4317854;17.8799073
327450;KUZMICA;45.3215953;17.7517135
327468;LAKUŠIJA;45.342872;17.8145448
327476;LATINOVAC;45.3518876;17.9564229
327484;ĆOSINE LAZE;45.2918894;17.7091836
327492;LUKAČ;45.4303073;17.8209229
327506;MIGALOVCI;45.3337864;18.0115285
327514;MIHALJEVCI;45.3824312;17.6815718
327522;MIJAČI;45.4899797;17.5317971
327549;MITROVAC;45.4312033;17.8562774
327557;NOVO SELO;45.31508;17.6316039
327565;NOVO ZVEČEVO;45.5492026;17.4951034
327573;NURKOVAC;45.3103283;17.6072762
327581;OLJASI;45.4016946;17.5829528
327590;ORLJAVAC;45.4175571;17.4895121
327603;PAKA;45.2868663;18.0655936
327611;PERENCI;45.3863326;17.5669861
327620;PLETERNICA;45.2889909;17.797678
327638;PODGORJE;45.439167;17.7719164
327646;PODSREĆE;45.4126691;17.5260193
327654;POLJANSKA;45.4437159;17.5849437
327662;POREČ;45.35538;17.9290555
327689;RADOVANCI;45.4770113;17.6430278
327697;RATKOVICA;45.2264304;17.7203085
327719;RUŠEVO;45.3075102;17.9916265
327727;SAPNA;45.3607121;18.027414
327735;SAŽIJE;45.4937136;17.4991935
327743;SEOCI;45.3030518;17.6781733
327751;SESVETE;45.3431109;17.8374275
327760;POŽEGA;45.3397651;17.6744673
327778;SLOBOŠTINA;45.395724;17.5343917
327786;SOVSKI DOL;45.3098074;18.038809
327794;STARA LIPA;45.3454661;17.6169226
327808;STRAŽEMAN;45.4726571;17.6080153
327816;SULKOVCI;45.2768747;17.7697951
327824;ŠEOVCI;45.3719356;17.7063938
327832;SIBOKOVAC;45.3742817;18.0737345
327859;ŠKRABUTNIK;45.2791274;17.6108868
327867;ŠNJEGAVIĆ;45.3847343;17.4390531
327875;ŠTITNJAK;45.3767444;17.6546403
327883;TOMINOVAC;45.3888359;17.831757
327891;TORANJ;45.4055779;17.6030057
327905;TRAPARI;45.3340415;17.7892139
327913;TRENKOVO;45.4069191;17.649467
327921;TREŠTANOVCI;45.381296;17.7360623
327930;TULNIK;45.3110673;17.9056127
327948;UGARCI;45.375292;17.612217
327956;VELIKA;45.4731311;17.6744064
327964;VELIKI BILAČ;45.3198959;17.942467
327972;VENJE;45.4283817;17.8399698
327999;VETOVO;45.4321938;17.7956654
328006;VIDOVCI;45.3271801;17.7157394
328014;VILIĆ SELO;45.3631978;17.5523078
328022;VRANIĆ;45.4384378;17.5271242
328049;GRADSKI VRHOVCI;45.2903829;17.6478687
328057;ČEČAVAČKI VUČJAK;45.3609561;17.4785866
328065;ZAGRAĐE;45.2360469;17.8149401
328073;ZAKORENJE;45.3252467;17.5509067
328081;ZARILAC;45.3422686;17.8771023
328090;BANOVCI;45.0804898;17.8310794
328103;BEBRINA;45.1035136;17.8306238
328111;BEČIC;45.1947524;17.7047767
328120;BERAVCI;45.1563894;18.4377407
328138;BICKO SELO;45.1618919;18.1910928
328146;BRODSKI STUPNIK;45.1597079;17.8008845
328154;BRODSKI VAROŠ;45.1529363;17.9703027
328162;BRODSKO VINOGORJE;45.1906989;17.9974468
328189;BUKOVLJE;45.1883218;18.0617285
328197;CIGLENIK;45.1822382;17.7073919
328219;CRNI POTOK;45.249468;18.0693644
328227;ČAJKOVCI;45.1917159;18.3588792
328235;DIVOŠEVCI;45.1614932;18.3372611
328243;DONJA BEBRINA;45.0958743;18.181451
328251;DONJI ANDRIJEVCI;45.1926748;18.2948776
328260;DUBOČAC;45.0583323;17.8431259
328278;DUBOVIK;45.2637956;18.0047928
328286;GARČIN;45.2013735;18.1927018
328294;GLOGOVICA;45.2307168;17.9701331
328308;GORNJA BEBRINA;45.1171807;18.1094785
328316;GORNJI ANDRIJEVCI;45.1673167;17.8784205
328324;GRABARJE;45.2265686;18.032891
328332;GROMAČNIK;45.1898324;17.9581668
328359;GUNDINCI;45.1807574;18.505244
328367;JARUGE;45.1178468;18.4248625
328375;JEŽEVIK;45.2074592;18.0744852
328383;KANIŽA;45.1191808;17.8891874
328391;KINDROVO;45.2343412;18.0568772
328405;KLAKAR;45.1002181;18.1316139
328413;KLOKOČEVIK;45.2240764;18.1579729
328421;KORDUŠEVCI;45.2344351;18.0913955
328430;KRUŠEVICA;45.0817183;18.5052657
328448;KUJNIK;45.1705661;17.7367888
328456;KUPINA;45.1425041;18.3381446
328464;STUPNIČKI KUTI;45.1204369;17.8090629
328472;TRNJANSKI KUTI;45.12711;18.1678504
328499;LOVČIĆ;45.1945865;17.7993152
328502;LUŽANI;45.1585;17.7006092
328529;MALA KOPANICA;45.1358114;18.3677009
328537;MALINO;45.1716123;17.7237861
328545;MATKOVIĆ MALA;45.2651785;18.0323002
328553;NOVI GRAD;45.1105278;18.3534345
328561;NOVO TOPOLJE;45.2112149;18.241774
328570;ODVORCI;45.2371148;17.8810662
328588;OPRISAVCI;45.1502933;18.23076
328596;ORIOVAC;45.1542738;17.7559061
328600;ORIOVČIĆ;45.2480844;18.0248642
328618;PODCRKAVLJE;45.2286407;18.0140616
328626;PODVINJE;45.1934965;18.0261029
328634;POLJANCI;45.124175;18.2001258
328642;PRIČAC;45.1356812;17.6870463
328669;PRNJAVOR;45.1236978;18.3384544
328677;RADOVANJE;45.1612436;17.7759064
328685;RASTUŠJE;45.2079431;18.0014318
328693;RUŠČICA;45.1394224;18.0902538
328707;SAPCI;45.1778845;18.217143
328715;SELNA;45.1904101;18.1630353
328723;SIBINJ;45.1907846;17.9128206
328731;SIKIREVCI;45.1076583;18.4667085
328740;SLATINIK MALI;45.264066;17.9826722
328758;SLAVONSKI BROD;45.1617069;18.0284353
328766;SLAVONSKI KOBAŠ;45.1111751;17.751214
328774;SLOBODNICA;45.1597871;17.9306263
328782;SREDANCI;45.1504089;18.2873457
328804;STARI PERKOVCI;45.2263157;18.3315167
328812;STARI SLATINIK;45.172118;17.8410883
328839;STARO TOPOLJE;45.1900746;18.2508896
328847;STRUŽANI;45.1398224;18.3067185
328855;SVILAJ;45.123816;18.2932978
328863;SLAVONSKI ŠAMAC;45.0650142;18.5090187
328871;ŠUMEĆE;45.0778971;17.8733613
328880;ŠUŠNJEVCI;45.2028917;18.1076119
328898;TOMICA;45.1996764;18.0481521
328901;TRNJANI;45.1876878;18.1296051
328910;VELIKA KOPANICA;45.1664573;18.406788
328928;VRANOVCI;45.185655;18.0846229
328936;VRBA;45.1595047;18.0964993
328944;VRHOVINA;45.2346169;18.1224949
328952;VRPOLJE;45.2113816;18.4031574
328979;ZADUBRAVLJE;45.158659;18.1502443
328987;ZBJEG;45.0787728;17.9095109
328995;BRODSKI ZDENCI;45.2620628;17.9466144
329002;ZOLJANI;45.1339342;18.3204899
329029;ŽIVIKE;45.1433795;17.6569205
329037;BLAGAJ;45.2013187;15.5584143
329045;BOGOVOLJA;45.0793699;15.7441774
329053;BROĆANAC;45.0466809;15.6213887
329061;CETINGRAD;45.1274346;15.7607198
329070;CETINSKI VAROŠ;45.1409928;15.7105132
329088;CVIJANOVIĆ BRDO;45.1882935;15.6159658
329096;CVITOVIĆ;45.1485554;15.5886679
329100;DONJE PRIMIŠLJE;45.2064152;15.4594439
329118;DONJI LAĐEVAC;45.0777461;15.637232
329126;DREŽNIK;44.9424839;15.5780733
329134;FURJAN;45.0609665;15.6959768
329142;GLINICE;45.2025042;15.6451827
329169;GNOJNICE;45.1364682;15.6692879
329177;GOJKOVAC;45.1920981;15.6729883
329185;GORNJE PRIMIŠLJE;45.1585328;15.4993203
329193;GORNJI LAĐEVAC;45.1011816;15.6717157
329207;KREMEN;45.1384362;15.6285434
329215;KRUŠKOVAČA;45.101671;15.7333994
329223;KUZMA;45.2426196;15.5221256
329231;MALJEVAC;45.1946126;15.7596879
329240;MAŠVINA;45.0178599;15.7045775
329258;GORNJA MOČILA;45.0216943;15.5524281
329266;NIKŠIĆ;45.1527817;15.5553121
329274;NOVA KRŠLJA;44.9975495;15.7458668
329282;PONOR;45.1638419;15.6604025
329304;POPOVAC;45.1022;15.6170388
329312;RADOVICA;45.1830255;15.7064645
329339;RAKOVICA;44.986403;15.6070617
329347;SADILOVAC;44.9570531;15.7005313
329355;SLUNJ;45.085388;15.5746329
329363;ŠLJIVNJAK;45.2358467;15.6108997
329371;TOBOLIĆ;45.1192933;15.456344
329380;TOČAK;45.276616;15.5559233
329398;TRŽIĆ PRIMIŠLJANSKI;45.2093917;15.4976142
329401;VELJUN;45.2472479;15.5686846
329410;ZBJEG MOČILSKI;45.095747;15.5245921
329428;BLACA;43.5744363;16.4598574
329436;BRAČEVIĆ;43.7550176;16.4105052
329444;VELIKI BROČANAC;43.6085164;16.4496612
329452;BRŠTANOVO;43.6587145;16.4141398
329479;CRIVAC;43.7727083;16.3813257
329487;DONJE OGORJE;43.7578056;16.454126
329495;DONJE POSTINJE;43.7026274;16.392472
329509;DONJI MUĆ;43.6963684;16.4613855
329517;DUGOBABE;43.6247528;16.422784
329525;DUGOPOLJE;43.5765028;16.594331
329533;GIZDAVAC;43.6533164;16.4698633
329541;GORNJE OGORJE;43.7414234;16.4783285
329550;GORNJE POSTINJE;43.6986749;16.4165803
329568;GORNJI MUĆ;43.7070099;16.5077013
329576;KLIS;43.5632508;16.5294954
329584;KONJSKO;43.5963599;16.5008653
329592;KOPRIVNO;43.6071926;16.5463331
329606;KORUŠCE;43.6267985;16.3869951
329614;KOTLENICE;43.5638112;16.6447345
329622;KUČINE;43.5337367;16.5328671
329649;MILEŠINE;43.7715484;16.4443255
329657;MRAVINCE;43.5323905;16.5148909
329665;NEORIĆ;43.675015;16.537224
329673;NISKO;43.671391;16.3656356
329681;PRIBUDE;43.7845624;16.4162162
329690;PRUGOVO;43.6291294;16.4967418
329703;RAMLJANE;43.7214573;16.364306
329711;SOLIN;43.5465317;16.4804679
329720;SUTINA;43.7026921;16.5335723
329738;VUČEVICA;43.5915661;16.3982953
329746;DONJE SELO;43.4014112;16.2318696
329754;GORNJE SELO;43.3508578;16.3530368
329762;GROHOTE;43.3796415;16.3020467
329789;KAMEN;43.5159855;16.5193266
329819;SITNO;43.5207848;16.6010927
329827;SLATINE;43.4921114;16.3341543
329835;SPLIT;43.497142;16.466658
329843;SREDNJE SELO;43.3925178;16.2553991
329851;SRINJINE;43.5065109;16.5695475
329860;STOBREČ;43.5055861;16.5202953
329878;ŽRNOVNICA;43.5329582;16.5611863
329886;BILICE;43.7787965;15.9045756
329894;BORAJA;43.6385963;16.066257
329908;BRATIŠKOVCI;43.8941641;15.8941452
329916;BRIBIR;43.9298692;15.8486658
329924;CRNICA;43.7695211;15.8685177
329932;ČISTA;43.8649494;15.7815095
329959;DANILO BIRANJ;43.727318;16.0177964
329967;DANILO KRALJICE;43.7079427;16.0635904
329975;DONJE POLJE;43.7014072;15.9171099
329983;DUBRAVA;43.7347614;15.9533815
329991;DUBRAVICE;43.8405392;15.9567947
330019;GORICA;43.7177614;15.9295724
330027;GREBAŠTICA;43.6328998;16.0025017
330035;JADRTOVAC;43.6737663;15.9693516
330043;JEZERA;43.7763419;15.6386247
330051;KONJEVRATE;43.7832658;16.006594
330060;KORNATI;43.8200056;15.3222504
330078;KRAPANJ;43.6442849;15.9512065
330086;LEPENICA;43.6274884;16.0992794
330094;LOZOVAC;43.7946193;15.9464235
330108;MANDALINA;43.7080867;15.897297
330116;MARTINSKA;43.7614199;15.8434764
330124;MURTER BETINA;43.8410379;15.59512
330132;PIRAMATOVCI;43.8987716;15.8121167
330159;PIROVAC;43.8412664;15.6894701
330167;PRIMOŠTEN;43.5953537;15.9788036
330175;PRVIĆ;43.7129782;15.7709333
330183;RAČICE;43.5427005;16.0491494
330191;ROGOZNICA;43.5546928;15.9810419
330205;RUPE;43.9080303;15.9508127
330213;SEVID;43.5123289;16.0038636
330221;SITNO DONJE;43.6731601;16.1275866
330230;SKRADIN;43.8452301;15.8753861
330248;SLIVNO;43.684477;16.0955186
330256;SRIMA;43.7477974;15.8272528
330264;ŠIBENIK;43.7341009;15.8989402
330272;TISNO;43.8121824;15.7065284
330299;TRIBUNJ;43.78567;15.7381189
330302;VAĆANI;43.891138;15.8543981
330329;VELIKA GLAVA;43.8638961;15.9206691
330337;VODICE;43.7880571;15.775427
330345;VRPOLJE;43.6732317;16.0233361
330353;ZATON-RASLINA;43.809844;15.8257229
330361;ZLARIN;43.6850297;15.843709
330370;ŽIRJE;43.6696935;15.6753729
330388;BJELOPOLJE;44.6903386;15.7847283
330396;BUNIĆ;44.6806949;15.6105444
330400;ČANAK;44.7353833;15.5450147
330418;DEBELO BRDO;44.6499216;15.7608911
330426;JOŠAN;44.5943492;15.7924929
330434;KOMIĆ;44.4489401;15.7573007
330442;KOZJAN;44.7077405;15.5530678
330469;KRBAVA;44.6077449;15.6746237
330477;KRBAVICA;44.7232672;15.6415593
330485;KURJAK;44.4881017;15.71309
330493;LIČKO PETROVO SELO;44.8613019;15.7194884
330507;MEKINJAR;44.5588893;15.6863553
330515;MUTILIĆ;44.4866699;15.8044248
330523;PLITVIČKA JEZERA;44.8820098;15.5929268
330531;PODLAPAČA;44.5770203;15.6094298
330540;PRIJEBOJ;44.8277306;15.6768401
330558;SMOLJANAC;44.9294659;15.660169
330566;SREDNJA GORA;44.5073683;15.669039
330574;SVRAČKOVO SELO;44.6243823;15.6016775
330582;ŠALAMUNIĆ;44.648047;15.6061119
330604;KORENICA;44.7655655;15.6842591
330612;TRNAVAC;44.7526889;15.5574181
330639;UDBINA;44.5441783;15.7587225
330647;VAGANAC;44.9052057;15.7121009
330655;VISUĆ;44.5205912;15.8577086
330663;BLIZNA;43.5922384;16.1020949
330671;BRISTIVICA;43.5725456;16.1590766
330680;SEGET DONJI;43.516935;16.2120402
330698;DRVENIK;43.4433556;16.1296236
330701;SEGET GORNJI;43.5449225;16.2085932
330710;LJUBITOVICA;43.6165769;16.1325731
330728;MARINA;43.5338284;16.1211592
330736;MITLO-VINOVAC;43.5867044;16.06454
330744;OKRUG;43.4925615;16.2471374
330752;PRAPATNICA;43.5966598;16.1874249
330779;TROGIR;43.5329119;16.26364
330787;VINIŠĆE;43.4913716;16.0979561
330795;ŽEDNO;43.50196;16.2932078
330809;BELIŠĆE;45.6829199;18.4051848
330817;BISTRINCI;45.6993485;18.3896566
330825;BIZOVAC;45.5778639;18.4456482
330833;BOCANJEVCI;45.6366814;18.3332707
330841;BROĐANCI;45.5397629;18.4760519
330850;GAT;45.7163338;18.3354663
330868;HABJANOVCI;45.5383229;18.4063823
330876;HARKANOVCI;45.5874962;18.321835
330884;IVANOVCI;45.6121877;18.3830868
330892;LADIMIREVCI;45.6148953;18.4331983
330906;MARJANČACI;45.6317639;18.3941254
330914;NARD;45.6736903;18.4893087
330922;PETRIJEVCI;45.599745;18.5347476
330949;SATNICA;45.6116937;18.4864263
330957;ŠAG;45.6397796;18.4733077
330965;TIBORJANCI;45.677827;18.340215
330973;VALPOVO;45.6647788;18.4230648
330981;VELIŠKOVCI;45.6783316;18.317884
330990;VINOGRADCI;45.667821;18.3595712
331007;ZELČIN;45.6101059;18.3596523
331015;BABINEC;46.3758342;16.1040717
331023;TRNOVEC;46.2998709;16.4101919
331031;BELETINEC;46.2244072;16.3090501
331040;BERETINEC;46.2491168;16.3038326
331066;ČREŠNJEVO;46.250453;16.2759514
331074;DRUŽBINEC;46.368189;16.2084478
331082;SVETI ILIJA;46.2433783;16.3350237
331104;JAKOPOVEC;46.2550041;16.4071257
331112;JALKOVEC;46.2794971;16.3184095
331139;JALŽABET;46.2534509;16.4753159
331147;KAŠTELANEC;46.2586895;16.4234479
331155;KELEMEN;46.2540453;16.4462495
331163;KNEGINEC;46.2568028;16.3733342
331171;DUBRAVA KRIŽOVLJANSKA;46.3777075;16.0735418
331198;GORNJE LADANJE;46.3125167;16.1566814
331201;MAJERJE;46.3514275;16.255859
331210;MARČAN;46.3235598;16.1488567
331228;NATKRIŽOVLJAN;46.3470174;16.0965271
331236;NEDELJANEC;46.2887567;16.2880279
331244;NOVAKOVEC;46.2575876;16.4972944
331252;PETRIJANEC;46.3494455;16.2307112
331279;NOVA VES PETRIJANEČKA;46.326221;16.2120841
331287;RADOVEC;46.3845703;16.1378942
331295;SRAČINEC;46.3485999;16.2812681
331309;ŠEMOVEC;46.2962981;16.4777116
331317;TUŽNO;46.257907;16.2399634
331325;VARAŽDIN;46.3133483;16.3366391
331333;VARAŽDIN BREG;46.229908;16.3719415
331341;VIDOVEC;46.2850374;16.2465398
331350;VINICA;46.3414939;16.1674072
331368;VINICA BREG;46.3371126;16.1254895
331376;VRATNO;46.3691114;16.1607412
331384;ZAMLAČA;46.2839595;16.2705295
331392;ŽABNIK;46.2995537;16.4386706
331406;AUGUŠTANOVEC;45.4840086;15.9394764
331414;BUKEVJE;45.71599;16.1979381
331422;BUKOVČAK;45.6195513;15.9369642
331449;BUŠEVEC;45.6283095;16.1211612
331457;CEROVSKI VRH;45.58229;15.95693
331465;CVETKOVIĆ BRDO;45.5721773;15.9755661
331473;LAZINA ČIČKA;45.7271388;16.1267397
331481;ČRNKOVEC;45.7460611;16.1124706
331490;DONJA LOMNICA;45.6860477;16.0130482
331503;DONJE PODOTOČJE;45.694491;16.1433279
331511;DRNEK;45.6797025;16.219699
331520;DUBRANEC;45.628272;15.9685443
331538;GORNJE PODOTOČJE;45.6853342;16.1419518
331546;GORNJI HRUŠEVEC;45.5593697;16.0133561
331562;GUSTELNICA;45.599833;15.983462
331589;HOTNJA;45.5172001;16.0603559
331597;KOSNICA;45.7568743;16.0831003
331619;KOZJAČA;45.6134046;16.0193189
331627;KRAVARSKO;45.5752962;16.049198
331635;KUČE;45.6586007;16.1518256
331643;KURILOVEC;45.6696397;16.0460596
331651;LEKNENO;45.7539368;16.141659
331660;LIJEVI ŠTEFANKI;45.5156671;15.9317306
331678;LUKAVEC;45.6786174;15.9842519
331686;LUKINIĆ BRDO;45.547475;15.9431344
331694;MIČEVEC;45.7503401;16.054814
331708;MRACLIN;45.6525506;16.0869647
331716;NOVO BRDO;45.5882802;16.0088893
331724;NOVO ČIČE;45.7090843;16.1107967
331732;OBREZINA;45.7754834;16.1022432
331759;PLESO;45.7353311;16.0700187
331767;PODVORNICA;45.6076735;16.0858654
331775;POKUPSKO;45.4996509;15.9875539
331783;POLJANA ČIČKA;45.6861397;16.1805144
331791;RIBNICA;45.7145899;16.1537842
331805;ROŽENICA;45.5369176;16.0010673
331813;RUČA;45.6289279;16.2783529
331821;STARO ČIČE;45.6944996;16.1111847
331830;STRMEC BUKEVSKI;45.7437887;16.1781744
331848;ŠĆITARJEVO;45.7715534;16.127562
331856;ŠILJAKOVINA;45.6491723;16.0210025
331864;TUROPOLJSKI LUG;45.6281393;16.2182899
331872;VELEŠEVEC;45.6502758;16.2530786
331899;VELIKA BUNA;45.621633;16.0646575
331902;VELIKA GORICA;45.7203884;16.0781745
331929;VELIKA MLAKA;45.737698;16.0323244
331937;VUKOMERIĆ;45.6043034;15.9478134
331945;VUKOVINA;45.6757094;16.0872003
331953;ZGURIĆ BRDO;45.5164892;15.9793116
331961;ANDRIJAŠEVCI;45.214404;18.7250518
331970;ANTIN;45.3747093;18.7468325
331988;APŠEVCI;45.0779684;19.0829316
331996;CERIĆ;45.3022344;18.8700775
332003;DONJE NOVO SELO;45.0899099;18.9441918
332011;ĐELETOVCI;45.1799034;19.0098148
332020;GABOŠ;45.348948;18.7373151
332038;ILAČA;45.1758372;19.0931145
332046;IVANKOVO;45.2917265;18.685307
332054;JARMINA;45.3241718;18.7336956
332062;KARADŽIĆEVO;45.3387255;18.6621428
332089;KOMLETINCI;45.1221402;18.916772
332097;KOROĐ;45.400844;18.7500101
332119;LIPOVAC;45.0278784;19.0514197
332127;MARINCI;45.3270326;18.9033831
332135;MARKUŠICA;45.3738898;18.6856533
332143;MIRKOVCI;45.2589178;18.8422672
332151;NIJEMCI;45.1107822;19.0163081
332160;NOVI JANKOVCI;45.2305979;18.8807314
332178;NOVI MIKANOVCI;45.2708045;18.5912569
332186;NUŠTAR;45.3360589;18.8479949
332194;OROLIK;45.2021568;18.9879339
332208;OSTROVO;45.3386239;18.7929992
332216;OTOK;45.1405129;18.8604362
332224;PODGRAĐE;45.1024549;19.0507132
332232;PRIVLAKA;45.1897691;18.8171631
332259;PRKOVCI;45.2180678;18.597789
332267;RETKOVCI;45.2375308;18.6586517
332275;ROKOVCI;45.2446538;18.7432244
332283;SLAKOVCI;45.2089722;18.9507791
332291;SRIJEMSKE LAZE;45.2184715;18.9159815
332305;STARI JANKOVCI;45.2658739;18.9088063
332313;STARI MIKANOVCI;45.2707207;18.5517257
332321;BANOVCI;45.1897239;19.0586681
332330;TORDINCI;45.3749732;18.8099406
332348;VINKOVAČKI BANOVCI;45.1764274;19.0432194
332356;VINKOVAČKO NOVO SELO;45.2898734;18.7563319
332364;VINKOVCI I;45.2915148;18.8061502
332372;VINKOVCI II;45.2701753;18.7955025
332399;VOĐINCI;45.2749726;18.6171039
332402;BAČEVAC;45.8550565;17.47907
332429;BOROVA;45.7845128;17.4541739
332437;BUDANICA;45.7606933;17.5475855
332445;BUDROVAC LUKAČKI;45.9123652;17.4885939
332453;BUŠETINA;45.9081275;17.355544
332461;CABUNA;45.7612417;17.5844568
332470;DETKOVAC;45.8905808;17.6021986
332488;DUGO SELO LUKAČKO;45.8735325;17.451924
332496;GAĆIŠTE;45.8386425;17.5970031
332500;GORNJE BAZJE;45.9231433;17.4488429
332518;GRADINA;45.8541581;17.516217
332526;BREZOVICA;45.8648676;17.5743011
332534;GVOZDANSKA;45.7227206;17.4994082
332542;JASENAŠ;45.7409359;17.4055332
332569;KAPAN;45.8079771;17.5286526
332577;LEVINOVAC;45.7004396;17.5053016
332585;LOZAN;45.8871756;17.2933924
332593;LUKAČ;45.8744862;17.4183811
332607;NAUDOVAC;45.7994823;17.5543374
332615;OREŠAC;45.801851;17.5931631
332623;PČELIĆ;45.7627731;17.4991816
332631;PIVNICA;45.7252971;17.4712925
332640;REZOVAC;45.7917058;17.4108527
332658;ROGOVAC;45.9144355;17.3178643
332666;RUŠANI;45.9098184;17.5421936
332674;SUHOPOLJE;45.8116874;17.4830636
332682;ŠPIŠIĆ BUKOVICA;45.8433642;17.2724577
332704;TURANOVAC;45.9001626;17.3999684
332712;VIROVITICA;45.8114816;17.3372808
332739;VIROVITICA-GRAD;45.8083696;17.389096
332747;VUKOSAVLJEVICA;45.8625384;17.2328227
332755;KOMIŽA;43.0276145;16.0650456
332763;VIS;43.0490676;16.1891732
332771;BUKOVICA UTINJSKA;45.3930896;15.6906054
332780;KESTENOVAC;45.2319335;15.6596494
332798;KLOKOČ;45.2151871;15.681447
332801;KOLARIĆ;45.3335536;15.6736935
332810;KRSTINJA;45.234842;15.7222632
332828;KUPLJENSKO;45.3007084;15.6750757
332836;MIHOLJSKO;45.2586107;15.6729401
332844;RADONJA;45.3027076;15.742206
332852;SELAKOVA POLJANA;45.2573041;15.7720601
332879;SVINICA KRSTINJSKA;45.2189253;15.7988603
332887;ŠIROKA RIJEKA;45.2227929;15.7558091
332895;UTINJA VRELO;45.374766;15.7426285
332909;VOJNIĆ;45.3456303;15.7164496
332917;BAĐINEC;45.8059839;16.5694869
332925;BOLČ;45.8823907;16.6737436
332933;BREZINE;45.913865;16.6668909
332941;BREZJE;45.8538425;16.5009992
332950;CUGOVEC;45.9086614;16.5142804
332968;DIJANEŠ;45.9005163;16.3692821
332976;DUBRAVA;45.84596;16.532941
332984;NOVAKI;45.8371266;16.5692766
332992;FARKAŠEVAC;45.8809315;16.6244931
333000;FUKA;45.8842908;16.5296937
333018;GOSTOVIĆ;45.9265002;16.4361613
333026;GRADEC;45.9090699;16.4736714
333034;HABJANOVAC;45.8788988;16.5505111
333042;HAGANJ;45.9089604;16.5870094
333069;HRUŠKOVICA;45.9438803;16.3985718
333077;HUDOVO;45.9319748;16.3599182
333085;KABAL;45.8470633;16.6600664
333093;LONJICA;45.8536678;16.3418711
333107;MARINKOVAC;45.8026847;16.4921554
333115;MLAKA;45.9146971;16.2953592
333123;NEGOVEC;45.8824565;16.3127768
333131;PARUŽEVAC;45.8280808;16.4828476
333140;PODJALES;45.9472399;16.5011753
333166;PRESEKA;45.9844528;16.3781267
333174;RAKOVEC;45.9348106;16.3275219
333182;VELIKA;45.9771383;16.4193778
333204;SALNIK;45.9767428;16.3359076
333212;SAMOBOREC;45.9010441;16.3189319
333239;NOVA KAPELA;45.8757339;16.5850469
333247;STARI GLOG;45.9209198;16.5546778
333255;TKALEC;45.9633104;16.4476721
333263;TUČENIK;45.9416502;16.538231
333271;LOVREČKA VAROŠ;45.9164368;16.4029464
333280;VRBOVEC;45.886328;16.4312105
333298;PIRAKOVEC;45.8877258;16.3503858
333301;VUKŠINAC;45.8420487;16.5996616
333310;ZABRĐE;45.8833421;16.5018139
333328;ZETKAN;45.8252921;16.5431111
333336;ZVONIK;45.896137;16.6358631
333344;BLAŽEVCI;45.4669365;15.0585553
333352;GOMIRJE;45.3186064;15.1114223
333379;GOMIRSKO VRBOVSKO;45.3448953;15.0640753
333387;KLANAC;45.4198452;15.1915737
333395;LUKOVDOL;45.4290675;15.1067901
333409;DRAGA LUKOVDOLSKA;45.4065326;15.1170485
333417;MALI JADRČ;45.3917069;15.1635062
333425;OSOJNIK;45.3651605;15.1628934
333433;PLEMENITAŠ;45.4508826;15.081981
333441;RIM;45.4155632;15.2180187
333450;SEVERIN NA KUPI;45.4039997;15.1521706
333468;MORAVICE;45.4207129;15.016706
333476;VELIKI JADRČ;45.3975642;15.198776
333484;VRBOVSKO;45.3731476;15.0459379
333492;BATINOVA KOSA;45.3489446;15.9773206
333506;BLATUŠA;45.3163996;15.8776107
333514;BOVIĆ;45.4158273;15.930244
333522;BRNJAVAC;45.3732148;15.8333515
333549;BUKOVICA;45.3620906;15.9475292
333557;ČREMUŠNICA;45.4437904;15.9287868
333565;CRNI POTOK;45.2454981;15.8530359
333573;ČEMERNICA;45.3358475;15.9291852
333581;DESNI ŠTEFANKI;45.5015571;15.9032529
333590;DESNO SREDIČKO;45.5199782;15.8891306
333603;DUGO SELO LASINJSKO;45.4811004;15.8660152
333611;GOLINJA;45.4163969;15.9650544
333620;GORNJA TRSTENICA;45.3902983;15.9524707
333638;GREĐANI;45.3196852;15.9972047
333646;HRVATSKO SELO;45.3001253;16.0043422
333654;KATINOVAC;45.2458334;15.9110576
333662;KIRIN;45.4157853;15.8985205
333689;KOZARAC;45.378237;15.9108123
333697;LASINJA;45.5220142;15.8457342
333719;MALA VRANOVINA;45.2703346;16.0003565
333727;MALIČKA;45.3044188;15.8276362
333735;OSTROŽIN;45.4234485;15.8572639
333743;PECKA;45.2637526;15.8473036
333751;PERNA;45.283342;15.8462885
333760;PJEŠČANICA;45.3814238;15.8645416
333778;PODGORJE;45.3409951;15.8691782
333786;PONIKVARI;45.2917652;15.942508
333794;SLAVSKO POLJE;45.3556338;15.8001045
333808;STARO SELO TOPUSKO;45.2396148;15.9552027
333816;STIPAN;45.4579009;15.8782118
333824;ŠLJIVOVAC;45.4424649;15.8910817
333832;TOPUSKO;45.2931803;15.9765153
333859;TREPČA;45.4703051;15.9148175
333867;VELIKA VRANOVINA;45.2693739;15.980132
333875;VORKAPIĆ;45.2713382;15.9293679
333883;VRGINMOST;45.345744;15.8398174
333891;DRAGLJANE;43.2293589;17.2231548
333905;DUSINA;43.168997;17.3999463
333913;KOZICA;43.2654722;17.2059959
333921;ORAH;43.2302392;17.3724334
333930;POLJICA KOZIČKA;43.3023277;17.2632778
333948;RAŠĆANE;43.304659;17.1753568
333956;RAVČA;43.1983434;17.2929168
333964;STILJA;43.2527856;17.3187736
333972;VRGORAC;43.1997265;17.3641227
333999;VRGORAC I;43.2041758;17.3693729
334006;ZAVOJANE;43.2535767;17.2787748
334014;BAPSKA;45.1987838;19.2464033
334022;BERAK;45.2381985;19.0243502
334049;BOBOTA;45.4353801;18.8442439
334057;BOGDANOVCI;45.3307755;18.9393933
334065;BOROVO;45.4125918;18.9784541
334073;BOROVO NASELJE;45.3817426;18.9384473
334081;BRŠADIN;45.3591035;18.9071238
334090;ČAKOVCI;45.2273185;19.056115
334103;GRABOVO;45.2943558;19.0558691
334111;ILOK;45.2013342;19.3799168
334120;KLISA;45.4705447;18.8271253
334138;LIPOVAČA;45.3887899;18.898313
334146;LOVAS;45.2188925;19.1776692
334154;LUDVINCI;45.4064423;18.8160317
334162;MIKLUŠEVCI;45.2577292;19.0990045
334189;MOHOVO;45.2457723;19.2116719
334197;NEGOSLAVCI;45.2778627;19.0051553
334219;OPATOVAC;45.2574397;19.1574452
334227;PAČETIN;45.381729;18.864166
334235;PETROVCI;45.2893622;18.940626
334243;SOTIN;45.2968254;19.0948919
334251;SVINJAREVCI;45.2476574;18.9802156
334260;ŠARENGRAD;45.2352436;19.271691
334278;TOMPOJEVCI;45.2301778;19.1085802
334286;TOVARNIK;45.1720376;19.1445385
334294;TRPINJA;45.4227734;18.9117532
334308;VERA;45.466539;18.8853893
334316;VUKOVAR;45.3337741;19.0027815
334324;BEDEKOVČINA;46.0484557;15.9770313
334332;ČRET;46.1146991;15.81821
334359;DONJA PAČETINA;46.0911044;15.88629
334367;DUBROVČAN;46.0429235;15.8010423
334375;GUBAŠEVO;46.0254316;15.8647602
334383;JEZERO KLANJEČKO;46.0186334;15.8398296
334391;KLOKOVEC;46.088478;15.8194941
334405;KOMOR;46.08757;15.9797387
334413;KRAPINSKE TOPLICE;46.0988629;15.8437721
334421;MALA ERPENJA;46.094191;15.788123
334430;MIRKOVEC;46.0562334;15.9317302
334448;POZNANOVEC;46.0551542;16.0271499
334456;PUSTODOL;46.0585738;15.8935431
334464;SELNO;46.0667386;15.8332443
334472;STRMEC;46.0113002;15.796796
334499;ŠPIČKOVINA;46.0268815;15.9515517
334502;ŠVALJKOVEC;46.1058958;15.9009446
334529;VELIKA ERPENJA;46.048947;15.8273159
334537;VELIKO TRGOVIŠĆE;45.9972074;15.83003
334545;VRTNJAKOVEC;46.0731378;15.8646908
334553;ZABOK;46.0283879;15.8996638
334561;SVETI KRIŽ ZAČRETJE;46.0926938;15.9255374
334570;BIBINJE;44.0805063;15.3070134
334588;BOKANJAC;44.157548;15.2559994
334596;BOŽAVA;44.1401089;14.8998886
334600;BRBINJ;44.0760275;14.980924
334618;BRIŠEVO;44.1727765;15.3010777
334626;CRNO;44.1140003;15.2915061
334634;DIKLO;44.1674006;15.2079539
334642;DRAČEVAC NINSKI;44.1943307;15.3121518
334669;DRAGOVE;44.1066221;14.9325128
334677;GALOVAC;44.06904;15.4009152
334685;GORICA;44.0444518;15.4179275
334693;ISLAM LATINSKI;44.1859415;15.4189249
334707;IST;44.2698899;14.7646238
334715;KALI;44.0516455;15.1990905
334723;KUKLJICA;44.033167;15.2389106
334731;LUKA;43.9811161;15.0768113
334740;LUKORAN;44.098037;15.1408514
334758;MALI IŽ;44.0225994;15.1362352
334766;MOLAT;44.2060516;14.8938835
334774;MURVICA;44.1499714;15.3188196
334804;NOVIGRAD;44.1655886;15.5323712
334812;OLIB;44.3789917;14.7903821
334839;PETRČANE;44.1922175;15.1780809
334847;POLIČNIK;44.1824623;15.3764221
334855;POLJANA;44.0779025;15.1679437
334863;POLJICA;44.221737;15.2786372
334871;POSEDARJE;44.2088249;15.4787571
334880;PREKO;44.0706843;15.1811988
334898;PREMUDA;44.3170099;14.6457565
334901;PRIDRAGA;44.1446551;15.5769747
334910;PRIVLAKA;44.258471;15.1409679
334928;RADOVIN;44.2398032;15.3284856
334936;RAVA;44.0231968;15.0680242
334944;RAŽANAC;44.2757599;15.3378553
334952;SALI;43.9179476;15.1703374
334979;SAVAR;44.0396813;15.0191766
334987;SELINE;44.3055299;15.5151226
334995;SESTRUNJ;44.1588737;14.9992258
335002;SILBA;44.3829129;14.6935227
335029;SLIVNICA;44.2289342;15.4207573
335037;SMOKOVIĆ;44.1356276;15.3457012
335045;SOLINE;44.1483572;14.879046
335053;STARIGRAD;44.3345453;15.4453064
335061;SUHOVARE;44.1414637;15.4291184
335070;SUKOŠAN;44.0558255;15.3499135
335088;SUTOMIŠĆICA;44.0850392;15.1618957
335096;ŠKABRNJA;44.0826676;15.4442909
335100;TRIBANJ;44.3704479;15.3507016
335118;UGLJAN;44.128771;15.0950415
335126;VELI IŽ;44.0577676;15.0940155
335134;VELI RAT;44.1429505;14.8478589
335142;VINJERAC;44.2498665;15.4599265
335169;VIR;44.3039432;15.0649482
335177;VISOČANE;44.2035236;15.342855
335185;VRSI;44.2572258;15.2349717
335193;ZADAR;44.1156266;15.2259783
335207;ZAPUNTEL;44.2346202;14.8262166
335215;ZEMUNIK;44.1143868;15.3907618
335223;ZVERINAC;44.1613508;14.9175878
335231;ŽMAN;43.9510139;15.1074359
335240;CENTAR;45.8206186;15.9738384
335258;ŠESTINE;45.8649526;15.940247
335266;ČRNOMEREC;45.8236172;15.9497891
335274;MIKULIĆI;45.8388714;15.9325618
335282;ČUČERJE;45.9223381;16.0587905
335304;DUBRAVA;45.8363629;16.0555717
335339;MAKSIMIR;45.8295572;16.0118644
335347;MARKUŠEVEC;45.8969404;16.012899
335355;REMETE;45.8481647;16.0010618
335363;GRAČANI;45.8696512;15.9732795
335371;BLATO;45.766813;15.9139168
335398;ČEHI;45.7412686;15.9588551
335410;DRAGONOŽEC;45.6456267;15.9337058
335428;HORVATI;45.7099755;15.8052673
335444;KLARA;45.7756235;15.9642871
335495;ZAPRUDSKI OTOK;45.7692176;15.988426
335509;STARJAK;45.6555169;15.8886562
335525;TRPUCI;45.6586144;15.9164579
335533;PEŠČENICA;45.8099641;16.0280539
335541;RESNIK;45.8042382;16.0871227
335550;ŽITNJAK;45.7832172;16.0480711
335568;GORNJE VRAPČE;45.8485456;15.9035509
335576;GORNJI STENJEVEC;45.8359614;15.8611028
335584;PODSUSED;45.8087759;15.8537881
335592;STENJEVEC;45.8182486;15.8890147
335606;VRAPČE;45.8167435;15.9054065
335614;RUDEŠ;45.7947604;15.9277753
335622;TREŠNJEVKA;45.7940208;15.9541338
335649;TRNJE;45.7961403;15.985079
335657;BISTRANSKO PODGORJE;45.8743869;15.8766328
335665;BRDOVEC;45.8679533;15.755676
335673;DONJA BISTRA;45.9069956;15.8520153
335681;DUBRAVICA;45.9543665;15.7447989
335690;GORNJA BISTRA;45.9141966;15.9152977
335703;KRAJ;45.9210315;15.7237493
335711;KUPLJENOVO;45.9451494;15.7711147
335720;LADUČ;45.8807161;15.7061115
335738;PLUSKA;45.9692518;15.8104071
335746;PROSINEC;45.9635405;15.7143589
335754;PUŠĆA;45.9130214;15.7683726
335762;ZAPREŠIĆ;45.8602189;15.8049013
335789;BEDENICA;46.0407167;16.244603
335797;BLAŠKOVEC;45.9379395;16.177977
335819;BLAŽEVDOL;45.9293729;16.2471575
335827;HELENA;45.8928383;16.2666841
335835;HRASTJE;45.9753738;16.2560031
335843;HRNJANEC;45.9302978;16.1995955
335851;KOMIN;46.0044465;16.2730914
335860;LAKTEC;45.8565568;16.2467755
335878;NOVO MJESTO;45.9518096;16.2896495
335886;OBREŽ;45.9313253;16.2672956
335894;OREŠJE;45.9964977;16.2181488
335908;PAUKOVEC;45.8837655;16.228951
335916;PSARJEVO;45.956236;16.2044043
335924;RADOIŠĆE;46.0082868;16.3294893
335932;TOMAŠEVEC;45.9842237;16.3066675
335959;ZELINA;45.9596686;16.2435374
335967;BELEC;46.1431191;16.1392799
335975;BUDINŠČINA;46.1190132;16.1847678
335983;DONJA BATINA;46.0930556;16.1375011
335991;GOTALOVEC;46.1653669;16.2202346
336009;HRAŠĆINA;46.1056448;16.2285682
336017;HRAŠĆINSKI KRALJEVEC;46.125665;16.224185
336025;JERTOVEC;46.0358525;16.1946606
336033;KONJŠČINA;46.0742245;16.1794994
336041;LOVREČAN;46.0525208;16.0632756
336050;MAČE;46.08978;16.0330005
336068;MARTINCI ZLATARSKI;46.0902409;16.0686376
336076;MIHOVLJAN;46.1288232;15.9738277
336084;OŠTRC;46.1412063;16.1007572
336092;PERŠAVES;46.1232265;16.0340672
336106;PEŠĆENO;46.0745328;16.2215124
336114;PETROVA GORA;46.1714117;16.0333646
336122;PODGRAĐE BISTRIČKO;46.0272274;16.0910275
336149;PURGA;46.1501666;16.0679122
336157;SUŠOBREG;46.0341905;16.1650002
336165;TUGONICA;46.0306298;16.1098998
336173;VELEŠKOVEC;46.0626747;16.1204381
336181;VETERNICA;46.1656386;15.9868164
336190;VOJNOVEC LOBORSKI;46.1724708;16.0669225
336203;ZAJEZDA;46.1704982;16.1800011
336211;ZLATAR;46.092744;16.0883236
336220;BABINA GREDA;45.1358046;18.5574815
336238;BOŠNJACI;45.0435262;18.7894448
336246;CERNA;45.1739798;18.6673298
336254;DRENOVCI;44.9506889;18.9062453
336262;ĐURIĆI;44.9024912;18.8826088
336289;GRADIŠTE;45.1424455;18.7344434
336297;GUNJA;44.878282;18.8604403
336319;POSAVSKI PODGAJCI;44.9679554;18.8262089
336327;RAČINOVCI;44.8710573;18.9665011
336335;RAJEVO SELO;44.9133693;18.792803
336343;SOLJANI;44.9751884;18.9965536
336351;STROŠINCI;44.945032;19.0828054
336360;ŠIŠKOVCI;45.1974549;18.6214551
336378;ŠTITAR;45.1032114;18.6363505
336386;VRBANJA;45.0070919;18.9302008
336394;ŽUPANJA;45.0873961;18.7237381
336408;TOPOLINE;45.5662629;18.3710094
336416;NORMANCI;45.5480204;18.3533808
336424;DRAŠKOVIĆ;46.0443081;16.3423561
336432;MANDIĆEVAC;45.3689365;18.2413747
336467;ŽITOMIR;46.0131599;16.1981765
336475;GORNJI VINKOVEC;45.9922591;16.3393438
336483;VINKOVEC;45.9742075;16.3506119
336491;VALETIĆ;45.9594301;16.3282386
336505;LUKA;45.8337163;16.3835457
336513;BRČEVEC;45.8457126;16.4110327
336521;POLJANSKI LUG;45.82124;16.4197047
336530;POLJANA;45.8496318;16.4487276
336556;DONJA PODSTRANA;43.4879445;16.5570654
336564;GORNJI ČEMEHOVEC;45.9848017;15.7092357
336572;ĐURĐENOVAC;45.5430044;18.0495058
336599;KRAŠIĆ I;45.6523483;15.5200241
336602;KRAŠIĆ II;45.6501564;15.5073467
336637;OKIĆ;45.7219517;15.707663
336645;BIŠKUPEC;46.2803838;16.3399605
336661;STIPANOVCI;45.4728989;18.1792092
336670;KELEŠINKA;45.4845485;18.1839135
336688;PODGORAČ;45.4718113;18.2211881
336696;BIJELA LOZA;45.4779345;18.2647074
336700;LEDENIK;45.5156842;18.2318777
336718;ANDRIJEVAC;45.5097601;18.2703252
336726;NIN-ZATON;44.2279278;15.1793717
336734;NINSKI STANOVI;44.2037256;15.2217332
336742;GRBE;44.2327381;15.2271277
336769;DOLAC;45.3082274;17.5774642
336777;ZAVRŠJE;45.3267789;17.6272144
336785;SVETINJA;45.3480394;17.7449456
336793;KNEŽCI;45.3374825;17.8971299
336807;OPUZEN I;43.0198088;17.5481809
336815;OPUZEN II;43.0116441;17.5035353
336823;KOMIN;43.0356716;17.5018701
336831;ROGOTIN;43.0436096;17.4668761
336840;KRVAVAC II;43.0157387;17.5994284
336858;POLJICA BRIG;44.2066385;15.2985532
336866;ŽERAVA;44.197417;15.2593051
336874;SVETI GRGUR;44.8673299;14.7589244
336882;GOLI OTOK;44.8416448;14.8209906
336998;PUŠĆINE;46.3450021;16.3619014
337005;DUNJKOVEC;46.3924868;16.3859925
337013;PAUŠINCI;45.624775;17.9058126
337030;KLOKOČEVEC;45.831566;15.71061
337048;OTOK SAMOBORSKI;45.8376666;15.7285015
337056;BREGANA;45.8400902;15.6926936
337064;JAZBINA-LUG;45.8234634;15.6866078
337072;VRHOVČAK;45.811237;15.6921844
337099;PERIVOJ;45.8201704;15.6983848
337129;MALI MIHALJEVEC NOVI;46.4320896;16.399624
337137;BLACE-TRN;42.9969679;17.4795419
337145;MIHALJ-OTOK-LUČINA;42.991061;17.4983334
337153;VLAKA-TUŠTEVAC;42.9923948;17.5271913
337161;PIŽINOVAC-LOVORJE;42.9771702;17.5318411
337170;MIHOTIĆI;45.3587898;14.3077668
337188;DONJI KUĆAN;46.2794514;16.3970312
337196;GORNJI KUĆAN;46.2775212;16.3799834
337200;KUĆAN MAROF;46.2932213;16.3730997
337218;ZBELAVA;46.2804337;16.4179277
337226;KOBILJAČA;43.1300851;17.4716051
337234;OTRIĆ-SEOCI;43.1526866;17.4579244
337242;JAGNJEDOVEC - GRAD;46.1135682;16.8130067
337269;MALINSKA-DUBAŠNICA;45.1171023;14.502631
337285;BAŠKA-NOVA;44.9693176;14.7523078
337323;DONJI KARIN;44.1034689;15.6220394
337331;GORNJI KARIN;44.1135682;15.6783717
337374;KUNOVEC BREG;46.1822653;16.7651132
337382;BAKOVČICA;46.1219493;16.8529169
337544;GOJANEC;46.2831831;16.302389
337552;POLJANA BIŠKUPEČKA;46.265924;16.3030027
337579;ČRNEC BIŠKUPEČKI;46.265157;16.3386118
337587;ŠTEVKOVICA;45.6088359;18.2672088
337609;KURILOVEC NOVI;45.6965287;16.066491
337617;KLEK;42.9448251;17.5670093
337625;POŽARI;45.843254;17.4311154
337633;SEGOVINA;46.2066384;16.6293532
337641;LJUBELJ KALNIČKI;46.1508807;16.4560554
337668;PERUŠIĆ I;44.6443317;15.3963422
337714;KALINOVICA;45.7599763;15.7991221
337722;MALA GORICA;45.7650226;15.7814768
337749;LABIN-PRESIKA;45.0814566;14.1271606
337757;IČIĆI;45.3143821;14.2831383
337765;IKA-OPRIĆ;45.3076782;14.2743072
337773;SLUNJ 1;45.1166011;15.5767343
337790;DONJA ŠEMNICA;46.122007;15.9290171
337803;PETROVAC;45.8544077;17.3852889
337811;TABORIŠTE;45.8240534;17.4175505
337820;BAJER;45.8354487;17.3647753
337838;ANTUNOVAC;45.8182255;17.3874871
337846;VIROVITICA-CENTAR;45.831348;17.3871255
337854;VRBOVEC_1;45.880073;16.3994836
337889;BAKAR-SVETI KUZAM;45.3127041;14.5250587
337897;DUGA MEĐA;45.5679742;17.9339063
337935;DUBRAVICA-GLUŠCI;43.0229331;17.6637483
337951;MRKOPALJ-NOVA;45.3148393;14.8573797
337960;HRUŠEVEC KUPLJENSKI;45.9483457;15.7922362
337978;KUPLJENOVO - NOVO;45.9300372;15.804783
337986;POJATNO;45.9064904;15.8043658
337994;KOMARNA - DUBOKA;42.9507266;17.5326231
338001;PISAROVINA I;45.568068;15.8713042
338010;PISAROVINA II;45.5874679;15.8614503
338028;KLANA - NOVA;45.4474955;14.3698714
338044;ŠKALNICA-NOVA;45.4476352;14.337002
338079;STUDENA-NOVA;45.4252329;14.3883518
338117;NOVALJA-NOVA;44.589494;14.8551976
338125;DUGA RESA 2;45.4464466;15.5006639
338150;DONJA ZELINA;45.9123876;16.2294246
338168;KRAPINA JUG;46.1399961;15.8759163
338184;KUPJAK;45.3939183;14.8994724
338214;ĐURĐEVAC III;46.0633341;17.0854904
338265;BAĆINSKA JEZERA;43.0755968;17.4190779
338273;ŠTINJAN-NOVA;44.8912913;13.8176507
338281;SKENDEROVCI;45.3524899;17.5716516
338290;KUKULJANOVO - NOVA;45.3409521;14.5275127
338303;ŠKRLJEVO-NOVA;45.3380654;14.55692
338311;RAKOVICA 1;45.0040956;15.647151
338320;DREŽNIK 1;44.9531317;15.6525041
338338;GRANEŠINA NOVA;45.8592548;16.0517728
338346;PODGRADINA;43.0092735;17.560195
338389;PUSTIKE;45.5869063;16.0751112
338397;VAROŠ;44.6652253;15.4044344
338427;OMIŠALJ-NJIVICE;45.212277;14.5579873
338435;JOSIPOVAC PUNITOVAČKI;45.4195454;18.4175133
338460;SUŠAK;45.3265849;14.468822
338478;NOVSKA;45.3358278;16.9674363
338486;ČUČERJE NOVO;45.8868549;16.0607815
338494;OGULIN 1;45.250818;15.2290283
338508;KOSINJ;44.7100849;15.2908577
338516;KLINČA SELA;45.6864809;15.7405648
338532;KAŠTEL GOMILICA;43.5564829;16.3997621
338559;OKRUG NOVI;43.4893455;16.2587801
338567;GRADIĆI;45.7005;16.0361377
338613;DRAGANIĆ 1;45.5846197;15.5906555
338630;GORNJA MOTIČINA NOVA;45.4739603;17.9792255
338648;MALA ŠVARČA 1;45.4582413;15.547323
338656;SUBOTICA PODRAVSKA NOVA;46.1917509;16.7375117
338664;GORICA NOVA;46.2212796;16.7380265
338672;GAREŠNICA-CENTAR;45.574628;16.941619
338699;IVANOVCI ĐAKOVAČKI NOVA;45.3693116;18.4128434
338702;VELIKA VES NOVA;46.1272403;15.8950443
338729;DVORIŠĆE NOVA;45.3642357;16.0944409
338737;VIDUŠEVAC NOVA;45.3499945;16.0607463
338745;STUPNIK;45.745893;15.8413552
338753;BRAŠINA NOVA;42.6197507;18.184426
338761;VARAŽDIN II;46.3284644;16.2936365
338770;SELCE;45.1545746;14.7343417
338788;CESARICA NOVA;44.5535762;15.0389247
338796;SESVETE NOVO;45.834793;16.1030255
338818;DUSINA NOVA;43.1979234;17.4185773
338826;JAKUŠEVEC;45.7617927;16.0154991
338834;BANIĆEVAC NOVI;45.3385831;17.4644201
338842;PODVRŠKO NOVO;45.3513316;17.4269685
338869;BJELOVAR NOVI;45.9111988;16.8482041
338907;METKOVIĆ-GRAD;43.0371048;17.6383076
338923;VELIKA VRANOVINA NOVA;45.2796882;15.9775118
338931;LIPOVAC NOVA;45.0562283;19.0717269
338940;DOMASLOVEC;45.8139757;15.7463358
339083;ODRA;45.718195;15.9813906
339091;SALI NOVO;43.9113231;15.1648392
339105;LIČKI OSIK I;44.6070337;15.4182091
339113;LUKOVO ŠUGARJE I;44.4473497;15.2386641
339121;POKUPSKO NOVO;45.4905321;15.9883106
339130;SITNO NOVA;43.5158139;16.6187064
339148;SRINJINE NOVA;43.4870445;16.5994757
339156;GORNJA PODSTRANA;43.4957053;16.5635159
339164;CENTAR NOVI;45.8132221;15.9862266
339270;TREŠNJEVKA NOVA;45.7981267;15.9466317
339318;DONJE VRAPČE;45.7950897;15.9135897
339326;LUČKO;45.7777278;15.8553717
339334;DONJA KUPČINA NOVA;45.5481043;15.8097166
339369;BRČEVEC NOVI;45.8607534;16.412691
339385;DUBROVNIK NOVA;42.6567176;18.0720516
339407;ZAGRAD 1;45.496861;15.5154528
339415;VIVOZE;44.855945;15.2301883
339431;APŠEVCI NOVA;45.0739152;19.0719008
339440;PODGRAĐE NOVA;45.1033754;19.0310988
339458;DONJE MEKUŠJE 1;45.5015943;15.5973135
339466;GORNJE MEKUŠJE 1;45.4846397;15.5786638
339474;HERCEGOVAC NOVI;45.6547072;17.0119039
339482;DONJE POKUPJE 1;45.5446502;15.5461567
339504;KIHALAC NOVA;45.372283;16.1326475
339547;NOVO SELO GLINSKO 1;45.3727469;16.1719286
339555;BISTRANSKO PODGORJE NOVO 1;45.8658598;15.8382366
339563;BISTRANSKO PODGORJE NOVO 2;45.8892632;15.8428957
339571;ZELINA NOVA;45.9555327;16.230919
339580;KRAVARSKO NOVO;45.5798792;16.0479344
339601;MAČKOVEC NOVI;46.4252716;16.430409
339610;BREZJE;46.4146419;16.3932215
339628;KNEZOVEC;46.4363426;16.4184402
339695;KOSORE NOVE;43.9328448;16.4091563
339725;STRAŠNIK NOVI;45.4037339;16.2185785
339733;STARA DRENČINA 1;45.4712532;16.3026614
339741;JAZVENIK NOVI;45.4938425;16.3080145
339750;GRABERJE NOVO;45.3871897;16.1681953
339768;MAJA NOVA;45.2865987;16.1432695
339776;KLOŠTAR PODRAVSKI NOVA;45.983217;17.1678005
339784;BERAVCI NOVI;45.1429758;18.422148
339792;STARO PETROVO SELO 1;45.2298792;17.5240017
339806;SUHOVARE NOVE;44.1533099;15.4105415
339857;PETRINJA JUG;45.4397242;16.2798064
339873;KUTINA ZAPAD;45.4987317;16.7624186
339881;ODRANSKI OBREŽ;45.7053269;15.9306806
339890;ZRINSKI TOPOLOVAC NOVI;46.0156485;16.7509493
339903;KUŠEVAC;45.3518499;18.4234298
339911;CETINGRAD 1;45.1613498;15.7514183
339920;IMBRIOVEC NOVA;46.2556386;16.823852
339938;BREZOVICA;45.7297845;15.9073523
340014;BREST POKUPSKI NOVI;45.4721052;16.2588126
340057;STENJEVEC JUG;45.7967297;15.8783844
340065;STENJEVEC SJEVER;45.8143901;15.8773632
340073;DONJA DUBRAVA;45.8243163;16.0577465
340260;KRASICA-NOVA;45.3117813;14.5570793
340383;ŠTAGLINEC;46.1296143;16.8714639
340588;ZAPOLJE;45.2386467;17.4662798
340626;KUPINEČKI KRALJEVEC;45.684086;15.8552803
340634;DEMERJE;45.7247321;15.8730579
340715;KLARA NOVA;45.7674419;15.9643675
340723;SELO SVETI MARKO;44.674367;15.3620482
340758;PUNITOVCI NOVI;45.443648;18.4187131
340766;ORAHOVICA - GRAD;45.5465502;17.8896499
340774;ADŽAMOVCI NOVI;45.2510161;17.4598591
340880;KOLAN NOVI;44.487902;14.9289627
341428;MARTIN NOVI;45.4961334;18.0604615
341541;DIKLO NOVO;44.1588503;15.2219768
