naselje;grad_opcina;zupanija;stanovnistvo
Ada;Šodolovci;Osječko-baranjska županija;142
Adamovec;;Grad Zagreb;900
Adžamovci;Rešetari;Brodsko-posavska županija;446
Alaginci;Požega;Požeško-slavonska županija;170
Alan;Senj;Ličko-senjska županija;11
Aleksinica;Gospić;Ličko-senjska županija;105
Alilovci;Kaptol;Požeško-slavonska županija;318
Aljmaš;Erdut;Osječko-baranjska županija;481
Amatovci;Brestovac;Požeško-slavonska županija;0
Andigola;Čazma;Bjelovarsko-bilogorska županija;12
Andraševec;Oroslavje;Krapinsko-zagorska županija;838
Andrijaševci;Andrijaševci;Vukovarsko-srijemska županija;1749
Andrijevac;Koška;Osječko-baranjska županija;88
Andrilovec;Dugo Selo;Zagrebačka županija;284
Antenal – Antenal;Novigrad – Cittanova;Istarska županija;129
Antin;Tordinci;Vukovarsko-srijemska županija;602
Antolovec;Legrad;Koprivničko-križevačka županija;52
Antonci;Poreč – Parenzo;Istarska županija;230
Antonci – Antonzi;Grožnjan – Grisignana;Istarska županija;49
Antunovac;Antunovac;Osječko-baranjska županija;2036
Antunovac;Lipik;Požeško-slavonska županija;307
Antunovac;Velika;Požeško-slavonska županija;103
Anžići;Višnjan – Visignano;Istarska županija;52
Apatija;Ludbreg;Varaždinska županija;230
Apatovec;Križevci;Koprivničko-križevačka županija;287
Apševci;Nijemci;Vukovarsko-srijemska županija;203
Arapovac;Slunj;Karlovačka županija;1
Arbanija;Trogir;Splitsko-dalmatinska županija;349
Aržano;Cista Provo;Splitsko-dalmatinska županija;392
Auguštanovec;Pokupsko;Zagrebačka županija;101
Ašikovci;Pleternica;Požeško-slavonska županija;67
Babac;Sveti Filip i Jakov;Zadarska županija;4
Babina Greda;Babina Greda;Vukovarsko-srijemska županija;2762
Babina Rijeka;Donji Kukuruzari;Sisačko-moslavačka županija;90
Babinac;Ivanska;Bjelovarsko-bilogorska županija;118
Babinac;Velika Pisanica;Bjelovarsko-bilogorska županija;219
Babindub;Zadar;Zadarska županija;31
Babinec;Cestica;Varaždinska županija;514
Babino Polje;Mljet;Dubrovačko-neretvanska županija;262
Babići;Kaštelir-Labinci – Castelliere-S. Domenica;Istarska županija;76
Babići – Babici;Umag – Umago;Istarska županija;473
Babotok;Kapela;Bjelovarsko-bilogorska županija;78
Babudri;Višnjan – Visignano;Istarska županija;5
Badanj;Drniš;Šibensko-kninska županija;233
Baderna – Mompaderno;Poreč – Parenzo;Istarska županija;316
Badličan;Gornji Mihaljevec;Međimurska županija;90
Badljevina;Pakrac;Požeško-slavonska županija;597
Badovinci;Ozalj;Karlovačka županija;23
Badžula;Zažablje;Dubrovačko-neretvanska županija;56
Bair;Novska;Sisačko-moslavačka županija;5
Baići;Netretić;Karlovačka županija;3
Bajagić;Sinj;Splitsko-dalmatinska županija;496
Bajkini;Vižinada – Visinada;Istarska županija;37
Bajčići;Krk;Primorsko-goranska županija;123
Bakar;Bakar;Primorsko-goranska županija;1187
Bakarac;Kraljevica;Primorsko-goranska županija;287
Bakić;Slatina;Virovitičko-podravska županija;428
Bakovac Kosinjski;Perušić;Ličko-senjska županija;69
Bakovčica;Koprivnica;Koprivničko-križevačka županija;295
Baldaši;Vižinada – Visinada;Istarska županija;36
Bale;Bale – Valle;Istarska županija;973
Balinac;Glina;Sisačko-moslavačka županija;45
Balinci;Mikleuš;Virovitičko-podravska županija;52
Balići I;Žminj;Istarska županija;64
Baljci;Ružić;Šibensko-kninska županija;8
Bandino Selo;Slunj;Karlovačka županija;1
Banfi;Štrigova;Međimurska županija;209
Banićevac;Cernik;Brodsko-posavska županija;152
Banići;Dubrovačko primorje;Dubrovačko-neretvanska županija;124
Baničevec;Rakovec;Zagrebačka županija;171
Banj;Pašman;Zadarska županija;173
Banja;Ploče;Dubrovačko-neretvanska županija;153
Banja;Vrgorac;Splitsko-dalmatinska županija;209
Banje Selo;Sveti Ivan Zelina;Zagrebačka županija;110
Banjevci;Stankovci;Zadarska županija;401
Banjol;Rab;Primorsko-goranska županija;1708
Banjole;Medulin;Istarska županija;958
Banjsko Selo;Barilović;Karlovačka županija;144
Banki – Banchi;Poreč – Parenzo;Istarska županija;16
Bankovci;Požega;Požeško-slavonska županija;93
Bankovci;Zdenci;Virovitičko-podravska županija;113
Banova Jaruga;Kutina;Sisačko-moslavačka županija;605
Banovci;Bebrina;Brodsko-posavska županija;340
Banovci;Nijemci;Vukovarsko-srijemska županija;256
Banovo;Vrbovec;Zagrebačka županija;118
Banska Gorica;Tuhelj;Krapinsko-zagorska županija;26
Banska Selnica;Karlovac;Karlovačka županija;63
Banski Kovačevac;Lasinja;Karlovačka županija;83
Banski Moravci;Karlovac;Karlovačka županija;37
Bansko Vrpolje;Dvor;Sisačko-moslavačka županija;36
Banšćica;Gornja Stubica;Krapinsko-zagorska županija;172
Bapska;Ilok;Vukovarsko-srijemska županija;658
Bapča;Velika Gorica;Zagrebačka županija;109
Baranjsko Petrovo Selo;Petlovac;Osječko-baranjska županija;434
Barat;Kanfanar;Istarska županija;48
Barat;Višnjan – Visignano;Istarska županija;21
Barban;Barban;Istarska županija;218
Barbarići Kravarski;Kravarsko;Zagrebačka županija;209
Barbat;Rab;Primorsko-goranska županija;1140
Barbići;Raša;Istarska županija;55
Baredine;Buzet;Istarska županija;35
Baredine – Baredine;Buje – Buie;Istarska županija;62
Barica;Sirač;Bjelovarsko-bilogorska županija;43
Barilović;Barilović;Karlovačka županija;295
Barić Draga;Karlobag;Ličko-senjska županija;72
Barići;Višnjan – Visignano;Istarska županija;27
Barlabaševec;Gornja Rijeka;Koprivničko-križevačka županija;13
Barlete;Gospić;Ličko-senjska županija;21
Barotul;Pašman;Zadarska županija;83
Barovka;Krašić;Zagrebačka županija;6
Bartići;Labin;Istarska županija;62
Bartolovci;Sibinj;Brodsko-posavska županija;637
Bartolovec;Trnovec Bartolovečki;Varaždinska županija;653
Barušići;Buzet;Istarska županija;90
Barušići;Malinska-Dubašnica;Primorsko-goranska županija;33
Basara;Rakovica;Karlovačka županija;3
Bast;Baška Voda;Splitsko-dalmatinska županija;134
Bastajski Brđani;Đulovac;Bjelovarsko-bilogorska županija;0
Bater;Novi Vinodolski;Primorsko-goranska županija;93
Batina;Draž;Osječko-baranjska županija;594
Batina;Kutina;Sisačko-moslavačka županija;180
Batinjani;Pakrac;Požeško-slavonska županija;44
Batinjani;Đulovac;Bjelovarsko-bilogorska županija;193
Batinjska Rijeka;Đulovac;Bjelovarsko-bilogorska županija;29
Batinova Kosa;Topusko;Sisačko-moslavačka županija;31
Batinske;Kalinovac;Koprivničko-križevačka županija;69
Batlug;Gračišće;Istarska županija;119
Batnoga;Cetingrad;Karlovačka županija;65
Batomalj;Baška;Primorsko-goranska županija;127
Batrina;Nova Kapela;Brodsko-posavska županija;861
Baturi;Glina;Sisačko-moslavačka županija;0
Bazgalji;Gračišće;Istarska županija;230
Bazli;Čabar;Primorsko-goranska županija;4
Baćin;Hrvatska Dubica;Sisačko-moslavačka županija;146
Baćin Dol;Cernik;Brodsko-posavska županija;302
Baćina;Ploče;Dubrovačko-neretvanska županija;513
Bačevac;Gradina;Virovitičko-podravska županija;285
Bačkovica;Velika Pisanica;Bjelovarsko-bilogorska županija;27
Bačva;Višnjan – Visignano;Istarska županija;16
Bađinec;Dubrava;Zagrebačka županija;135
Bašanija – Bassania;Umag – Umago;Istarska županija;193
Bašarinka – Balzarini;Poreč – Parenzo;Istarska županija;106
Baška;Baška;Primorsko-goranska županija;899
Baška Voda;Baška Voda;Splitsko-dalmatinska županija;1766
Baške Oštarije;Karlobag;Ličko-senjska županija;28
Baškoti;Višnjan – Visignano;Istarska županija;51
Baštijani;Jelenje;Primorsko-goranska županija;14
Bebrina;Bebrina;Brodsko-posavska županija;372
Bedekovčina;Bedekovčina;Krapinsko-zagorska županija;3119
Bedenec;Ivanec;Varaždinska županija;600
Bedenica;Bedenica;Zagrebačka županija;483
Bedenik;Nova Rača;Bjelovarsko-bilogorska županija;359
Bedenička;Velika Pisanica;Bjelovarsko-bilogorska županija;13
Beder;Samobor;Zagrebačka županija;68
Bednja;Bednja;Varaždinska županija;596
Bednjica;Lepoglava;Varaždinska županija;171
Begi;Vrsar – Orsera;Istarska županija;31
Begluci;Gračac;Zadarska županija;59
Begovac;Saborsko;Karlovačka županija;34
Begovača;Berek;Bjelovarsko-bilogorska županija;31
Begovići;Petrinja;Sisačko-moslavačka županija;53
Begovo Brdo;Cetingrad;Karlovačka županija;0
Begovo Brdo Žumberačko;Krašić;Zagrebačka županija;8
Begovo Razdolje;Mrkopalj;Primorsko-goranska županija;36
Beketinci;Čepin;Osječko-baranjska županija;505
Beketinec;Križevci;Koprivničko-križevačka županija;31
Bektež;Kutjevo;Požeško-slavonska županija;296
Bela;Novi Marof;Varaždinska županija;54
Bela Vodica;Delnice;Primorsko-goranska županija;28
Belaj;Barilović;Karlovačka županija;150
Belaj;Cerovlje;Istarska županija;12
Belajska Vinica;Duga Resa;Karlovačka županija;163
Belajske Poljice;Barilović;Karlovačka županija;566
Belajski Malinci;Barilović;Karlovačka županija;41
Belanovo Selo;Rasinja;Koprivničko-križevačka županija;37
Belavići;Duga Resa;Karlovačka županija;274
Belavići;Marčana;Istarska županija;22
Belec;Zlatar;Krapinsko-zagorska županija;316
Belej;Mali Lošinj;Primorsko-goranska županija;40
Beletinec;Sveti Ilija;Varaždinska županija;865
Beli;Cres;Primorsko-goranska županija;54
Beli Manastir;Beli Manastir;Osječko-baranjska županija;6327
Belica;Belica;Međimurska županija;2038
Belinsko Selo;Ozalj;Karlovačka županija;2
Belišće;Belišće;Osječko-baranjska županija;5354
Beljevina;Đurđenovac;Osječko-baranjska županija;595
Belo;Delnice;Primorsko-goranska županija;6
Belo Selo;Fužine;Primorsko-goranska županija;66
Beloslavec;Bedenica;Zagrebačka županija;218
Belovar;;Grad Zagreb;354
Belovar Zlatarski;Bedekovčina;Krapinsko-zagorska županija;98
Belošići;Ozalj;Karlovačka županija;23
Belski Ravan;Skrad;Primorsko-goranska županija;0
Belčići;Jastrebarsko;Zagrebačka županija;70
Bencani – Benzani;Oprtalj – Portole;Istarska županija;5
Beničanci;Magadenovac;Osječko-baranjska županija;395
Benkovac;Benkovac;Zadarska županija;2484
Benkovac;Okučani;Brodsko-posavska županija;78
Benkovac Fužinski;Fužine;Primorsko-goranska županija;40
Benkovačko Selo;Benkovac;Zadarska županija;619
Benkovec;Bednja;Varaždinska županija;187
Benkovec Petrovski;Petrovsko;Krapinsko-zagorska županija;116
Benkovo;Pregrada;Krapinsko-zagorska županija;303
Benčani;Višnjan – Visignano;Istarska županija;18
Benčići;Žminj;Istarska županija;112
Berak;Tompojevci;Vukovarsko-srijemska županija;277
Beram;Pazin;Istarska županija;222
Beravci;Velika Kopanica;Brodsko-posavska županija;611
Berek;Berek;Bjelovarsko-bilogorska županija;395
Beretinec;Beretinec;Varaždinska županija;988
Berislavec;Sveti Ivan Zelina;Zagrebačka županija;39
Bertelovci;Jakšić;Požeško-slavonska županija;139
Bertoši;Pazin;Istarska županija;392
Bestovje;Sveta Nedelja;Zagrebačka županija;2236
Bestrma;Sunja;Sisačko-moslavačka županija;71
Beter;Klinča Sela;Zagrebačka županija;163
Betina;Tisno;Šibensko-kninska županija;718
Bezavina;Veliko Trgovišće;Krapinsko-zagorska županija;80
Beč;Bosiljevo;Karlovačka županija;7
Bečic;Oriovac;Brodsko-posavska županija;95
Bešinci;Kaptol;Požeško-slavonska županija;50
Bešlinec;Kloštar Ivanić;Zagrebačka županija;376
Bibali – Bibali;Buje – Buie;Istarska županija;105
Bibinje;Bibinje;Zadarska županija;3962
Bibići;Svetvinčenat;Istarska županija;139
Bicko Selo;Garčin;Brodsko-posavska županija;432
Bijela;Sirač;Bjelovarsko-bilogorska županija;27
Bijela Gorica;Marija Gorica;Zagrebačka županija;146
Bijela Loza;Podgorač;Osječko-baranjska županija;123
Bijela Stijena;Okučani;Brodsko-posavska županija;7
Bijele Vode;Glina;Sisačko-moslavačka županija;33
Bijele Zemlje – Terre Bianche;Grožnjan – Grisignana;Istarska županija;70
Bijeli Klanac;Krnjak;Karlovačka županija;3
Bijeli Vir;Zažablje;Dubrovačko-neretvanska županija;211
Bijeljevina Orahovička;Orahovica;Virovitičko-podravska županija;11
Bijelnik;Petrinja;Sisačko-moslavačka županija;34
Bijelo Brdo;Erdut;Osječko-baranjska županija;1517
Bikovec;Maruševec;Varaždinska županija;200
Bila Vlaka;Stankovci;Zadarska županija;156
Bilaj;Gospić;Ličko-senjska županija;143
Bile;Novi Vinodolski;Primorsko-goranska županija;7
Bili Brig;Nova Kapela;Brodsko-posavska županija;217
Bilice;Bilice;Šibensko-kninska županija;2546
Bilice;Pleternica;Požeško-slavonska županija;150
Bilišane;Obrovac;Zadarska županija;136
Bilje;Bilje;Osječko-baranjska županija;3163
Biljevec;Maruševec;Varaždinska županija;219
Biljevina;Delnice;Primorsko-goranska županija;3
Biljevine;Senj;Ličko-senjska županija;42
Bilo;Cetingrad;Karlovačka županija;11
Biograd na Moru;Biograd na Moru;Zadarska županija;5601
Biokovsko Selo;Zagvozd;Splitsko-dalmatinska županija;41
Biorine;Cista Provo;Splitsko-dalmatinska županija;152
Biovičino Selo;Kistanje;Šibensko-kninska županija;133
Biočić;Drniš;Šibensko-kninska županija;78
Birovača;Donji Lapac;Ličko-senjska županija;67
Bisag;Breznica;Varaždinska županija;135
Bisko;Trilj;Splitsko-dalmatinska županija;351
Biskupija;Biskupija;Šibensko-kninska županija;266
Bistrač;Sunja;Sisačko-moslavačka županija;36
Bistrica;Slatina;Virovitičko-podravska županija;118
Bistrinci;Belišće;Osječko-baranjska županija;1301
Bitorajci;Bosiljevo;Karlovačka županija;10
Bizovac;Bizovac;Osječko-baranjska županija;1713
Bićine;Skradin;Šibensko-kninska županija;173
Bičići;Barban;Istarska županija;69
Biševo;Komiža;Splitsko-dalmatinska županija;23
Biškupci;Velika;Požeško-slavonska županija;320
Biškupec Zelinski;Sveti Ivan Zelina;Zagrebačka županija;889
Bišćanovo;Glina;Sisačko-moslavačka županija;0
Bjelajci;Pakrac;Požeško-slavonska županija;0
Bjelanovac;Lipik;Požeško-slavonska županija;4
Bjelina;Benkovac;Zadarska županija;82
Bjeliševac;Kutjevo;Požeško-slavonska županija;80
Bjelkovac;Nova Bukovica;Virovitičko-podravska županija;37
Bjelopolje;Plitvička Jezera;Ličko-senjska županija;71
Bjelovar;Bjelovar;Bjelovarsko-bilogorska županija;24392
Blaca;Solin;Splitsko-dalmatinska županija;3
Blace;Slivno;Dubrovačko-neretvanska županija;273
Blacko;Pleternica;Požeško-slavonska županija;169
Blagaj;Slunj;Karlovačka županija;24
Blagdanići;Poreč – Parenzo;Istarska županija;22
Blagorodovac;Dežanovac;Bjelovarsko-bilogorska županija;155
Blaguša;;Grad Zagreb;524
Blanje;Viljevo;Osječko-baranjska županija;34
Blata;Saborsko;Karlovačka županija;28
Blatna Vas;Buzet;Istarska županija;11
Blatnica;Štefanje;Bjelovarsko-bilogorska županija;89
Blatnica Pokupska;Karlovac;Karlovačka županija;32
Blato;Blato;Dubrovačko-neretvanska županija;3282
Blato;Mljet;Dubrovačko-neretvanska županija;31
Blato na Cetini;Omiš;Splitsko-dalmatinska županija;462
Blatuša;Gvozd;Sisačko-moslavačka županija;138
Blaškovec;Sveti Ivan Zelina;Zagrebačka županija;559
Blaškovići;Kršan;Istarska županija;207
Blaževci;Vrbovsko;Primorsko-goranska županija;34
Blaževdol;Sveti Ivan Zelina;Zagrebačka županija;374
Blažević Dol;Staro Petrovo Selo;Brodsko-posavska županija;101
Blinja;Petrinja;Sisačko-moslavačka županija;58
Blinjska Greda;Sunja;Sisačko-moslavačka županija;18
Blinjski Kut;Sisak;Sisačko-moslavačka županija;194
Blizna Donja;Marina;Splitsko-dalmatinska županija;217
Blizna Gornja;Marina;Splitsko-dalmatinska županija;66
Bobare;Okučani;Brodsko-posavska županija;8
Bobodol;Promina;Šibensko-kninska županija;21
Bobota;Trpinja;Vukovarsko-srijemska županija;1202
Bobovac;Sunja;Sisačko-moslavačka županija;248
Bobovec Rozganski;Dubravica;Zagrebačka županija;341
Bobovec Tomaševečki;Klanjec;Krapinsko-zagorska županija;19
Bobovica;Samobor;Zagrebačka županija;258
Bobovišća;Milna;Splitsko-dalmatinska županija;15
Bobovišća na moru;Milna;Splitsko-dalmatinska županija;49
Bobovje;Krapina;Krapinsko-zagorska županija;457
Bocanjevci;Belišće;Osječko-baranjska županija;342
Bockovac;Viljevo;Osječko-baranjska županija;39
Bodegraj;Okučani;Brodsko-posavska županija;262
Bodovaljci;Vrbje;Brodsko-posavska županija;410
Bogatić;Drniš;Šibensko-kninska županija;71
Bogatić;Promina;Šibensko-kninska županija;22
Bogatnik;Obrovac;Zadarska županija;120
Bogačevo;Sveti Petar Orehovec;Koprivničko-križevačka županija;67
Bogačevo Riječko;Sveti Petar Orehovec;Koprivničko-križevačka županija;53
Bogdanovci;Bogdanovci;Vukovarsko-srijemska županija;614
Bogdanovec;Gornji Mihaljevec;Međimurska županija;115
Bogdanovići;Prgomet;Splitsko-dalmatinska županija;136
Bogdašić;Brestovac;Požeško-slavonska županija;0
Bogomolje;Sućuraj;Splitsko-dalmatinska županija;121
Bogovci;Netretić;Karlovačka županija;1
Bogovići;Malinska-Dubašnica;Primorsko-goranska županija;348
Bogovolja;Cetingrad;Karlovačka županija;77
Bojana;Čazma;Bjelovarsko-bilogorska županija;158
Bojačno;Zagorska Sela;Krapinsko-zagorska županija;6
Bojna;Glina;Sisačko-moslavačka županija;8
Bojnikovec;Križevci;Koprivničko-križevačka županija;194
Bok Palanječki;Martinska Ves;Sisačko-moslavačka županija;124
Bokane;Voćin;Virovitičko-podravska županija;135
Bokići;Višnjan – Visignano;Istarska županija;17
Bokordići;Svetvinčenat;Istarska županija;76
Bokšić;Tompojevci;Vukovarsko-srijemska županija;83
Bokšić;Đurđenovac;Osječko-baranjska županija;340
Bokšić Lug;Đurđenovac;Osječko-baranjska županija;209
Bol;Bol;Splitsko-dalmatinska županija;1656
Bolfan;Ludbreg;Varaždinska županija;362
Boljenovići;Ston;Dubrovačko-neretvanska županija;85
Boljevići;Kršan;Istarska županija;109
Boljun;Lupoglav;Istarska županija;64
Boljunsko Polje;Lupoglav;Istarska županija;143
Bolman;Jagodnjak;Osječko-baranjska županija;368
Bolomače;Brestovac;Požeško-slavonska županija;15
Bolč;Farkaševac;Zagrebačka županija;368
Bonaci – Bonazzi;Poreč – Parenzo;Istarska županija;130
Boraja;Šibenik;Šibensko-kninska županija;221
Borak;Omiš;Splitsko-dalmatinska županija;199
Borenec;Breznica;Varaždinska županija;98
Borik;Mikleuš;Virovitičko-podravska županija;175
Borinići;Barban;Istarska županija;5
Boričevac;Donji Lapac;Ličko-senjska županija;13
Boričevci;Brestovac;Požeško-slavonska županija;91
Boričevec Toplički;Varaždinske Toplice;Varaždinska županija;36
Boriš;Končanica;Bjelovarsko-bilogorska županija;6
Borje;Kalnik;Koprivničko-križevačka županija;102
Borkovec;Zlatar;Krapinsko-zagorska županija;205
Borojevci;Levanjska Varoš;Osječko-baranjska županija;0
Borojevići;Donji Kukuruzari;Sisačko-moslavačka županija;68
Borova;Suhopolje;Virovitičko-podravska županija;570
Borova Kosa;Đulovac;Bjelovarsko-bilogorska županija;53
Borovac;Novska;Sisačko-moslavačka županija;176
Borovci;Kula Norinska;Dubrovačko-neretvanska županija;30
Borovik;Drenje;Osječko-baranjska županija;1
Borovik;Komiža;Splitsko-dalmatinska županija;7
Borovita;Glina;Sisačko-moslavačka županija;5
Borovljani;Novigrad Podravski;Koprivničko-križevačka županija;187
Borovo;Borovo;Vukovarsko-srijemska županija;3555
Borut;Cerovlje;Istarska županija;180
Bosanci;Bosiljevo;Karlovačka županija;42
Bosanka;Dubrovnik;Dubrovačko-neretvanska županija;169
Bosiljevo;Bosiljevo;Karlovačka županija;44
Bosiljevo;Čazma;Bjelovarsko-bilogorska županija;214
Bosna;Bedenica;Zagrebačka županija;89
Botinac;Kapela;Bjelovarsko-bilogorska županija;88
Botinec;;Grad Zagreb;4
Botinovec;Koprivnički Ivanec;Koprivničko-križevačka županija;163
Botovo;Drnje;Koprivničko-križevačka županija;232
Bović;Gvozd;Sisačko-moslavačka županija;59
Bočadir;Konjščina;Krapinsko-zagorska županija;142
Bočaki;Konjščina;Krapinsko-zagorska županija;183
Bočkinci;Marijanci;Osječko-baranjska županija;173
Bočkovec;Sveti Petar Orehovec;Koprivničko-križevačka županija;253
Bošana;Pag;Zadarska županija;29
Boševci;Ozalj;Karlovačka županija;62
Boškari;Svetvinčenat;Istarska županija;39
Bošnjaci;Bošnjaci;Vukovarsko-srijemska županija;2868
Bošt;Duga Resa;Karlovačka županija;47
Božava;Sali;Zadarska županija;118
Božjakovina;Brckovljani;Zagrebačka županija;144
Brajakovo Brdo;Netretić;Karlovačka županija;114
Brajdić Selo;Rakovica;Karlovačka županija;80
Brajkovići;Kanfanar;Istarska županija;92
Brajkovići;Pazin;Istarska županija;340
Bralići;Vrsar – Orsera;Istarska županija;23
Branešci;Pakrac;Požeško-slavonska županija;32
Branimirovac;Koška;Osječko-baranjska županija;85
Branjin Vrh;Beli Manastir;Osječko-baranjska županija;764
Branjina;Popovac;Osječko-baranjska županija;223
Braslovje;Samobor;Zagrebačka županija;302
Bratelji;Samobor;Zagrebačka županija;11
Bratina;Pisarovina;Zagrebačka županija;677
Bratiškovci;Skradin;Šibensko-kninska županija;233
Bratkovec;Zagorska Sela;Krapinsko-zagorska županija;40
Bratovanci;Ozalj;Karlovačka županija;44
Bratovići – Bratovici;Poreč – Parenzo;Istarska županija;15
Bratovski Vrh;Klanjec;Krapinsko-zagorska županija;30
Bratulići;Marčana;Istarska županija;40
Bratuljevci;Velika;Požeško-slavonska županija;13
Bračak;Zabok;Krapinsko-zagorska županija;18
Bračevci;Drenje;Osječko-baranjska županija;149
Bračević;Muć;Splitsko-dalmatinska županija;139
Brašina;Župa dubrovačka;Dubrovačko-neretvanska županija;793
Brašljevica;Ozalj;Karlovačka županija;26
Brbinj;Sali;Zadarska županija;70
Brcković Draga;Generalski Stol;Karlovačka županija;26
Brckovljani;Brckovljani;Zagrebačka županija;1368
Brdce;Matulji;Primorsko-goranska županija;68
Brdo Cirkvensko;Sveti Ivan Žabno;Koprivničko-križevačka županija;127
Brdo Jesenjsko;Jesenje;Krapinsko-zagorska županija;138
Brdo Orehovečko;Sveti Petar Orehovec;Koprivničko-križevačka županija;42
Brdo Utinjsko;Vojnić;Karlovačka županija;41
Brdo – Berda;Buje – Buie;Istarska županija;13
Brdovec;Brdovec;Zagrebačka županija;2848
Brebernica;;Grad Zagreb;44
Brebornica;Krnjak;Karlovačka županija;36
Brebrovac;Jastrebarsko;Zagrebačka županija;70
Breg;Labin;Istarska županija;46
Breg Mokrički;Sveti Ivan Zelina;Zagrebačka županija;46
Bregana;Samobor;Zagrebačka županija;2198
Bregana Pisarovinska;Pisarovina;Zagrebačka županija;216
Breganica;Samobor;Zagrebačka županija;59
Bregi;Matulji;Primorsko-goranska županija;682
Bregi Kostelski;Pregrada;Krapinsko-zagorska županija;224
Bregi Radobojski;Radoboj;Krapinsko-zagorska županija;357
Bregi Zabočki Donji;Zabok;Krapinsko-zagorska županija;81
Bregovljana;Pušća;Zagrebačka županija;139
Brekinska;Lipik;Požeško-slavonska županija;107
Brela;Brela;Splitsko-dalmatinska županija;1472
Bresnica;Pleternica;Požeško-slavonska županija;175
Brest;Lanišće;Istarska županija;31
Brest Pod Učkom;Lupoglav;Istarska županija;47
Brest Pokupski;Petrinja;Sisačko-moslavačka županija;292
Brestača;Novska;Sisačko-moslavačka županija;809
Brestik;Glina;Sisačko-moslavačka županija;43
Brestova Draga;Mrkopalj;Primorsko-goranska županija;47
Brestovac;Brestovac;Požeško-slavonska županija;597
Brestovačka Brda;Končanica;Bjelovarsko-bilogorska županija;22
Brestovec Orehovički;Bedekovčina;Krapinsko-zagorska županija;305
Breza;Bjelovar;Bjelovarsko-bilogorska županija;135
Breza;Klana;Primorsko-goranska županija;53
Brezakovec;Zagorska Sela;Krapinsko-zagorska županija;66
Brezani;Rakovec;Zagrebačka županija;117
Brezari;Jastrebarsko;Zagrebačka županija;64
Brezarić;Krašić;Zagrebačka županija;242
Breze;Novi Vinodolski;Primorsko-goranska županija;14
Brezik;Gospić;Ličko-senjska županija;18
Brezik;Lukač;Virovitičko-podravska županija;186
Brezik;Nova Bukovica;Virovitičko-podravska županija;124
Brezik Našički;Našice;Osječko-baranjska županija;336
Brezine;Farkaševac;Zagrebačka županija;136
Brezine;Lipik;Požeško-slavonska županija;184
Brezje;Dubrava;Zagrebačka županija;94
Brezje;Gornja Stubica;Krapinsko-zagorska županija;229
Brezje;Sveta Nedelja;Zagrebačka županija;1468
Brezje;Sveti Juraj na Bregu;Međimurska županija;678
Brezje Dobransko;Skrad;Primorsko-goranska županija;2
Brezje Dravsko;Cestica;Varaždinska županija;203
Brezje Miholečko;Sveti Petar Orehovec;Koprivničko-križevačka županija;136
Brezje Vivodinsko;Ozalj;Karlovačka županija;6
Breznica;Breznica;Varaždinska županija;749
Breznica Našička;Koška;Osječko-baranjska županija;522
Breznica Đakovačka;Levanjska Varoš;Osječko-baranjska županija;175
Breznik;Ozalj;Karlovačka županija;5
Breznik Plešivički;Jastrebarsko;Zagrebačka županija;124
Breznik Žakanjski;Žakanje;Karlovačka županija;10
Breznički Hum;Breznički Hum;Varaždinska županija;410
Brezno Gora;Hum na Sutli;Krapinsko-zagorska županija;61
Brezova;Sveti Križ Začretje;Krapinsko-zagorska županija;300
Brezova Glava;Karlovac;Karlovačka županija;142
Brezova Gora;Bednja;Varaždinska županija;56
Brezovac;Bjelovar;Bjelovarsko-bilogorska županija;994
Brezovac;Novska;Sisačko-moslavačka županija;2
Brezovac;Rakovica;Karlovačka županija;8
Brezovac Dobroselski;Donji Lapac;Ličko-senjska županija;5
Brezovac Žumberački;Samobor;Zagrebačka županija;21
Brezovec;Sveti Martin na Muri;Međimurska županija;174
Brezovec Zelinski;Sveti Ivan Zelina;Zagrebačka županija;172
Brezovica;;Grad Zagreb;642
Brezovica;Gradina;Virovitičko-podravska županija;471
Brezovica;Marijanci;Osječko-baranjska županija;36
Brezovica Petrovska;Petrovsko;Krapinsko-zagorska županija;88
Brezovica Žumberačka;Ozalj;Karlovačka županija;17
Brezovljani;Sveti Ivan Žabno;Koprivničko-križevačka županija;274
Brezovljani Vojlovički;Čačinci;Virovitičko-podravska županija;29
Brezovo Polje;Glina;Sisačko-moslavačka županija;18
Brečevići;Tinjan;Istarska županija;182
Brečići;Pojezerje;Dubrovačko-neretvanska županija;0
Brešca;Matulji;Primorsko-goranska županija;171
Breštani;Udbina;Ličko-senjska županija;13
Breštanovci;Crnac;Virovitičko-podravska županija;99
Brežane Lekeničke;Lekenik;Sisačko-moslavačka županija;260
Brežani;Karlovac;Karlovačka županija;107
Brežani;Sveti Petar Orehovec;Koprivničko-križevačka županija;16
Brgod;Raša;Istarska županija;174
Brgud;Benkovac;Zadarska županija;21
Brgudac;Lanišće;Istarska županija;15
Brgulje;Zadar;Zadarska županija;63
Bribir;Skradin;Šibensko-kninska županija;89
Bribir;Vinodolska općina;Primorsko-goranska županija;1480
Brig;Vižinada – Visinada;Istarska županija;109
Brihovo;Žakanje;Karlovačka županija;150
Brijest;Osijek;Osječko-baranjska županija;1005
Brijesta;Ston;Dubrovačko-neretvanska županija;165
Briješće;Osijek;Osječko-baranjska županija;1153
Brinjani;Kutina;Sisačko-moslavačka županija;203
Brinje;Brinje;Ličko-senjska županija;1250
Brinjeva Draga;Čabar;Primorsko-goranska županija;3
Brist;Gradac;Splitsko-dalmatinska županija;351
Bristivica;Seget;Splitsko-dalmatinska županija;275
Brič – Briz;Buje – Buie;Istarska županija;8
Bričanci;Svetvinčenat;Istarska županija;69
Briševo;Poličnik;Zadarska županija;745
Brištani;Drniš;Šibensko-kninska županija;149
Brkač;Motovun – Montona;Istarska županija;223
Brkiševina;Lekenik;Sisačko-moslavačka županija;59
Brlekovo;Konjščina;Krapinsko-zagorska županija;57
Brlenić;Krašić;Zagrebačka županija;185
Brlog;Otočac;Ličko-senjska županija;256
Brlog Ozaljski;Kamanje;Karlovačka županija;74
Brloška Dubrava;Otočac;Ličko-senjska županija;38
Brnaze;Sinj;Splitsko-dalmatinska županija;3124
Brnelići;Jelenje;Primorsko-goranska županija;78
Brnjavac;Gvozd;Sisačko-moslavačka županija;49
Brnjeuška;Glina;Sisačko-moslavačka županija;9
Brnjica;Šibenik;Šibensko-kninska županija;57
Brnobići;Buzet;Istarska županija;61
Brnobići;Kaštelir-Labinci – Castelliere-S. Domenica;Istarska županija;156
Broce;Ston;Dubrovačko-neretvanska županija;90
Brod Moravice;Brod Moravice;Primorsko-goranska županija;270
Brod na Kupi;Delnice;Primorsko-goranska županija;156
Brodarica;Šibenik;Šibensko-kninska županija;2611
Brodarovec;Maruševec;Varaždinska županija;194
Brodić;Ferdinandovac;Koprivničko-križevačka županija;63
Brodski Drenovac;Pleternica;Požeško-slavonska županija;532
Brodski Stupnik;Brodski Stupnik;Brodsko-posavska županija;1285
Brodski Varoš;Slavonski Brod;Brodsko-posavska županija;1829
Brodski Zdenci;Podcrkavlje;Brodsko-posavska županija;271
Broskvari;Višnjan – Visignano;Istarska županija;16
Brotnice;Konavle;Dubrovačko-neretvanska županija;29
Brotnja;Gračac;Zadarska županija;22
Brovinje;Raša;Istarska županija;71
Broćanac;Rakovica;Karlovačka županija;25
Bročice;Novska;Sisačko-moslavačka županija;787
Brođanci;Bizovac;Osječko-baranjska županija;454
Brođani;Karlovac;Karlovačka županija;38
Brseč;Mošćenička Draga;Primorsko-goranska županija;124
Brsečine;Dubrovnik;Dubrovačko-neretvanska županija;84
Brtonigla – Verteneglio;Brtonigla – Verteneglio;Istarska županija;705
Brubno;Glina;Sisačko-moslavačka županija;0
Brusići;Krk;Primorsko-goranska županija;43
Brusje;Hvar;Splitsko-dalmatinska županija;174
Brusnik;Pakrac;Požeško-slavonska županija;15
Bruvno;Gračac;Zadarska županija;46
Brušane;Gospić;Ličko-senjska županija;126
Bruška;Benkovac;Zadarska županija;105
Brzac;Krk;Primorsko-goranska županija;174
Brčevec;Vrbovec;Zagrebačka županija;469
Brčino;Sibinj;Brodsko-posavska županija;137
Brčići;Poreč – Parenzo;Istarska županija;173
Brčići;Tinjan;Istarska županija;78
Brđani;Pleternica;Požeško-slavonska županija;32
Brđani;Rešetari;Brodsko-posavska županija;202
Brđani Cesta;Sunja;Sisačko-moslavačka županija;94
Brđani Kosa;Sunja;Sisačko-moslavačka županija;69
Brđani Sokolovački;Sokolovac;Koprivničko-križevačka županija;49
Bršadin;Trpinja;Vukovarsko-srijemska županija;931
Brštanovo;Klis;Splitsko-dalmatinska županija;265
Bubani;Kanfanar;Istarska županija;58
Bubnjarački Brod;Žakanje;Karlovačka županija;117
Bubnjarci;Žakanje;Karlovačka županija;197
Bucalovići;Višnjan – Visignano;Istarska županija;1
Budak;Gospić;Ličko-senjska županija;126
Budak;Stankovci;Zadarska županija;342
Budakovac;Gradina;Virovitičko-podravska županija;194
Budanica;Suhopolje;Virovitičko-podravska županija;58
Budančevica;Kloštar Podravski;Koprivničko-križevačka županija;396
Budačka Rijeka;Krnjak;Karlovačka županija;166
Budaševo;Sisak;Sisačko-moslavačka županija;1373
Budenec;;Grad Zagreb;367
Budim Vivodinski;Ozalj;Karlovačka županija;10
Budimci;Podgorač;Osječko-baranjska županija;536
Budimiri;Trilj;Splitsko-dalmatinska županija;69
Budinjak;Samobor;Zagrebačka županija;10
Budinščak;Donja Voća;Varaždinska županija;97
Budinščina;Budinščina;Krapinsko-zagorska županija;510
Budislavec;Vidovec;Varaždinska županija;190
Budrovac;Đurđevac;Koprivničko-križevačka županija;277
Budrovac Lukački;Lukač;Virovitičko-podravska županija;103
Budrovci;Đakovo;Osječko-baranjska županija;1107
Buhača;Cetingrad;Karlovačka županija;30
Buinja;Dvor;Sisačko-moslavačka županija;1
Buinjski Riječani;Dvor;Sisačko-moslavačka županija;2
Buići;Poreč – Parenzo;Istarska županija;134
Buići;Župa dubrovačka;Dubrovačko-neretvanska županija;356
Bujarići;Višnjan – Visignano;Istarska županija;0
Bujavica;Lipik;Požeško-slavonska županija;22
Buje – Buie;Buje – Buie;Istarska županija;2087
Buk;Pleternica;Požeško-slavonska županija;168
Buk Vlaka;Opuzen;Dubrovačko-neretvanska županija;470
Bukevje;Orle;Zagrebačka županija;360
Bukevje;Sveti Ivan Zelina;Zagrebačka županija;84
Bukori;Vižinada – Visinada;Istarska županija;21
Bukov Vrh;Skrad;Primorsko-goranska županija;27
Bukovac Perjasički;Slunj;Karlovačka županija;1
Bukovac Perušićki;Perušić;Ličko-senjska županija;66
Bukovac Podvrški;Skrad;Primorsko-goranska županija;0
Bukovac Svetojanski;Jastrebarsko;Zagrebačka županija;74
Bukovački Antunovac;Nova Bukovica;Virovitičko-podravska županija;109
Bukovec;Selnica;Međimurska županija;168
Bukovec Zelinski;Sveti Ivan Zelina;Zagrebačka županija;356
Bukovica;Rešetari;Brodsko-posavska županija;130
Bukovica;Topusko;Sisačko-moslavačka županija;0
Bukovica Prekriška;Krašić;Zagrebačka županija;18
Bukovica Utinjska;Vojnić;Karlovačka županija;57
Buković;Benkovac;Zadarska županija;421
Bukovje Bistransko;Bistra;Zagrebačka županija;370
Bukovje Križevačko;Križevci;Koprivničko-križevačka županija;261
Bukovje Netretićko;Netretić;Karlovačka županija;49
Bukovje Podvrško;Samobor;Zagrebačka županija;25
Bukovlje;Bukovlje;Brodsko-posavska županija;1733
Bukovsko;Sisak;Sisačko-moslavačka županija;76
Bukovčak;Velika Gorica;Zagrebačka županija;61
Bukovčani;Lipik;Požeško-slavonska županija;14
Bukvik;Čačinci;Virovitičko-podravska županija;127
Bulinac;Nova Rača;Bjelovarsko-bilogorska županija;314
Bulić;Benkovac;Zadarska županija;125
Bulići;Ozalj;Karlovačka županija;3
Bunica;Senj;Ličko-senjska županija;66
Bunić;Udbina;Ličko-senjska županija;96
Bunjak;Sveti Ivan Zelina;Zagrebačka županija;123
Bunjani;Križ;Zagrebačka županija;581
Bunjevci;Vrbovsko;Primorsko-goranska županija;28
Burić Selo;Krnjak;Karlovačka županija;9
Burići;Kanfanar;Istarska županija;54
Buroli – Buroli;Buje – Buie;Istarska županija;73
Busnovi;Brestovac;Požeško-slavonska županija;72
Butkovec;Breznički Hum;Varaždinska županija;200
Butkovići;Svetvinčenat;Istarska županija;208
Butoniga;Pazin;Istarska županija;66
Butori;Višnjan – Visignano;Istarska županija;3
Buzadovac;Gradec;Zagrebačka županija;98
Buzdohanj;Čavle;Primorsko-goranska županija;1648
Buzet;Buzet;Istarska županija;2339
Buzeta;Glina;Sisačko-moslavačka županija;50
Buzin;;Grad Zagreb;1074
Buzin;Skrad;Primorsko-goranska županija;1
Bučje;Pakrac;Požeško-slavonska županija;13
Bučje;Pleternica;Požeško-slavonska županija;253
Bučje Gorjansko;Drenje;Osječko-baranjska županija;62
Bušetina;Špišić Bukovica;Virovitičko-podravska županija;671
Buševec;Velika Gorica;Zagrebačka županija;1018
Bušević;Donji Lapac;Ličko-senjska županija;4
Bušin;Pregrada;Krapinsko-zagorska županija;127
Bužim;Gospić;Ličko-senjska županija;73
Bužinija – Businìa;Novigrad – Cittanova;Istarska županija;977
Bzenica;Pleternica;Požeško-slavonska županija;79
Cabuna;Suhopolje;Virovitičko-podravska županija;606
Cage;Okučani;Brodsko-posavska županija;290
Caginec;Ivanić-Grad;Zagrebačka županija;512
Cancini;Poreč – Parenzo;Istarska županija;186
Careva Draga;Krašić;Zagrebačka županija;3
Carevdar;Križevci;Koprivničko-križevačka županija;350
Carevići;Vrbovsko;Primorsko-goranska županija;13
Carevo Polje;Josipdol;Karlovačka županija;162
Carevo Selo;Barilović;Karlovačka županija;34
Cargovec;Vidovec;Varaždinska županija;366
Caska;Novalja;Ličko-senjska županija;24
Cavtat;Konavle;Dubrovačko-neretvanska županija;2189
Cebovec;Lobor;Krapinsko-zagorska županija;42
Celine;Jastrebarsko;Zagrebačka županija;66
Celine;Podturen;Međimurska županija;316
Celine;Vrbovec;Zagrebačka županija;873
Celine Goričke;Marija Gorica;Zagrebačka županija;119
Celine Samoborske;Samobor;Zagrebačka županija;324
Cepeliš;Petrinja;Sisačko-moslavačka županija;38
Cepidlak;Sveti Ivan Žabno;Koprivničko-križevačka županija;146
Cera;Unešić;Šibensko-kninska županija;25
Cere;Sveta Nedelja;Istarska županija;36
Cere;Žminj;Istarska županija;140
Ceremošnjak;Našice;Osječko-baranjska županija;81
Cerik;Vrbovec;Zagrebačka županija;38
Cerina;Čazma;Bjelovarsko-bilogorska županija;89
Cerion;Višnjan – Visignano;Istarska županija;44
Cerić;Nuštar;Vukovarsko-srijemska županija;1292
Cerjani;Kaštelir-Labinci – Castelliere-S. Domenica;Istarska županija;22
Cerje;;Grad Zagreb;408
Cerje;Vrbovec;Zagrebačka županija;195
Cerje Jesenjsko;Jesenje;Krapinsko-zagorska županija;148
Cerje Letovanićko;Lekenik;Sisačko-moslavačka županija;40
Cerje Nebojse;Maruševec;Varaždinska županija;401
Cerje Pokupsko;Pokupsko;Zagrebačka županija;68
Cerje Samoborsko;Samobor;Zagrebačka županija;338
Cerje Tužno;Ivanec;Varaždinska županija;159
Cerje Vivodinsko;Ozalj;Karlovačka županija;22
Cerna;Cerna;Vukovarsko-srijemska županija;3019
Cernik;Cernik;Brodsko-posavska županija;1426
Cernik;Čavle;Primorsko-goranska županija;1274
Cernik;Žumberak;Zagrebačka županija;5
Cernička Šagovina;Cernik;Brodsko-posavska županija;206
Cerovac;Bizovac;Osječko-baranjska županija;10
Cerovac;Gračac;Zadarska županija;2
Cerovac;Jakšić;Požeško-slavonska županija;191
Cerovac Barilovićki;Barilović;Karlovačka županija;91
Cerovac Vukmanićki;Karlovac;Karlovačka županija;787
Cerovački Galovići;Duga Resa;Karlovačka županija;59
Cerovica;Samobor;Zagrebačka županija;4
Cerovljani;Hrvatska Dubica;Sisačko-moslavačka županija;125
Cerovlje;Cerovlje;Istarska županija;197
Cerovnik;Josipdol;Karlovačka županija;131
Cerovski Vrh;Velika Gorica;Zagrebačka županija;90
Cesarica;Karlobag;Ličko-senjska županija;110
Cesarska Ves;Klanjec;Krapinsko-zagorska županija;11
Cestica;Cestica;Varaždinska županija;479
Cetina;Civljane;Šibensko-kninska županija;124
Cetingrad;Cetingrad;Karlovačka županija;293
Cetinovec;Zlatar;Krapinsko-zagorska županija;115
Cetinski Varoš;Cetingrad;Karlovačka županija;15
Cicvare;Pakrac;Požeško-slavonska županija;0
Cicvare;Skradin;Šibensko-kninska županija;12
Ciglena;Bjelovar;Bjelovarsko-bilogorska županija;278
Ciglenica;Garešnica;Bjelovarsko-bilogorska županija;283
Ciglenica;Popovača;Sisačko-moslavačka županija;101
Ciglenica Zagorska;Sveti Križ Začretje;Krapinsko-zagorska županija;551
Ciglenik;Kutjevo;Požeško-slavonska županija;94
Ciglenik;Oriovac;Brodsko-posavska županija;133
Cigrovec;Pregrada;Krapinsko-zagorska županija;360
Cikote;Pakrac;Požeško-slavonska županija;10
Cirkovljan;Prelog;Međimurska županija;694
Cirkvena;Sveti Ivan Žabno;Koprivničko-križevačka županija;507
Cista Provo;Cista Provo;Splitsko-dalmatinska županija;404
Cista Velika;Cista Provo;Splitsko-dalmatinska županija;441
Civljane;Civljane;Šibensko-kninska županija;47
Cokuni;Marčana;Istarska županija;69
Colnari;Brod Moravice;Primorsko-goranska županija;0
Cremušina;Veliki Grđevac;Bjelovarsko-bilogorska županija;1
Cres;Cres;Primorsko-goranska županija;2185
Cret Bizovački;Bizovac;Osječko-baranjska županija;485
Cret Viljevski;Viljevo;Osječko-baranjska županija;51
Crevarska Strana;Gvozd;Sisačko-moslavačka županija;101
Crikvenica;Crikvenica;Primorsko-goranska županija;6239
Crivac;Muć;Splitsko-dalmatinska županija;290
Crklada;Vižinada – Visinada;Istarska županija;122
Crkovec;Lepoglava;Varaždinska županija;141
Crkvari;Orahovica;Virovitičko-podravska županija;112
Crkveni Bok;Sunja;Sisačko-moslavačka županija;75
Crkveni Vrhovci;Požega;Požeško-slavonska županija;18
Crljenci;Brestovac;Požeško-slavonska županija;4
Crljenik;Stankovci;Zadarska županija;123
Crna Draga;Lasinja;Karlovačka županija;114
Crna Klada;Našice;Osječko-baranjska županija;0
Crna Mlaka;Jastrebarsko;Zagrebačka županija;23
Crnac;Crnac;Virovitičko-podravska županija;407
Crnac;Sisak;Sisačko-moslavačka županija;656
Crni;Raša;Istarska županija;20
Crni Dabar;Karlobag;Ličko-senjska županija;0
Crni Kal;Senj;Ličko-senjska županija;61
Crni Lazi;Čabar;Primorsko-goranska županija;88
Crni Lug;Delnice;Primorsko-goranska županija;209
Crni Potok;Podcrkavlje;Brodsko-posavska županija;0
Crni Potok;Topusko;Sisačko-moslavačka županija;100
Crno;Novi Vinodolski;Primorsko-goranska županija;8
Crno;Zadar;Zadarska županija;622
Crno Kamanje;Generalski Stol;Karlovačka županija;15
Crno Vrelo;Slunj;Karlovačka županija;6
Crveni Vrh – Monte Rosso;Umag – Umago;Istarska županija;177
Cubinec;Križevci;Koprivničko-križevačka županija;492
Cugovec;Gradec;Zagrebačka županija;417
Cukrići;Svetvinčenat;Istarska županija;172
Culibrki;Netretić;Karlovačka županija;4
Cunj;Buzet;Istarska županija;15
Curkovec;Sveti Ivan Zelina;Zagrebačka županija;69
Cvetišće;Ozalj;Karlovačka županija;0
Cvetkovec;Rasinja;Koprivničko-križevačka županija;154
Cvetković;Jastrebarsko;Zagrebačka županija;549
Cvetković Brdo;Velika Gorica;Zagrebačka županija;25
Cvetlin;Bednja;Varaždinska županija;251
Cvetnić Brdo;Pokupsko;Zagrebačka županija;21
Cvijanović Brdo;Slunj;Karlovačka županija;0
Cvitani;Višnjan – Visignano;Istarska županija;20
Cvitović;Slunj;Karlovačka županija;234
Dabar;Hrvace;Splitsko-dalmatinska županija;14
Dabar;Otočac;Ličko-senjska županija;59
Dabašnica;Gračac;Zadarska županija;1
Dabrina;Glina;Sisačko-moslavačka županija;54
Dajla – Daila;Novigrad – Cittanova;Istarska županija;353
Dalj;Erdut;Osječko-baranjska županija;2877
Damalj;Vrbovsko;Primorsko-goranska županija;19
Danci;Vižinada – Visinada;Istarska županija;17
Dane;Lanišće;Istarska županija;6
Dane;Samobor;Zagrebačka županija;7
Dani;Bosiljevo;Karlovačka županija;1
Danilo;Šibenik;Šibensko-kninska županija;319
Danilo Biranj;Šibenik;Šibensko-kninska županija;416
Danilo Kraljice;Šibenik;Šibensko-kninska županija;87
Dančanje;Ston;Dubrovačko-neretvanska županija;31
Dančulovići;Ozalj;Karlovačka županija;19
Dapci;Čazma;Bjelovarsko-bilogorska županija;184
Dapčevački Brđani;Grubišno Polje;Bjelovarsko-bilogorska županija;41
Daranovci;Brestovac;Požeško-slavonska županija;160
Darda;Darda;Osječko-baranjska županija;4151
Darkovac;Čaglin;Požeško-slavonska županija;13
Daruvar;Daruvar;Bjelovarsko-bilogorska županija;7440
Daruvarski Brestovac;Končanica;Bjelovarsko-bilogorska županija;546
Daruvarski Vinogradi;Daruvar;Bjelovarsko-bilogorska županija;182
Daskatica;Štefanje;Bjelovarsko-bilogorska županija;88
Dautan;Nova Rača;Bjelovarsko-bilogorska županija;245
Davor;Davor;Brodsko-posavska županija;2025
Dazlina;Tisno;Šibensko-kninska županija;46
Deanovec;Ivanić-Grad;Zagrebačka županija;503
Deanovići;Petrinja;Sisačko-moslavačka županija;20
Debeljak;Sukošan;Zadarska županija;895
Debeljuhi;Žminj;Istarska županija;113
Debelo Brdo;Udbina;Ličko-senjska županija;47
Debelo Brdo I;Gospić;Ličko-senjska županija;56
Debelo Brdo II;Gospić;Ličko-senjska županija;4
Dedin;Delnice;Primorsko-goranska županija;154
Dedina;Sveti Petar Orehovec;Koprivničko-križevačka županija;193
Dekanovec;Dekanovec;Međimurska županija;739
Deklevi;Višnjan – Visignano;Istarska županija;15
Deklešanec;Gornja Rijeka;Koprivničko-križevačka županija;112
Deklići;Kaštelir-Labinci – Castelliere-S. Domenica;Istarska županija;34
Dekovići;Poreč – Parenzo;Istarska županija;44
Delači;Brod Moravice;Primorsko-goranska županija;9
Delić Poljana;Cetingrad;Karlovačka županija;8
Delići;Vrsar – Orsera;Istarska županija;21
Delkovec;Mače;Krapinsko-zagorska županija;112
Delnice;Delnice;Primorsko-goranska županija;3861
Delovi;Novigrad Podravski;Koprivničko-križevačka županija;169
Demerje;;Grad Zagreb;737
Dereza;Pakrac;Požeško-slavonska županija;10
Dereza;Čazma;Bjelovarsko-bilogorska županija;194
Derežani;Ivanić-Grad;Zagrebačka županija;214
Deringaj;Gračac;Zadarska županija;68
Dervišaga;Požega;Požeško-slavonska županija;732
Desinić;Desinić;Krapinsko-zagorska županija;330
Desinić Gora;Desinić;Krapinsko-zagorska županija;98
Desmerice;Ogulin;Karlovačka županija;231
Desne;Kula Norinska;Dubrovačko-neretvanska županija;111
Desni Degoj;Glina;Sisačko-moslavačka županija;53
Desni Dubrovčak;Martinska Ves;Sisačko-moslavačka županija;65
Desni Štefanki;Lasinja;Karlovačka županija;211
Desno Sredičko;Lasinja;Karlovačka županija;156
Desno Trebarjevo;Martinska Ves;Sisačko-moslavačka županija;273
Desno Željezno;Martinska Ves;Sisačko-moslavačka županija;127
Desprim;;Grad Zagreb;343
Detkovac;Gradina;Virovitičko-podravska županija;204
Dežanovac;Dežanovac;Bjelovarsko-bilogorska županija;608
Deževci;Brestovac;Požeško-slavonska županija;119
Dicmo Ercegovci;Dicmo;Splitsko-dalmatinska županija;121
Dicmo Kraj;Dicmo;Splitsko-dalmatinska županija;689
Dicmo Krušvar;Dicmo;Splitsko-dalmatinska županija;457
Dicmo Osoje;Dicmo;Splitsko-dalmatinska županija;387
Dicmo Prisoje;Dicmo;Splitsko-dalmatinska županija;610
Dicmo Sičane;Dicmo;Splitsko-dalmatinska županija;451
Dicmo Sušci;Dicmo;Splitsko-dalmatinska županija;90
Dijakovac;Grubišno Polje;Bjelovarsko-bilogorska županija;20
Dijaneš;Vrbovec;Zagrebačka županija;158
Dijankovec;Križevci;Koprivničko-križevačka županija;140
Diklići;Višnjan – Visignano;Istarska županija;50
Dinjevac;Pitomača;Virovitičko-podravska županija;362
Dinjiška;Pag;Zadarska županija;111
Dioš;Končanica;Bjelovarsko-bilogorska županija;121
Divjake;Skrad;Primorsko-goranska županija;28
Divojevići;Lećevica;Splitsko-dalmatinska županija;32
Divoselo;Gospić;Ličko-senjska županija;1
Divoš;Ernestinovo;Osječko-baranjska županija;54
Divoševci;Velika Kopanica;Brodsko-posavska županija;262
Divulje;Trogir;Splitsko-dalmatinska županija;52
Divuša;Dvor;Sisačko-moslavačka županija;39
Divšići;Marčana;Istarska županija;162
Dišnik;Garešnica;Bjelovarsko-bilogorska županija;320
Djedina Rijeka;Čaglin;Požeško-slavonska županija;99
Dnopolje;Donji Lapac;Ličko-senjska županija;63
Dobra Kuća;Đulovac;Bjelovarsko-bilogorska županija;16
Dobra Voda;Benkovac;Zadarska županija;79
Dobra Voda;Čaglin;Požeško-slavonska županija;2
Dobranje;Cista Provo;Splitsko-dalmatinska županija;87
Dobranje;Zažablje;Dubrovačko-neretvanska županija;5
Dobrenići;Generalski Stol;Karlovačka županija;262
Dobreć;Opatija;Primorsko-goranska županija;375
Dobri Zdenci;Gornja Stubica;Krapinsko-zagorska županija;112
Dobrinj;Dobrinj;Primorsko-goranska županija;89
Dobrinče;Lovreć;Splitsko-dalmatinska županija;170
Dobrić;Voćin;Virovitičko-podravska županija;0
Dobrodol;;Grad Zagreb;1165
Dobrogošće;Čaglin;Požeško-slavonska županija;11
Dobropoljana;Pašman;Zadarska županija;278
Dobropoljci;Lišane Ostrovičke;Zadarska županija;23
Dobroselo;Donji Lapac;Ličko-senjska županija;76
Dobrovac;Lipik;Požeško-slavonska županija;304
Dobrović;Nova Bukovica;Virovitičko-podravska županija;87
Dodoši;Petrinja;Sisačko-moslavačka županija;46
Dograde;Marina;Splitsko-dalmatinska županija;166
Dojutrovica;Ozalj;Karlovačka županija;28
Dokmanovići;Vrbovsko;Primorsko-goranska županija;36
Dol;Krašić;Zagrebačka županija;172
Dol;Postira;Splitsko-dalmatinska županija;107
Dol;Stari Grad;Splitsko-dalmatinska županija;305
Dol Klanječki;Klanjec;Krapinsko-zagorska županija;96
Dolac;Brestovac;Požeško-slavonska županija;179
Dolanjski Jarak;Jastrebarsko;Zagrebačka županija;23
Dolci;Orahovica;Virovitičko-podravska županija;239
Dolec Podokićki;Samobor;Zagrebačka županija;77
Dolenci;Vrbovsko;Primorsko-goranska županija;8
Dolenja Vas;Lupoglav;Istarska županija;48
Doli;Dubrovačko primorje;Dubrovačko-neretvanska županija;148
Dolina;Vrbje;Brodsko-posavska županija;174
Dolića Draga;Lokvičići;Splitsko-dalmatinska županija;309
Doliće;Krapina;Krapinsko-zagorska županija;413
Doljan;Sveti Ilija;Varaždinska županija;398
Doljanci;Velika;Požeško-slavonska županija;74
Doljanec;Križevci;Koprivničko-križevačka županija;37
Doljani;Daruvar;Bjelovarsko-bilogorska županija;650
Doljani;Donji Lapac;Ličko-senjska županija;69
Doljani;Otočac;Ličko-senjska županija;75
Doljani Žumberački;Ozalj;Karlovačka županija;14
Doljanovci;Kaptol;Požeško-slavonska županija;199
Dolnjaki;Glina;Sisačko-moslavačka županija;76
Dolovo;Dobrinj;Primorsko-goranska županija;0
Doluš;Brod Moravice;Primorsko-goranska županija;5
Domagović;Jastrebarsko;Zagrebačka županija;483
Domahovo;Veliko Trgovišće;Krapinsko-zagorska županija;295
Domaji;Sokolovac;Koprivničko-križevačka županija;154
Domankuš;Rovišće;Bjelovarsko-bilogorska županija;220
Domaslovec;Samobor;Zagrebačka županija;903
Domašinec;Domašinec;Međimurska županija;1456
Domijanići;Žminj;Istarska županija;125
Dominkovica;Veliko Trojstvo;Bjelovarsko-bilogorska županija;36
Domitrovec;Vidovec;Varaždinska županija;296
Domovec;Hrašćina;Krapinsko-zagorska županija;82
Donja Banda;Orebić;Dubrovačko-neretvanska županija;154
Donja Batina;Zlatar;Krapinsko-zagorska županija;310
Donja Batina – dio (217 – 258);Konjščina;Krapinsko-zagorska županija;81
Donja Bačuga;Petrinja;Sisačko-moslavačka županija;78
Donja Bebrina;Klakar;Brodsko-posavska županija;378
Donja Bistra;Bistra;Zagrebačka županija;1455
Donja Brckovčina;Križevci;Koprivničko-križevačka županija;132
Donja Brusovača;Vojnić;Karlovačka županija;89
Donja Budičina;Petrinja;Sisačko-moslavačka županija;196
Donja Bukovica;Nova Bukovica;Virovitičko-podravska županija;40
Donja Bučica;Glina;Sisačko-moslavačka županija;28
Donja Dobra;Brod Moravice;Primorsko-goranska županija;193
Donja Drenova;Sveti Ivan Zelina;Zagrebačka županija;300
Donja Dubrava;Donja Dubrava;Međimurska županija;1658
Donja Glina;Slunj;Karlovačka županija;15
Donja Glogovnica;Križevci;Koprivničko-križevačka županija;93
Donja Gračenica;Popovača;Sisačko-moslavačka županija;820
Donja Greda;Rugvica;Zagrebačka županija;116
Donja Jagodnja;Polača;Zadarska županija;126
Donja Jelenska;Popovača;Sisačko-moslavačka županija;62
Donja Konjščina;Konjščina;Krapinsko-zagorska županija;128
Donja Kovačica;Veliki Grđevac;Bjelovarsko-bilogorska županija;232
Donja Krašićevica;Delnice;Primorsko-goranska županija;0
Donja Kupčina;Pisarovina;Zagrebačka županija;881
Donja Lamana Draga;Brod Moravice;Primorsko-goranska županija;4
Donja Letina;Sunja;Sisačko-moslavačka županija;20
Donja Lomnica;Velika Gorica;Zagrebačka županija;1603
Donja Mlinoga;Petrinja;Sisačko-moslavačka županija;84
Donja Motičina;Donja Motičina;Osječko-baranjska županija;990
Donja Obreška;Kloštar Ivanić;Zagrebačka županija;108
Donja Obrijež;Pakrac;Požeško-slavonska županija;176
Donja Oraovica;Dvor;Sisačko-moslavačka županija;25
Donja Pastuša;Petrinja;Sisačko-moslavačka županija;6
Donja Pačetina;Sveti Križ Začretje;Krapinsko-zagorska županija;661
Donja Perjasica;Barilović;Karlovačka županija;8
Donja Petrička;Ivanska;Bjelovarsko-bilogorska županija;120
Donja Pištana;Orahovica;Virovitičko-podravska županija;207
Donja Plemenšćina;Pregrada;Krapinsko-zagorska županija;133
Donja Podgora;Donja Stubica;Krapinsko-zagorska županija;319
Donja Poljana;Varaždinske Toplice;Varaždinska županija;365
Donja Purgarija;Klinča Sela;Zagrebačka županija;124
Donja Pušća;Pušća;Zagrebačka županija;846
Donja Rašenica;Grubišno Polje;Bjelovarsko-bilogorska županija;129
Donja Reka;Jastrebarsko;Zagrebačka županija;327
Donja Rijeka;Gornja Rijeka;Koprivničko-križevačka županija;176
Donja Selnica;Zlatar;Krapinsko-zagorska županija;151
Donja Stranica;Ribnik;Karlovačka županija;1
Donja Stubica;Donja Stubica;Krapinsko-zagorska županija;2121
Donja Stupnica;Dvor;Sisačko-moslavačka županija;59
Donja Suvaja;Gračac;Zadarska županija;47
Donja Topličica;Sveti Ivan Zelina;Zagrebačka županija;72
Donja Trebinja;Karlovac;Karlovačka županija;10
Donja Trstenica;Glina;Sisačko-moslavačka županija;0
Donja Velešnja;Donji Kukuruzari;Sisačko-moslavačka županija;156
Donja Velika;Preseka;Zagrebačka županija;53
Donja Velika;Sokolovac;Koprivničko-križevačka županija;83
Donja Visočka;Slunj;Karlovačka županija;4
Donja Višnjica;Lepoglava;Varaždinska županija;511
Donja Vlahinička;Popovača;Sisačko-moslavačka županija;381
Donja Voća;Donja Voća;Varaždinska županija;958
Donja Vrba;Gornja Vrba;Brodsko-posavska županija;514
Donja Vrijeska;Đulovac;Bjelovarsko-bilogorska županija;50
Donja Vrućica;Trpanj;Dubrovačko-neretvanska županija;23
Donja Zdenčina;Klinča Sela;Zagrebačka županija;934
Donja Zelina;Sveti Ivan Zelina;Zagrebačka županija;786
Donja Čemernica;Topusko;Sisačko-moslavačka županija;92
Donja Šemnica;Krapina;Krapinsko-zagorska županija;797
Donja Šumetlica;Pakrac;Požeško-slavonska županija;4
Donja Šušnjara;Štefanje;Bjelovarsko-bilogorska županija;115
Donja Žrvnica;Cetingrad;Karlovačka županija;0
Donjara;Sokolovac;Koprivničko-križevačka županija;16
Donje Bazije;Čađavica;Virovitičko-podravska županija;94
Donje Biljane;Benkovac;Zadarska županija;209
Donje Brezno;Hum na Sutli;Krapinsko-zagorska županija;95
Donje Bukovlje;Generalski Stol;Karlovačka županija;81
Donje Ceranje;Benkovac;Zadarska županija;42
Donje Cjepidlake;Đulovac;Bjelovarsko-bilogorska županija;7
Donje Dubrave;Ogulin;Karlovačka županija;152
Donje Dvorišće;Dugo Selo;Zagrebačka županija;172
Donje Gnojnice;Cetingrad;Karlovačka županija;12
Donje Jame;Glina;Sisačko-moslavačka županija;9
Donje Jesenje;Jesenje;Krapinsko-zagorska županija;325
Donje Komarevo;Sisak;Sisačko-moslavačka županija;255
Donje Kusonje;Voćin;Virovitičko-podravska županija;5
Donje Ladanje;Maruševec;Varaždinska županija;1030
Donje Makojišće;Novi Marof;Varaždinska županija;408
Donje Mekušje;Karlovac;Karlovačka županija;193
Donje Mokrice;Petrinja;Sisačko-moslavačka županija;43
Donje Mrzlo Polje Mrežničko;Duga Resa;Karlovačka županija;507
Donje Novo Selo;Nijemci;Vukovarsko-srijemska županija;376
Donje Obuljeno;Dubrovnik;Dubrovačko-neretvanska županija;243
Donje Ogorje;Muć;Splitsko-dalmatinska županija;107
Donje Orešje;Sveti Ivan Zelina;Zagrebačka županija;446
Donje Pazarište;Gospić;Ličko-senjska županija;80
Donje Planjane;Unešić;Šibensko-kninska županija;37
Donje Podotočje;Velika Gorica;Zagrebačka županija;365
Donje Polje;Šibenik;Šibensko-kninska županija;188
Donje Postinje;Muć;Splitsko-dalmatinska županija;84
Donje Predrijevo;Zdenci;Virovitičko-podravska županija;80
Donje Prekrižje;Krašić;Zagrebačka županija;52
Donje Prilišće;Netretić;Karlovačka županija;67
Donje Primišlje;Slunj;Karlovačka županija;22
Donje Psarjevo;Sveti Ivan Zelina;Zagrebačka županija;284
Donje Raštane;Sveti Filip i Jakov;Zadarska županija;485
Donje Selište;Glina;Sisačko-moslavačka županija;75
Donje Selo;Šolta;Splitsko-dalmatinska županija;190
Donje Sitno;Split;Splitsko-dalmatinska županija;289
Donje Stative;Netretić;Karlovačka županija;191
Donje Taborište;Glina;Sisačko-moslavačka županija;28
Donje Taborište;Slunj;Karlovačka županija;181
Donje Tihovo;Delnice;Primorsko-goranska županija;4
Donje Utore;Unešić;Šibensko-kninska županija;7
Donje Vino;Krapinske Toplice;Krapinsko-zagorska županija;123
Donje Vinovo;Unešić;Šibensko-kninska županija;52
Donje Vratno;Vinica;Varaždinska županija;247
Donje Vratno-dio;Petrijanec;Varaždinska županija;496
Donje Zagorje;Ogulin;Karlovačka županija;198
Donje Zdjelice;Virje;Koprivničko-križevačka županija;63
Donji Andrijevci;Donji Andrijevci;Brodsko-posavska županija;2097
Donji Babin Potok;Vrhovine;Ličko-senjska županija;72
Donji Bitelić;Hrvace;Splitsko-dalmatinska županija;237
Donji Bjelovac;Donji Kukuruzari;Sisačko-moslavačka županija;31
Donji Bogićevci;Dragalić;Brodsko-posavska županija;45
Donji Borki;Sirač;Bjelovarsko-bilogorska županija;46
Donji Brgat;Župa dubrovačka;Dubrovačko-neretvanska županija;133
Donji Budački;Krnjak;Karlovačka županija;99
Donji Bukovac Žakanjski;Žakanje;Karlovačka županija;83
Donji Cerovac;Slunj;Karlovačka županija;116
Donji Crnogovci;Staro Petrovo Selo;Brodsko-posavska županija;106
Donji Daruvar;Daruvar;Bjelovarsko-bilogorska županija;624
Donji Desinec;Jastrebarsko;Zagrebačka županija;737
Donji Dobretin;Dvor;Sisačko-moslavačka županija;7
Donji Dolac;Omiš;Splitsko-dalmatinska županija;284
Donji Draganec;Čazma;Bjelovarsko-bilogorska županija;120
Donji Dragičevci;Čazma;Bjelovarsko-bilogorska županija;35
Donji Dragonožec;;Grad Zagreb;583
Donji Dubovec;Križevci;Koprivničko-križevačka županija;30
Donji Emovci;Požega;Požeško-slavonska županija;136
Donji Fodrovec;Sveti Petar Orehovec;Koprivničko-križevačka županija;156
Donji Furjan;Slunj;Karlovačka županija;39
Donji Grahovljani;Pakrac;Požeško-slavonska županija;18
Donji Gučani;Brestovac;Požeško-slavonska županija;75
Donji Hrastovac;Sunja;Sisačko-moslavačka županija;143
Donji Hrašćan;Donji Kraljevec;Međimurska županija;420
Donji Hruševec;Kravarsko;Zagrebačka županija;271
Donji Humac;Nerežišća;Splitsko-dalmatinska županija;173
Donji Jalšovec;Desinić;Krapinsko-zagorska županija;43
Donji Javoranj;Dvor;Sisačko-moslavačka županija;50
Donji Karin;Benkovac;Zadarska županija;152
Donji Kašić;Benkovac;Zadarska županija;69
Donji Klasnić;Glina;Sisačko-moslavačka županija;45
Donji Kneginec;Gornji Kneginec;Varaždinska županija;650
Donji Koncovčak;Selnica;Međimurska županija;244
Donji Kosinj;Perušić;Ličko-senjska županija;318
Donji Kraljevec;Donji Kraljevec;Međimurska županija;1407
Donji Kraljevec;Hrašćina;Krapinsko-zagorska županija;118
Donji Kremen;Slunj;Karlovačka županija;42
Donji Kukuruzari;Donji Kukuruzari;Sisačko-moslavačka županija;188
Donji Kućan;Varaždin;Varaždinska županija;694
Donji Laduč;Brdovec;Zagrebačka županija;814
Donji Lapac;Donji Lapac;Ličko-senjska županija;677
Donji Lađevac;Slunj;Karlovačka županija;34
Donji Lipovac;Nova Kapela;Brodsko-posavska županija;184
Donji Lipovčani;Čazma;Bjelovarsko-bilogorska županija;60
Donji Lović;Ozalj;Karlovačka županija;11
Donji Ložac;Delnice;Primorsko-goranska županija;5
Donji Macelj;Đurmanec;Krapinsko-zagorska županija;528
Donji Marinkovac;Dubrava;Zagrebačka županija;64
Donji Markovac;Farkaševac;Zagrebačka županija;42
Donji Maslarac;Sokolovac;Koprivničko-križevačka županija;63
Donji Meljani;Slatina;Virovitičko-podravska županija;206
Donji Mihaljevec;Sveta Marija;Međimurska županija;616
Donji Miholjac;Donji Miholjac;Osječko-baranjska županija;5330
Donji Miklouš;Čazma;Bjelovarsko-bilogorska županija;146
Donji Mosti;Kapela;Bjelovarsko-bilogorska županija;168
Donji Muć;Muć;Splitsko-dalmatinska županija;541
Donji Nikšić;Slunj;Karlovačka županija;171
Donji Okrug;Delnice;Primorsko-goranska županija;1
Donji Oštrc;Žumberak;Zagrebačka županija;43
Donji Oštri Vrh Ozaljski;Ozalj;Karlovačka županija;45
Donji Poloj;Slunj;Karlovačka županija;8
Donji Popovac;Slunj;Karlovačka županija;12
Donji Prnjarovec;Križ;Zagrebačka županija;58
Donji Proložac;Proložac;Splitsko-dalmatinska županija;1288
Donji Pustakovec;Donji Kraljevec;Međimurska županija;241
Donji Rogolji;Okučani;Brodsko-posavska županija;24
Donji Selkovac;Glina;Sisačko-moslavačka županija;0
Donji Sjeničak;Karlovac;Karlovačka županija;52
Donji Skrad;Barilović;Karlovačka županija;12
Donji Slatinik;Podcrkavlje;Brodsko-posavska županija;140
Donji Sređani;Dežanovac;Bjelovarsko-bilogorska županija;139
Donji Stupnik;Stupnik;Zagrebačka županija;1447
Donji Tkalec;Vrbovec;Zagrebačka županija;91
Donji Trpuci;;Grad Zagreb;446
Donji Turni;Delnice;Primorsko-goranska županija;0
Donji Vaganac;Plitvička Jezera;Ličko-senjska županija;37
Donji Varoš;Stara Gradiška;Brodsko-posavska županija;206
Donji Velemerić;Barilović;Karlovačka županija;167
Donji Vidovec;Donji Vidovec;Međimurska županija;1197
Donji Viduševac;Glina;Sisačko-moslavačka županija;141
Donji Vinjani;Imotski;Splitsko-dalmatinska županija;1735
Donji Vukojevac;Lekenik;Sisačko-moslavačka županija;482
Donji Vukšinac;Dubrava;Zagrebačka županija;100
Donji Vukšići;Vrbovsko;Primorsko-goranska županija;7
Donji Vučkovići;Vrbovsko;Primorsko-goranska županija;16
Donji Zagon;Novi Vinodolski;Primorsko-goranska županija;114
Donji Zbilj;Desinić;Krapinsko-zagorska županija;104
Donji Zebanec;Selnica;Međimurska županija;173
Donji Zvečaj;Duga Resa;Karlovačka županija;180
Donji Čaglić;Lipik;Požeško-slavonska županija;225
Donji Čehi;;Grad Zagreb;243
Donji Čemehovec;Dubravica;Zagrebačka županija;29
Donji Šajn;Brod Moravice;Primorsko-goranska županija;0
Donji Šehovac;Brod Moravice;Primorsko-goranska županija;0
Donji Škrnik;Kumrovec;Krapinsko-zagorska županija;148
Donji Štrbci;Donji Lapac;Ličko-senjska županija;7
Donji Žagari;Čabar;Primorsko-goranska županija;11
Donji Žirovac;Dvor;Sisačko-moslavačka županija;28
Dopsin;Vladislavci;Osječko-baranjska županija;374
Došen Dabar;Karlobag;Ličko-senjska županija;0
Draga;Velika;Požeško-slavonska županija;218
Draga Bašćanska;Baška;Primorsko-goranska županija;300
Draga Lukovdolska;Vrbovsko;Primorsko-goranska županija;18
Draga Svetojanska;Jastrebarsko;Zagrebačka županija;121
Dragalić;Dragalić;Brodsko-posavska županija;454
Draganić;Draganić;Karlovačka županija;2541
Draganje Selo;Samobor;Zagrebačka županija;77
Draganlug;Čaglin;Požeško-slavonska županija;0
Draganovec;Koprivnica;Koprivničko-križevačka županija;444
Drage;Pakoštane;Zadarska županija;933
Drage;Rakovica;Karlovačka županija;18
Dragljane;Vrgorac;Splitsko-dalmatinska županija;49
Dragonoš;Samobor;Zagrebačka županija;13
Dragoslavec;Sveti Juraj na Bregu;Međimurska županija;351
Dragoslavec Breg;Gornji Mihaljevec;Međimurska županija;116
Dragoslavec Selo;Gornji Mihaljevec;Međimurska županija;200
Dragotin;Trnava;Osječko-baranjska županija;191
Dragotina;Glina;Sisačko-moslavačka županija;57
Dragotinci;Petrinja;Sisačko-moslavačka županija;38
Dragovanščak;Jastrebarsko;Zagrebačka županija;66
Dragovci;Nova Kapela;Brodsko-posavska županija;264
Dragove;Sali;Zadarska županija;18
Dragović;Pakrac;Požeško-slavonska županija;45
Dragovići;Vrbovsko;Primorsko-goranska županija;6
Dragozetići;Cres;Primorsko-goranska županija;22
Dragoševci;Ozalj;Karlovačka županija;9
Dragošička;Rugvica;Zagrebačka županija;326
Draguzeti;Barban;Istarska županija;75
Draguć;Cerovlje;Istarska županija;56
Drakulić Rijeka;Plitvička Jezera;Ličko-senjska županija;6
Dramalj;Crikvenica;Primorsko-goranska županija;1366
Drastin;Jelenje;Primorsko-goranska županija;38
Drače;Janjina;Dubrovačko-neretvanska županija;116
Dračevac Ninski;Poličnik;Zadarska županija;291
Dračevac – Monspinoso;Poreč – Parenzo;Istarska županija;167
Dračevica;Nerežišća;Splitsko-dalmatinska županija;63
Dračevo Polje;Vis;Splitsko-dalmatinska županija;9
Draše;Kraljevec na Sutli;Krapinsko-zagorska županija;145
Draškovac;Dvor;Sisačko-moslavačka županija;14
Draškovec;Prelog;Međimurska županija;539
Drašković;Breznica;Varaždinska županija;375
Drašnice;Podgora;Splitsko-dalmatinska županija;286
Drašći Vrh;Žumberak;Zagrebačka županija;17
Draž;Draž;Osječko-baranjska županija;355
Draževitići;Vrgorac;Splitsko-dalmatinska županija;152
Dražica;Veliki Grđevac;Bjelovarsko-bilogorska županija;103
Dražice;Jelenje;Primorsko-goranska županija;2064
Drenje;Drenje;Osječko-baranjska županija;462
Drenje;Raša;Istarska županija;49
Drenje Brdovečko;Brdovec;Zagrebačka županija;587
Drenje Šćitarjevsko;Velika Gorica;Zagrebačka županija;179
Drenov Bok;Jasenovac;Sisačko-moslavačka županija;82
Drenov Klanac;Otočac;Ličko-senjska županija;31
Drenovac Banski;Glina;Sisačko-moslavačka županija;24
Drenovac Osredački;Gračac;Zadarska županija;8
Drenovac Radučki;Gospić;Ličko-senjska županija;0
Drenovci;Drenovci;Vukovarsko-srijemska županija;1398
Drenovec;Varaždinske Toplice;Varaždinska županija;299
Drenovica Lipnička;Ribnik;Karlovačka županija;10
Drenčec;;Grad Zagreb;136
Drežnica;Ogulin;Karlovačka županija;356
Drežnik;Rešetari;Brodsko-posavska županija;316
Drežnik Brezovički;;Grad Zagreb;692
Drežnik Grad;Rakovica;Karlovačka županija;313
Drežnik Podokićki;Samobor;Zagrebačka županija;247
Drinak;Novi Vinodolski;Primorsko-goranska županija;8
Drinovci;Drniš;Šibensko-kninska županija;124
Drivenik;Vinodolska općina;Primorsko-goranska županija;332
Drlež;Dežanovac;Bjelovarsko-bilogorska županija;11
Drljanovac;Nova Rača;Bjelovarsko-bilogorska županija;193
Drljača;Sunja;Sisačko-moslavačka županija;184
Drnek;Orle;Zagrebačka županija;288
Drniš;Drniš;Šibensko-kninska županija;2752
Drnje;Drnje;Koprivničko-križevačka županija;805
Dropkovec;Gornja Rijeka;Koprivničko-križevačka županija;150
Dropčevec;Rakovec;Zagrebačka županija;74
Drum;Podbablje;Splitsko-dalmatinska županija;618
Druškovec;Maruševec;Varaždinska županija;326
Druškovec Gora;Hum na Sutli;Krapinsko-zagorska županija;68
Druškovec Humski;Hum na Sutli;Krapinsko-zagorska županija;360
Družbinec;Petrijanec;Varaždinska županija;508
Družilovec;Veliko Trgovišće;Krapinsko-zagorska županija;400
Drvenik;Gradac;Splitsko-dalmatinska županija;420
Drvenik;Konavle;Dubrovačko-neretvanska županija;40
Drvenik Mali;Trogir;Splitsko-dalmatinska županija;119
Drvenik Veliki;Trogir;Splitsko-dalmatinska županija;170
Drškovci;Požega;Požeško-slavonska županija;351
Držimurec;Mala Subotica;Međimurska županija;366
Duba;Slivno;Dubrovačko-neretvanska županija;4
Duba Konavoska;Konavle;Dubrovačko-neretvanska županija;68
Duba Pelješka;Trpanj;Dubrovačko-neretvanska županija;29
Duba Stonska;Ston;Dubrovačko-neretvanska županija;64
Dubac-Varsan;Novalja;Ličko-senjska županija;6
Dubci;Zadvarje;Splitsko-dalmatinska županija;0
Duboka;Komiža;Splitsko-dalmatinska županija;10
Duboka;Slivno;Dubrovačko-neretvanska županija;266
Duboka;Čaglin;Požeško-slavonska županija;38
Duboki Dol;Gračac;Zadarska županija;0
Dubovac;Gornji Bogićevci;Brodsko-posavska županija;262
Dubovec;Gornja Stubica;Krapinsko-zagorska županija;300
Dubovec Bisaški;Sveti Ivan Zelina;Zagrebačka županija;70
Dubovica;Veliki Bukovec;Varaždinska županija;257
Dubovik;Podcrkavlje;Brodsko-posavska županija;86
Dubočac;Bebrina;Brodsko-posavska županija;179
Duboševica;Draž;Osječko-baranjska županija;393
Dubranec;Velika Gorica;Zagrebačka županija;346
Dubrava;Dubrava;Zagrebačka županija;1233
Dubrava;Omiš;Splitsko-dalmatinska županija;305
Dubrava;Ston;Dubrovačko-neretvanska županija;161
Dubrava Križovljanska;Cestica;Varaždinska županija;216
Dubrava Pušćanska;Pušća;Zagrebačka županija;196
Dubrava Samoborska;Samobor;Zagrebačka županija;247
Dubrava Zabočka;Zabok;Krapinsko-zagorska županija;574
Dubrava kod Tisna;Tisno;Šibensko-kninska županija;154
Dubrava kod Šibenika;Šibenik;Šibensko-kninska županija;1117
Dubravci;Kanfanar;Istarska županija;5
Dubravci;Netretić;Karlovačka županija;152
Dubrave;Pojezerje;Dubrovačko-neretvanska županija;0
Dubrave;Slunj;Karlovačka županija;6
Dubravec;Klenovnik;Varaždinska županija;360
Dubravica;Dubravica;Zagrebačka županija;112
Dubravica;Dubrovnik;Dubrovačko-neretvanska županija;33
Dubravica;Metković;Dubrovačko-neretvanska županija;73
Dubravica Desinićka;Desinić;Krapinsko-zagorska županija;41
Dubravice;Skradin;Šibensko-kninska županija;509
Dubravka;Konavle;Dubrovačko-neretvanska županija;261
Dubravski Markovac;Dubrava;Zagrebačka županija;129
Dubravčani;Netretić;Karlovačka županija;218
Dubrovnik;Dubrovnik;Dubrovačko-neretvanska županija;26922
Dubrovčan;Veliko Trgovišće;Krapinsko-zagorska županija;742
Duga Gora;Generalski Stol;Karlovačka županija;51
Duga Luka;Labin;Istarska županija;30
Duga Međa;Zdenci;Virovitičko-podravska županija;154
Duga Resa;Duga Resa;Karlovačka županija;5380
Duga Rijeka;Rasinja;Koprivničko-križevačka županija;132
Dugače;Bosiljevo;Karlovačka županija;17
Duge Njive;Vrgorac;Splitsko-dalmatinska županija;71
Dugi Dol;Krnjak;Karlovačka županija;74
Dugi Rat;Dugi Rat;Splitsko-dalmatinska županija;3338
Dugnjevec;Kumrovec;Krapinsko-zagorska županija;65
Dugo Selo;Dugo Selo;Zagrebačka županija;11097
Dugo Selo Lasinjsko;Gvozd;Sisačko-moslavačka županija;31
Dugo Selo Lukačko;Lukač;Virovitičko-podravska županija;412
Dugobabe;Klis;Splitsko-dalmatinska županija;126
Dugopolje;Dugopolje;Splitsko-dalmatinska županija;3248
Dugopolje;Gračac;Zadarska županija;17
Duhovi;Garešnica;Bjelovarsko-bilogorska županija;79
Dujmić Selo;Ogulin;Karlovačka županija;114
Dukovec;Sveti Križ Začretje;Krapinsko-zagorska županija;219
Dulepska;Vrbovec;Zagrebačka županija;132
Dumače;Petrinja;Sisačko-moslavačka županija;240
Dumovec;;Grad Zagreb;840
Dunave;Konavle;Dubrovačko-neretvanska županija;147
Dunjak;Vojnić;Karlovačka županija;18
Dunjkovec;Nedelišće;Međimurska županija;860
Durlinci;Ozalj;Karlovačka županija;69
Dusina;Vrgorac;Splitsko-dalmatinska županija;471
Duzluk;Orahovica;Virovitičko-podravska županija;136
Duće;Dugi Rat;Splitsko-dalmatinska županija;1560
Dučići;Ozalj;Karlovačka županija;29
Dužica;Lekenik;Sisačko-moslavačka županija;288
Dvor;Dvor;Sisačko-moslavačka županija;809
Dvoranci;Pisarovina;Zagrebačka županija;174
Dvori;Kaštelir-Labinci – Castelliere-S. Domenica;Istarska županija;62
Dvorište;Krnjak;Karlovačka županija;29
Dvorište Vivodinsko;Ozalj;Karlovačka županija;22
Dvorišće;Glina;Sisačko-moslavačka županija;75
Dvorišće;Rakovec;Zagrebačka županija;150
Dvorišće Ozaljsko;Ozalj;Karlovačka županija;39
Dvorjanci;Duga Resa;Karlovačka županija;102
Dvornica;Rogoznica;Šibensko-kninska županija;117
Dvorska;Suhopolje;Virovitičko-podravska županija;11
Džaperovac;Vojnić;Karlovačka županija;7
Eminovci;Jakšić;Požeško-slavonska županija;561
Emovački Lug;Požega;Požeško-slavonska županija;23
Erdelj;Generalski Stol;Karlovačka županija;303
Erdovec;Križevci;Koprivničko-križevačka županija;191
Erdut;Erdut;Osječko-baranjska županija;561
Erkovčići;Buzet;Istarska županija;36
Ernestinovo;Ernestinovo;Osječko-baranjska županija;996
Ertić;Žakanje;Karlovačka županija;10
Ervenik;Ervenik;Šibensko-kninska županija;227
Ervenik;Zlatar Bistrica;Krapinsko-zagorska županija;64
Ervenik Zlatarski;Zlatar;Krapinsko-zagorska županija;23
Eržišće;Sveta Nedelja;Istarska županija;47
Fabci;Višnjan – Visignano;Istarska županija;45
Fajerovec;Gornja Rijeka;Koprivničko-križevačka županija;50
Falašćak;Samobor;Zagrebačka županija;106
Falinić Breg;Cestica;Varaždinska županija;89
Farini;Višnjan – Visignano;Istarska županija;48
Farkaševac;Farkaševac;Zagrebačka županija;287
Farkaševec Samoborski;Samobor;Zagrebačka županija;467
Fažana;Fažana – Fasana;Istarska županija;1788
Fažonci;Čabar;Primorsko-goranska županija;0
Ferdinandovac;Ferdinandovac;Koprivničko-križevačka županija;1352
Ferenci;Ozalj;Karlovačka županija;37
Ferenci;Vižinada – Visinada;Istarska županija;63
Ferežani;Sveti Petar Orehovec;Koprivničko-križevačka županija;83
Feričanci;Feričanci;Osječko-baranjska županija;1332
Ferketinec;Podturen;Međimurska županija;157
Ferovac;Kutjevo;Požeško-slavonska županija;74
Festinec;Gradec;Zagrebačka županija;57
Filipana;Marčana;Istarska županija;93
Filipi;Vižinada – Visinada;Istarska županija;28
Filipini;Poreč – Parenzo;Istarska županija;47
Filipići;Novi Marof;Varaždinska županija;108
Filipovac;Lipik;Požeško-slavonska županija;336
Filipovići;Sveti Ivan Zelina;Zagrebačka županija;73
Filozići;Cres;Primorsko-goranska županija;8
Finida – Finida;Umag – Umago;Istarska županija;363
Finčevec;Sveti Petar Orehovec;Koprivničko-križevačka županija;72
Fiorini – Fiorini;Brtonigla – Verteneglio;Istarska županija;166
Flengi;Vrsar – Orsera;Istarska županija;149
Florijan;Klanjec;Krapinsko-zagorska županija;6
Fodrovec Riječki;Gornja Rijeka;Koprivničko-križevačka županija;57
Foli;Svetvinčenat;Istarska županija;50
Forkuševci;Viškovci;Osječko-baranjska županija;355
Forčići;Buzet;Istarska županija;17
Fotez Breg;Donja Voća;Varaždinska županija;60
Frančići;Sveta Nedelja;Istarska županija;39
Frata;Tar-Vabriga – Torre-Abrega;Istarska županija;86
Fratrovci;Bosiljevo;Karlovačka županija;29
Fratrovci Ozaljski;Ozalj;Karlovačka županija;20
Frbežari;Čabar;Primorsko-goranska županija;30
Frkanovec;Sveti Juraj na Bregu;Međimurska županija;301
Frkašić;Udbina;Ličko-senjska županija;21
Frketić Selo;Netretić;Karlovačka županija;71
Frkljevci;Pleternica;Požeško-slavonska županija;287
Frkuljevec Mihovljanski;Mihovljan;Krapinsko-zagorska županija;80
Frkuljevec Peršaveski;Mače;Krapinsko-zagorska županija;48
Frnjolići;Sveti Lovreč;Istarska županija;0
Fuka;Gradec;Zagrebačka županija;79
Funtana;Funtana – Fontane;Istarska županija;911
Furjanići;Ozalj;Karlovačka županija;29
Fučkovac;Bosiljevo;Karlovačka županija;28
Fuškulin – Foscolino;Poreč – Parenzo;Istarska županija;221
Fužine;Fužine;Primorsko-goranska županija;597
Gabajeva Greda;Hlebine;Koprivničko-križevačka županija;124
Gaber;Desinić;Krapinsko-zagorska županija;93
Gabonjin;Dobrinj;Primorsko-goranska županija;191
Gaboš;Markušica;Vukovarsko-srijemska županija;363
Gabrili;Konavle;Dubrovačko-neretvanska županija;204
Gabrilovac;Đurđenovac;Osječko-baranjska županija;57
Gabrovec;Pregrada;Krapinsko-zagorska županija;44
Gage;Dvor;Sisačko-moslavačka županija;23
Gaj;Lipik;Požeško-slavonska županija;234
Gaj;Vrbovec;Zagrebačka županija;326
Gajac;Novalja;Ličko-senjska županija;86
Gajana;Vodnjan – Dignano;Istarska županija;185
Gajec;;Grad Zagreb;327
Gajine;Donji Lapac;Ličko-senjska županija;67
Gajić;Draž;Osječko-baranjska županija;232
Gala;Otok;Splitsko-dalmatinska županija;806
Galezova Draga;Ozalj;Karlovačka županija;25
Galgovo;Samobor;Zagrebačka županija;698
Galin;Ozalj;Karlovačka županija;0
Galižana;Vodnjan – Dignano;Istarska županija;1620
Galovac;Bjelovar;Bjelovarsko-bilogorska županija;358
Galovac;Galovac;Zadarska županija;1258
Galovec;Konjščina;Krapinsko-zagorska županija;117
Galovec Začretski;Sveti Križ Začretje;Krapinsko-zagorska županija;260
Galović Selo;Duga Resa;Karlovačka županija;65
Gambetići;Višnjan – Visignano;Istarska županija;15
Gamboci – Gambozzi;Buje – Buie;Istarska županija;100
Garbina – Garbina;Poreč – Parenzo;Istarska županija;70
Gardinovec;Belica;Međimurska županija;784
Gardun;Trilj;Splitsko-dalmatinska županija;68
Garešnica;Garešnica;Bjelovarsko-bilogorska županija;3294
Garešnički Brestovac;Garešnica;Bjelovarsko-bilogorska županija;769
Garica;Vrbnik;Primorsko-goranska županija;138
Garjak;Vrlika;Splitsko-dalmatinska županija;54
Garčin;Garčin;Brodsko-posavska županija;733
Gat;Belišće;Osječko-baranjska županija;608
Gata;Omiš;Splitsko-dalmatinska županija;599
Gazije;Feričanci;Osječko-baranjska županija;29
Gaćelezi;Vodice;Šibensko-kninska županija;181
Gaćeško Selo;Barilović;Karlovačka županija;4
Gaćište;Suhopolje;Virovitičko-podravska županija;143
Gačeša Selo;Vojnić;Karlovačka županija;28
Gačice;Ivanec;Varaždinska županija;289
Gašinci;Satnica Đakovačka;Osječko-baranjska županija;552
Gašparci;Delnice;Primorsko-goranska županija;11
Gdinj;Jelsa;Splitsko-dalmatinska županija;122
Gedići;Tar-Vabriga – Torre-Abrega;Istarska županija;136
Gejkovac;Vojnić;Karlovačka županija;147
Generalski Stol;Generalski Stol;Karlovačka županija;482
Gerovo;Čabar;Primorsko-goranska županija;593
Gerovo Tounjsko;Tounj;Karlovačka županija;41
Gerovski Kraj;Čabar;Primorsko-goranska županija;72
Gezinci;Podravska Moslavina;Osječko-baranjska županija;24
Gečkovec;Ivanec;Varaždinska županija;107
Giletinci;Cernik;Brodsko-posavska županija;189
Gizdavac;Muć;Splitsko-dalmatinska županija;109
Gladovec Kravarski;Kravarsko;Zagrebačka županija;194
Gladovec Pokupski;Pokupsko;Zagrebačka županija;161
Glavace;Otočac;Ličko-senjska županija;18
Glavani;Barban;Istarska županija;77
Glavat;Lastovo;Dubrovačko-neretvanska županija;0
Glavica;Bosiljevo;Karlovačka županija;35
Glavica;Pakrac;Požeško-slavonska županija;13
Glavica;Sukošan;Zadarska županija;178
Glavice;Sinj;Splitsko-dalmatinska županija;3597
Glavina Donja;Imotski;Splitsko-dalmatinska županija;1625
Glavina Gornja;Imotski;Splitsko-dalmatinska županija;302
Glavičani;Dvor;Sisačko-moslavačka županija;8
Glavnica Donja;;Grad Zagreb;506
Glavnica Gornja;;Grad Zagreb;227
Glavničica;;Grad Zagreb;213
Glibodol;Brinje;Ličko-senjska županija;7
Glina;Glina;Sisačko-moslavačka županija;4028
Glinice;Cetingrad;Karlovačka županija;12
Glinska Poljana;Petrinja;Sisačko-moslavačka županija;83
Glinsko Vrelo;Slunj;Karlovačka županija;39
Gljev;Sinj;Splitsko-dalmatinska županija;225
Globočec;Marija Bistrica;Krapinsko-zagorska županija;490
Globočec Ludbreški;Ludbreg;Varaždinska županija;418
Glogovac;Koprivnički Bregi;Koprivničko-križevačka županija;764
Glogovec Zagorski;Tuhelj;Krapinsko-zagorska županija;72
Glogovica;Podcrkavlje;Brodsko-posavska županija;163
Glogovo;Gračac;Zadarska županija;3
Glušci;Metković;Dubrovačko-neretvanska županija;53
Glušinja;Žumberak;Zagrebačka županija;14
Gnojnice;Cetingrad;Karlovačka županija;16
Godinjak;Staro Petrovo Selo;Brodsko-posavska županija;566
Gojanec;Varaždin;Varaždinska županija;611
Gojkovac;Cetingrad;Karlovačka županija;2
Gojlo;Kutina;Sisačko-moslavačka županija;281
Gola;Gola;Koprivničko-križevačka županija;779
Golaš;Bale – Valle;Istarska županija;120
Golenić;Slatina;Virovitičko-podravska županija;17
Goleši Žumberački;Ozalj;Karlovačka županija;2
Goli Breg;;Grad Zagreb;410
Goli Vrh;Klinča Sela;Zagrebačka županija;270
Goli Vrh;Rakovec;Zagrebačka županija;45
Goli Vrh Netretićki;Netretić;Karlovačka županija;3
Goli Vrh Ozaljski;Ozalj;Karlovačka županija;6
Golik;Delnice;Primorsko-goranska županija;7
Goliki;Brod Moravice;Primorsko-goranska županija;0
Golinci;Donji Miholjac;Osječko-baranjska županija;342
Golinja;Gvozd;Sisačko-moslavačka županija;19
Goljak;Jastrebarsko;Zagrebačka županija;46
Goljak Klanječki;Klanjec;Krapinsko-zagorska županija;60
Golo Brdo;Kaptol;Požeško-slavonska županija;221
Golo Brdo;Virovitica;Virovitičko-podravska županija;303
Golobrdac;Cernik;Brodsko-posavska županija;0
Golobrdci;Požega;Požeško-slavonska županija;278
Gologorica;Cerovlje;Istarska županija;237
Gologorički Dol;Cerovlje;Istarska županija;64
Golovik;Mošćenička Draga;Primorsko-goranska županija;58
Golubinjak;Dežanovac;Bjelovarsko-bilogorska županija;117
Golubić;Knin;Šibensko-kninska županija;654
Golubić;Obrovac;Zadarska županija;101
Golubići;Samobor;Zagrebačka županija;6
Golubići – Golobici;Oprtalj – Portole;Istarska županija;23
Golubovac Divuški;Dvor;Sisačko-moslavačka županija;61
Gomirje;Vrbovsko;Primorsko-goranska županija;255
Gondolići;Labin;Istarska županija;81
Gonjeva;Klinča Sela;Zagrebačka županija;42
Gora;Petrinja;Sisačko-moslavačka županija;232
Gora Glušići;Labin;Istarska županija;37
Gora Košnička;Desinić;Krapinsko-zagorska županija;91
Gora Veternička;Novi Golubovec;Krapinsko-zagorska županija;202
Goranec;;Grad Zagreb;297
Goranec;Klenovnik;Varaždinska županija;10
Gorani;Skrad;Primorsko-goranska županija;0
Gorači;Čabar;Primorsko-goranska županija;92
Gorenci;Vrbovsko;Primorsko-goranska županija;38
Gorica;Duga Resa;Karlovačka županija;61
Gorica;Pag;Zadarska županija;87
Gorica;Rasinja;Koprivničko-križevačka županija;111
Gorica;Sukošan;Zadarska županija;612
Gorica Jamnička;Pisarovina;Zagrebačka županija;99
Gorica Lipnička;Ribnik;Karlovačka županija;11
Gorica Miholečka;Sveti Petar Orehovec;Koprivničko-križevačka županija;48
Gorica Skradska;Skrad;Primorsko-goranska županija;2
Gorica Svetojanska;Jastrebarsko;Zagrebačka županija;114
Gorica Valpovačka;Belišće;Osječko-baranjska županija;144
Gorice;Dragalić;Brodsko-posavska županija;126
Gorice;Skradin;Šibensko-kninska županija;22
Gorinci;Generalski Stol;Karlovačka županija;78
Gorići;Otočac;Ličko-senjska županija;11
Goričan;Goričan;Međimurska županija;2343
Goričanec;Sveti Ivan Zelina;Zagrebačka županija;74
Goričanovec;Đurmanec;Krapinsko-zagorska županija;210
Goričica;Sveti Ivan Zelina;Zagrebačka županija;346
Goričice Dobranske;Generalski Stol;Karlovačka županija;37
Gorička;Dvor;Sisačko-moslavačka županija;37
Goričko;Koprivnički Ivanec;Koprivničko-križevačka županija;121
Goriš;Šibenik;Šibensko-kninska županija;127
Gorjakovo;Pregrada;Krapinsko-zagorska županija;296
Gorjani;Gorjani;Osječko-baranjska županija;794
Gorjani Sutinski;Radoboj;Krapinsko-zagorska županija;121
Gorkovec;Klanjec;Krapinsko-zagorska županija;12
Gorniki Vivodinski;Ozalj;Karlovačka županija;22
Gornja Batina;Zlatar;Krapinsko-zagorska županija;207
Gornja Bačuga;Petrinja;Sisačko-moslavačka županija;49
Gornja Bebrina;Klakar;Brodsko-posavska županija;393
Gornja Bistra;Bistra;Zagrebačka županija;1671
Gornja Brckovčina;Križevci;Koprivničko-križevačka županija;146
Gornja Brela;Brela;Splitsko-dalmatinska županija;154
Gornja Brusovača;Vojnić;Karlovačka županija;21
Gornja Bučica;Glina;Sisačko-moslavačka županija;84
Gornja Dobra;Skrad;Primorsko-goranska županija;38
Gornja Drenova;Sveti Ivan Zelina;Zagrebačka županija;269
Gornja Dubrava;Gornji Mihaljevec;Međimurska županija;195
Gornja Garešnica;Berek;Bjelovarsko-bilogorska županija;118
Gornja Glina;Slunj;Karlovačka županija;106
Gornja Glogovnica;Križevci;Koprivničko-križevačka županija;93
Gornja Gračenica;Popovača;Sisačko-moslavačka županija;912
Gornja Greda;Brckovljani;Zagrebačka županija;562
Gornja Jagodnja;Polača;Zadarska županija;93
Gornja Jelenska;Popovača;Sisačko-moslavačka županija;640
Gornja Konjščina;Konjščina;Krapinsko-zagorska županija;101
Gornja Kovačica;Veliki Grđevac;Bjelovarsko-bilogorska županija;225
Gornja Krašićevica;Delnice;Primorsko-goranska županija;3
Gornja Kupčina;Jastrebarsko;Zagrebačka županija;139
Gornja Lamana Draga;Brod Moravice;Primorsko-goranska županija;0
Gornja Letina;Sunja;Sisačko-moslavačka županija;54
Gornja Lomnica;Velika Gorica;Zagrebačka županija;497
Gornja Meminska;Majur;Sisačko-moslavačka županija;9
Gornja Mlinoga;Petrinja;Sisačko-moslavačka županija;21
Gornja Motičina;Donja Motičina;Osječko-baranjska županija;27
Gornja Močila;Rakovica;Karlovačka županija;4
Gornja Obreška;Kloštar Ivanić;Zagrebačka županija;97
Gornja Obrijež;Pakrac;Požeško-slavonska županija;84
Gornja Oraovica;Dvor;Sisačko-moslavačka županija;19
Gornja Pastuša;Petrinja;Sisačko-moslavačka županija;22
Gornja Pačetina;Krapina;Krapinsko-zagorska županija;377
Gornja Petrička;Ivanska;Bjelovarsko-bilogorska županija;88
Gornja Pištana;Orahovica;Virovitičko-podravska županija;7
Gornja Plemenšćina;Pregrada;Krapinsko-zagorska županija;217
Gornja Ploča;Lovinac;Ličko-senjska županija;43
Gornja Ploščica;Velika Trnovitica;Bjelovarsko-bilogorska županija;32
Gornja Podgora;Donja Stubica;Krapinsko-zagorska županija;240
Gornja Podstrana;Podstrana;Splitsko-dalmatinska županija;129
Gornja Poljana;Varaždinske Toplice;Varaždinska županija;218
Gornja Purgarija;Klinča Sela;Zagrebačka županija;69
Gornja Pušća;Pušća;Zagrebačka županija;541
Gornja Rašenica;Grubišno Polje;Bjelovarsko-bilogorska županija;65
Gornja Reka;Jastrebarsko;Zagrebačka županija;335
Gornja Rijeka;Gornja Rijeka;Koprivničko-križevačka županija;331
Gornja Selnica;Zlatar;Krapinsko-zagorska županija;164
Gornja Stranica;Ribnik;Karlovačka županija;5
Gornja Stubica;Gornja Stubica;Krapinsko-zagorska županija;747
Gornja Stupnica;Dvor;Sisačko-moslavačka županija;27
Gornja Suvaja;Gračac;Zadarska županija;40
Gornja Topličica;Sveti Ivan Zelina;Zagrebačka županija;170
Gornja Trebinja;Karlovac;Karlovačka županija;145
Gornja Trnovitica;Velika Trnovitica;Bjelovarsko-bilogorska županija;44
Gornja Trstenica;Gvozd;Sisačko-moslavačka županija;38
Gornja Vas;Samobor;Zagrebačka županija;21
Gornja Velešnja;Donji Kukuruzari;Sisačko-moslavačka županija;56
Gornja Velika;Preseka;Zagrebačka županija;54
Gornja Velika;Sokolovac;Koprivničko-križevačka županija;75
Gornja Visočka;Slunj;Karlovačka županija;5
Gornja Višnjica;Lepoglava;Varaždinska županija;248
Gornja Vlahinička;Velika Ludina;Sisačko-moslavačka županija;256
Gornja Voća;Donja Voća;Varaždinska županija;421
Gornja Vrba;Gornja Vrba;Brodsko-posavska županija;1654
Gornja Vrijeska;Đulovac;Bjelovarsko-bilogorska županija;34
Gornja Vrućica;Trpanj;Dubrovačko-neretvanska županija;37
Gornja Zdenčina;Klinča Sela;Zagrebačka županija;138
Gornja Čemernica;Gvozd;Sisačko-moslavačka županija;88
Gornja Šemnica;Radoboj;Krapinsko-zagorska županija;568
Gornja Šumetlica;Pakrac;Požeško-slavonska županija;32
Gornja Šušnjara;Štefanje;Bjelovarsko-bilogorska županija;24
Gornja Žrvnica;Cetingrad;Karlovačka županija;3
Gornjaki;Hrašćina;Krapinsko-zagorska županija;104
Gornjaki;Preseka;Zagrebačka županija;39
Gornje Bazje;Lukač;Virovitičko-podravska županija;397
Gornje Biljane;Benkovac;Zadarska županija;173
Gornje Brezno;Hum na Sutli;Krapinsko-zagorska županija;258
Gornje Bukovlje;Generalski Stol;Karlovačka županija;189
Gornje Ceranje;Benkovac;Zadarska županija;62
Gornje Cjepidlake;Đulovac;Bjelovarsko-bilogorska županija;30
Gornje Dubrave;Ogulin;Karlovačka županija;63
Gornje Dvorišće;Brckovljani;Zagrebačka županija;61
Gornje Gnojnice;Cetingrad;Karlovačka županija;19
Gornje Igrane;Podgora;Splitsko-dalmatinska županija;3
Gornje Jame;Glina;Sisačko-moslavačka županija;0
Gornje Jesenje;Jesenje;Krapinsko-zagorska županija;669
Gornje Komarevo;Sisak;Sisačko-moslavačka županija;425
Gornje Kusonje;Voćin;Virovitičko-podravska županija;10
Gornje Ladanje;Vinica;Varaždinska županija;883
Gornje Makojišće;Novi Marof;Varaždinska županija;378
Gornje Mokrice;Petrinja;Sisačko-moslavačka županija;84
Gornje Mrzlo Polje Mrežničko;Duga Resa;Karlovačka županija;544
Gornje Obuljeno;Dubrovnik;Dubrovačko-neretvanska županija;141
Gornje Ogorje;Muć;Splitsko-dalmatinska županija;123
Gornje Orešje;Sveti Ivan Zelina;Zagrebačka županija;226
Gornje Planjane;Unešić;Šibensko-kninska županija;111
Gornje Plavnice;Bjelovar;Bjelovarsko-bilogorska županija;635
Gornje Podotočje;Velika Gorica;Zagrebačka županija;492
Gornje Pokupje;Ozalj;Karlovačka županija;150
Gornje Postinje;Muć;Splitsko-dalmatinska županija;132
Gornje Predrijevo;Sopje;Virovitičko-podravska županija;55
Gornje Prekrižje;Krašić;Zagrebačka županija;40
Gornje Prilišće;Netretić;Karlovačka županija;43
Gornje Primišlje;Slunj;Karlovačka županija;7
Gornje Psarjevo;Sveti Ivan Zelina;Zagrebačka županija;419
Gornje Raštane;Sveti Filip i Jakov;Zadarska županija;425
Gornje Rovišće;Rovišće;Bjelovarsko-bilogorska županija;75
Gornje Selište;Glina;Sisačko-moslavačka županija;52
Gornje Selo;Šolta;Splitsko-dalmatinska županija;262
Gornje Sitno;Split;Splitsko-dalmatinska županija;356
Gornje Stative;Karlovac;Karlovačka županija;393
Gornje Taborište;Glina;Sisačko-moslavačka županija;35
Gornje Taborište;Slunj;Karlovačka županija;205
Gornje Tihovo;Delnice;Primorsko-goranska županija;4
Gornje Utore;Unešić;Šibensko-kninska županija;52
Gornje Viljevo;Nova Bukovica;Virovitičko-podravska županija;17
Gornje Vinovo;Unešić;Šibensko-kninska županija;16
Gornje Vratno;Cestica;Varaždinska županija;1297
Gornje Vrhovine;Vrhovine;Ličko-senjska županija;150
Gornje Zagorje;Ogulin;Karlovačka županija;270
Gornje Zdelice;Kapela;Bjelovarsko-bilogorska županija;95
Gornji Andrijevci;Sibinj;Brodsko-posavska županija;377
Gornji Babin Potok;Vrhovine;Ličko-senjska županija;54
Gornji Bitelić;Hrvace;Splitsko-dalmatinska županija;140
Gornji Bjelovac;Donji Kukuruzari;Sisačko-moslavačka županija;39
Gornji Bogićevci;Gornji Bogićevci;Brodsko-posavska županija;538
Gornji Borki;Sirač;Bjelovarsko-bilogorska županija;0
Gornji Brgat;Župa dubrovačka;Dubrovačko-neretvanska županija;178
Gornji Budački;Krnjak;Karlovačka županija;9
Gornji Bukovac Žakanjski;Žakanje;Karlovačka županija;12
Gornji Cerovac;Slunj;Karlovačka županija;83
Gornji Crnogovci;Staro Petrovo Selo;Brodsko-posavska županija;69
Gornji Daruvar;Daruvar;Bjelovarsko-bilogorska županija;346
Gornji Desinec;Jastrebarsko;Zagrebačka županija;600
Gornji Dobretin;Dvor;Sisačko-moslavačka županija;4
Gornji Dolac;Omiš;Splitsko-dalmatinska županija;107
Gornji Draganec;Čazma;Bjelovarsko-bilogorska županija;318
Gornji Dragičevci;Čazma;Bjelovarsko-bilogorska županija;113
Gornji Dragonožec;;Grad Zagreb;308
Gornji Dubovec;Križevci;Koprivničko-križevačka županija;7
Gornji Emovci;Požega;Požeško-slavonska županija;118
Gornji Fodrovec;Sveti Petar Orehovec;Koprivničko-križevačka županija;157
Gornji Furjan;Slunj;Karlovačka županija;57
Gornji Goli Vrh Lipnički;Ribnik;Karlovačka županija;2
Gornji Grahovljani;Pakrac;Požeško-slavonska županija;9
Gornji Gučani;Brestovac;Požeško-slavonska županija;48
Gornji Hrastovac;Majur;Sisačko-moslavačka županija;85
Gornji Hrašćan;Nedelišće;Međimurska županija;773
Gornji Hruševec;Kravarsko;Zagrebačka županija;179
Gornji Humac;Pučišća;Splitsko-dalmatinska županija;276
Gornji Jalšovec;Desinić;Krapinsko-zagorska županija;64
Gornji Javoranj;Dvor;Sisačko-moslavačka županija;26
Gornji Karin;Obrovac;Zadarska županija;824
Gornji Klasnić;Glina;Sisačko-moslavačka županija;14
Gornji Kneginec;Gornji Kneginec;Varaždinska županija;1430
Gornji Koncovčak;Sveti Martin na Muri;Međimurska županija;86
Gornji Kosinj;Perušić;Ličko-senjska županija;92
Gornji Kraljevec;Hrašćina;Krapinsko-zagorska županija;333
Gornji Kraljevec;Vratišinec;Međimurska županija;518
Gornji Kremen;Slunj;Karlovačka županija;40
Gornji Kukuruzari;Donji Kukuruzari;Sisačko-moslavačka županija;25
Gornji Kuršanec;Nedelišće;Međimurska županija;797
Gornji Kuti;Brod Moravice;Primorsko-goranska županija;28
Gornji Kućan;Varaždin;Varaždinska županija;1013
Gornji Laduč;Brdovec;Zagrebačka županija;788
Gornji Lapac;Donji Lapac;Ličko-senjska županija;45
Gornji Lađevac;Slunj;Karlovačka županija;45
Gornji Lipovac;Nova Kapela;Brodsko-posavska županija;59
Gornji Lipovčani;Čazma;Bjelovarsko-bilogorska županija;71
Gornji Lović;Ozalj;Karlovačka županija;27
Gornji Ložac;Delnice;Primorsko-goranska županija;5
Gornji Macelj;Đurmanec;Krapinsko-zagorska županija;161
Gornji Marinkovac;Dubrava;Zagrebačka županija;145
Gornji Martijanec;Martijanec;Varaždinska županija;28
Gornji Maslarac;Sokolovac;Koprivničko-križevačka županija;29
Gornji Meljani;Voćin;Virovitičko-podravska županija;8
Gornji Mihaljevec;Gornji Mihaljevec;Međimurska županija;233
Gornji Miholjac;Slatina;Virovitičko-podravska županija;214
Gornji Miklouš;Čazma;Bjelovarsko-bilogorska županija;77
Gornji Mosti;Kapela;Bjelovarsko-bilogorska županija;51
Gornji Muć;Muć;Splitsko-dalmatinska županija;450
Gornji Nikšić;Slunj;Karlovačka županija;49
Gornji Okrug;Delnice;Primorsko-goranska županija;2
Gornji Oštrc;Žumberak;Zagrebačka županija;36
Gornji Oštri Vrh Ozaljski;Ozalj;Karlovačka županija;9
Gornji Poličnik;Poličnik;Zadarska županija;150
Gornji Poloj;Barilović;Karlovačka županija;0
Gornji Popovac;Slunj;Karlovačka županija;146
Gornji Prnjarovec;Križ;Zagrebačka županija;346
Gornji Proložac;Proložac;Splitsko-dalmatinska županija;262
Gornji Rogolji;Okučani;Brodsko-posavska županija;15
Gornji Selkovac;Glina;Sisačko-moslavačka županija;2
Gornji Sjeničak;Karlovac;Karlovačka županija;79
Gornji Skrad;Krnjak;Karlovačka županija;44
Gornji Slatinik;Podcrkavlje;Brodsko-posavska županija;92
Gornji Sređani;Dežanovac;Bjelovarsko-bilogorska županija;198
Gornji Stupnik;Stupnik;Zagrebačka županija;2087
Gornji Tkalec;Vrbovec;Zagrebačka županija;125
Gornji Tomaš;Bjelovar;Bjelovarsko-bilogorska županija;86
Gornji Trpuci;;Grad Zagreb;96
Gornji Turni;Delnice;Primorsko-goranska županija;9
Gornji Uljanik;Garešnica;Bjelovarsko-bilogorska županija;83
Gornji Vaganac;Plitvička Jezera;Ličko-senjska županija;86
Gornji Varoš;Stara Gradiška;Brodsko-posavska županija;189
Gornji Velemerić;Barilović;Karlovačka županija;101
Gornji Viduševac;Glina;Sisačko-moslavačka županija;373
Gornji Vinjani;Imotski;Splitsko-dalmatinska županija;1157
Gornji Vinkovec;Sveti Ivan Zelina;Zagrebačka županija;54
Gornji Vrhovci;Velika;Požeško-slavonska županija;8
Gornji Vukojevac;Lekenik;Sisačko-moslavačka županija;67
Gornji Vukšinac;Dubrava;Zagrebačka županija;136
Gornji Vukšići;Vrbovsko;Primorsko-goranska županija;0
Gornji Vučkovići;Vrbovsko;Primorsko-goranska županija;10
Gornji Zagon;Novi Vinodolski;Primorsko-goranska županija;16
Gornji Zbilj;Desinić;Krapinsko-zagorska županija;48
Gornji Zebanec;Selnica;Međimurska županija;184
Gornji Zvečaj;Generalski Stol;Karlovačka županija;159
Gornji Čaglić;Lipik;Požeško-slavonska županija;8
Gornji Čehi;;Grad Zagreb;368
Gornji Čemehovec;Kraljevec na Sutli;Krapinsko-zagorska županija;101
Gornji Šajn;Brod Moravice;Primorsko-goranska županija;15
Gornji Šehovac;Brod Moravice;Primorsko-goranska županija;0
Gornji Škrnik;Zagorska Sela;Krapinsko-zagorska županija;42
Gornji Štrbci;Donji Lapac;Ličko-senjska županija;0
Gornji Žagari;Čabar;Primorsko-goranska županija;65
Gornji Žirovac;Dvor;Sisačko-moslavačka županija;14
Goruševnjak;Vinica;Varaždinska županija;57
Goršeti;Brod Moravice;Primorsko-goranska županija;0
Goršćaki;Karlovac;Karlovačka županija;121
Goršćaki Ozaljski;Ozalj;Karlovačka županija;11
Gospić;Gospić;Ličko-senjska županija;6362
Gostenje;Desinić;Krapinsko-zagorska županija;71
Gostinjac;Dobrinj;Primorsko-goranska županija;94
Gostović;Vrbovec;Zagrebačka županija;117
Gotalovec;Budinščina;Krapinsko-zagorska županija;139
Gotalovo;Gola;Koprivničko-križevačka županija;281
Goveđari;Mljet;Dubrovačko-neretvanska županija;138
Goveđe Polje;Dežanovac;Bjelovarsko-bilogorska županija;73
Gošić;Kistanje;Šibensko-kninska županija;21
Grab;Gračac;Zadarska županija;35
Grab;Trilj;Splitsko-dalmatinska županija;523
Grabarak;Jastrebarsko;Zagrebačka županija;3
Grabarje;Kutjevo;Požeško-slavonska županija;400
Grabarje;Podcrkavlje;Brodsko-posavska županija;251
Grabarska;Cetingrad;Karlovačka županija;134
Grabe;Bedekovčina;Krapinsko-zagorska županija;391
Graberanec;Vrbovec;Zagrebačka županija;1
Graberec;Dubrava;Zagrebačka županija;217
Graberje;Petrinja;Sisačko-moslavačka županija;107
Graberje Ivanićko;Ivanić-Grad;Zagrebačka županija;548
Graberšćak;Vrbovec;Zagrebačka županija;43
Grabik;Čazma;Bjelovarsko-bilogorska županija;55
Grabić;Sopje;Virovitičko-podravska županija;105
Grabovac;Rakovica;Karlovačka županija;309
Grabovac;Čeminac;Osječko-baranjska županija;736
Grabovac;Šestanovac;Splitsko-dalmatinska županija;321
Grabovac Banski;Petrinja;Sisačko-moslavačka županija;127
Grabovac Krnjački;Krnjak;Karlovačka županija;58
Grabovac Vojnićki;Krnjak;Karlovačka županija;42
Grabovci;Vodice;Šibensko-kninska županija;75
Grabovica;Dvor;Sisačko-moslavačka županija;10
Grabovnica;Čazma;Bjelovarsko-bilogorska županija;326
Grabovo;Tompojevci;Vukovarsko-srijemska županija;0
Grabovo – dio (Ovčara, Jakobovac);Vukovar;Vukovarsko-srijemska županija;0
Graboštani;Majur;Sisačko-moslavačka županija;91
Grabrić;Gradec;Zagrebačka županija;84
Grabričina;Velika Ludina;Sisačko-moslavačka županija;17
Grabrk;Bosiljevo;Karlovačka županija;87
Grabrov Potok;Velika Ludina;Sisačko-moslavačka županija;97
Grabrova;Mošćenička Draga;Primorsko-goranska županija;6
Grabrovnica;Pitomača;Virovitičko-podravska županija;357
Grabrovnik;Štrigova;Međimurska županija;240
Grabušić;Udbina;Ličko-senjska županija;49
Gradac;Gradac;Splitsko-dalmatinska županija;989
Gradac;Pleternica;Požeško-slavonska županija;789
Gradac;Ružić;Šibensko-kninska županija;275
Gradac Našički;Našice;Osječko-baranjska županija;135
Gradec;Gradec;Zagrebačka županija;403
Gradec Pokupski;Pisarovina;Zagrebačka županija;106
Gradečki Pavlovec;Gradec;Zagrebačka županija;377
Gradina;Gradina;Virovitičko-podravska županija;730
Gradina;Vrsar – Orsera;Istarska županija;44
Gradina;Šibenik;Šibensko-kninska županija;258
Gradina Korenička;Plitvička Jezera;Ličko-senjska županija;67
Gradinje;Cerovlje;Istarska županija;33
Gradinje – Gradigne;Oprtalj – Portole;Istarska županija;109
Gradići;Velika Gorica;Zagrebačka županija;1871
Gradište;Gradište;Vukovarsko-srijemska županija;2227
Gradište;Kutjevo;Požeško-slavonska županija;94
Gradišće;Generalski Stol;Karlovačka županija;42
Gradišće;Žminj;Istarska županija;45
Gradiščak;Sveti Martin na Muri;Međimurska županija;159
Gradna;Samobor;Zagrebačka županija;541
Gradski Vrhovci;Požega;Požeško-slavonska županija;16
Gradusa Posavska;Sunja;Sisačko-moslavačka županija;65
Gramalj;Skrad;Primorsko-goranska županija;0
Grana;Novi Marof;Varaždinska županija;492
Grandić Breg;Ozalj;Karlovačka županija;37
Grandići;Barban;Istarska županija;122
Granice;Našice;Osječko-baranjska županija;53
Granje;Jakšić;Požeško-slavonska županija;65
Grančari;;Grad Zagreb;254
Gračac;Gračac;Zadarska županija;2060
Gračac;Skradin;Šibensko-kninska županija;159
Gračac Slavetički;Jastrebarsko;Zagrebačka županija;0
Gračanica Šišinečka;Glina;Sisačko-moslavačka županija;17
Gračec;Brckovljani;Zagrebačka županija;915
Gračina;Križevci;Koprivničko-križevačka županija;177
Gračišće;Gračišće;Istarska županija;418
Grbajel;Delnice;Primorsko-goranska županija;11
Grbavac;Grubišno Polje;Bjelovarsko-bilogorska županija;145
Grbavac;Župa dubrovačka;Dubrovačko-neretvanska županija;89
Grbaševec;Rasinja;Koprivničko-križevačka županija;20
Grbe;Nin;Zadarska županija;173
Grdak;Sokolovac;Koprivničko-križevačka županija;70
Grdanjci;Samobor;Zagrebačka županija;318
Grdenci;Zabok;Krapinsko-zagorska županija;439
Grdoselo;Pazin;Istarska županija;128
Grdun;Ozalj;Karlovačka županija;118
Grebaštica;Šibenik;Šibensko-kninska županija;890
Greda;Maruševec;Varaždinska županija;507
Greda;Sisak;Sisačko-moslavačka županija;763
Greda;Vrbovec;Zagrebačka županija;99
Greda Breška;Ivanić-Grad;Zagrebačka županija;164
Greda Sunjska;Sunja;Sisačko-moslavačka županija;278
Gredenec;Petrovsko;Krapinsko-zagorska županija;76
Gredice;Klanjec;Krapinsko-zagorska županija;327
Gregurić Breg;Samobor;Zagrebačka županija;106
Gregurovec;Krapinske Toplice;Krapinsko-zagorska županija;115
Gregurovec;Mihovljan;Krapinsko-zagorska županija;303
Gregurovec;Sveti Petar Orehovec;Koprivničko-križevačka županija;203
Gređani;Stara Gradiška;Brodsko-posavska županija;105
Gređani;Topusko;Sisačko-moslavačka županija;253
Grešćevina;Varaždinske Toplice;Varaždinska županija;127
Grganjica;Duga Resa;Karlovačka županija;16
Grgetići;Žumberak;Zagrebačka županija;0
Grginac;Veliko Trojstvo;Bjelovarsko-bilogorska županija;171
Grgurevići;Sibinj;Brodsko-posavska županija;98
Grgurice;Posedarje;Zadarska županija;148
Grimalda;Cerovlje;Istarska županija;75
Grič;Žumberak;Zagrebačka županija;7
Griče;Ribnik;Karlovačka županija;43
Grižane-Belgrad;Vinodolska općina;Primorsko-goranska županija;818
Grižići;Sibinj;Brodsko-posavska županija;93
Grkaveščak;Sveti Martin na Muri;Međimurska županija;89
Grkine;Đurđevac;Koprivničko-križevačka županija;121
Grletinec;Hum na Sutli;Krapinsko-zagorska županija;192
Grmov;Cres;Primorsko-goranska županija;2
Grmušani;Dvor;Sisačko-moslavačka županija;57
Grobnik;Pićan;Istarska županija;8
Grobnik;Slunj;Karlovačka županija;10
Grobnik;Čavle;Primorsko-goranska županija;414
Grohot;Desinić;Krapinsko-zagorska županija;15
Grohote;Šolta;Splitsko-dalmatinska županija;440
Gromača;Dubrovnik;Dubrovačko-neretvanska županija;149
Gromačnik;Sibinj;Brodsko-posavska županija;442
Gromin Dolac;Jelsa;Splitsko-dalmatinska županija;6
Grožnjan – Grisignana;Grožnjan – Grisignana;Istarska županija;142
Grtovec;Budinščina;Krapinsko-zagorska županija;299
Grubine;Podbablje;Splitsko-dalmatinska županija;803
Grubići;Vižinada – Visinada;Istarska županija;37
Grubišno Polje;Grubišno Polje;Bjelovarsko-bilogorska županija;2588
Gruda;Konavle;Dubrovačko-neretvanska županija;860
Grudnjak;Zdenci;Virovitičko-podravska županija;4
Gršćaki;Duga Resa;Karlovačka županija;63
Gržini;Žminj;Istarska županija;133
Gubavčevo Polje;Gračac;Zadarska županija;2
Gubaševo;Zabok;Krapinsko-zagorska županija;258
Guci Draganički;Jastrebarsko;Zagrebačka županija;262
Gudalji;Ozalj;Karlovačka županija;0
Gudci;Velika Gorica;Zagrebačka županija;384
Gudovac;Bjelovar;Bjelovarsko-bilogorska županija;875
Gundinci;Gundinci;Brodsko-posavska županija;1610
Gunja;Gunja;Vukovarsko-srijemska županija;2600
Gunjavci;Rešetari;Brodsko-posavska županija;355
Gusakovec;Gornja Stubica;Krapinsko-zagorska županija;190
Gustelnica;Velika Gorica;Zagrebačka županija;100
Gusti Laz;Delnice;Primorsko-goranska županija;6
Gustirna;Marina;Splitsko-dalmatinska županija;331
Guče Selo;Delnice;Primorsko-goranska županija;19
Gušće;Sisak;Sisačko-moslavačka županija;288
Guščerovec;Sveti Petar Orehovec;Koprivničko-križevačka županija;160
Gvozdanska;Suhopolje;Virovitičko-podravska županija;22
Gvozdansko;Dvor;Sisačko-moslavačka županija;23
Habjanovac;Dubrava;Zagrebačka županija;121
Habjanovci;Bizovac;Osječko-baranjska županija;375
Haganj;Gradec;Zagrebačka županija;447
Hajdine;Vrbovsko;Primorsko-goranska županija;51
Hajtić;Glina;Sisačko-moslavačka županija;13
Hambarište;Vrbovsko;Primorsko-goranska županija;34
Hampovica;Virje;Koprivničko-križevačka županija;215
Harina Zlaka;Zagorska Sela;Krapinsko-zagorska županija;33
Harkanovci;Valpovo;Osječko-baranjska županija;400
Harmica;Brdovec;Zagrebačka županija;245
Hartje;Žumberak;Zagrebačka županija;27
Havidić Selo;;Grad Zagreb;63
Hađer;Glina;Sisačko-moslavačka županija;51
Heki;Pazin;Istarska županija;495
Hemuševec;Prelog;Međimurska županija;224
Heraki;Sveti Lovreč;Istarska županija;9
Hercegovac;Hercegovac;Bjelovarsko-bilogorska županija;857
Herešin;Koprivnica;Koprivničko-križevačka županija;682
Hižakovec;Donja Stubica;Krapinsko-zagorska županija;96
Hižanovec;Sveti Petar Orehovec;Koprivničko-križevačka županija;73
Hlapa;Dobrinj;Primorsko-goranska županija;91
Hlapičina;Mursko Središće;Međimurska županija;600
Hlebine;Hlebine;Koprivničko-križevačka županija;1056
Hlevci;Skrad;Primorsko-goranska županija;18
Hlevnica;Đurmanec;Krapinsko-zagorska županija;227
Hodilje;Ston;Dubrovačko-neretvanska županija;160
Hodinci;Ozalj;Karlovačka županija;29
Hodošan;Donji Kraljevec;Međimurska županija;1063
Homer;Lokve;Primorsko-goranska županija;225
Homoljac;Plitvička Jezera;Ličko-senjska županija;10
Horvati;;Grad Zagreb;1401
Horvatsko;Ivanec;Varaždinska županija;171
Hosnik;Skrad;Primorsko-goranska županija;0
Hotnja;Pokupsko;Zagrebačka županija;211
Hrastelnica;Sisak;Sisačko-moslavačka županija;744
Hrastin;Vladislavci;Osječko-baranjska županija;259
Hrastina;Marija Gorica;Zagrebačka županija;144
Hrastina Samoborska;Samobor;Zagrebačka županija;854
Hrastje;Sveti Ivan Zelina;Zagrebačka županija;207
Hrastje Plešivičko;Jastrebarsko;Zagrebačka županija;193
Hrastovac;Garešnica;Bjelovarsko-bilogorska županija;370
Hrastovac;Vuka;Osječko-baranjska županija;139
Hrastovec Toplički;Varaždinske Toplice;Varaždinska županija;150
Hrastovica;Petrinja;Sisačko-moslavačka županija;402
Hrastovica Vivodinska;Ozalj;Karlovačka županija;0
Hrastovljan;Martijanec;Varaždinska županija;371
Hrastovsko;Ludbreg;Varaždinska županija;674
Hrašća;Jastrebarsko;Zagrebačka županija;70
Hrašće Turopoljsko;;Grad Zagreb;1232
Hrašćica;Varaždin;Varaždinska županija;1270
Hrašćina;Hrašćina;Krapinsko-zagorska županija;76
Hrboki;Barban;Istarska županija;159
Hrebine;Pušća;Zagrebačka županija;289
Hrebinec;Brckovljani;Zagrebačka županija;242
Hreljin;Bakar;Primorsko-goranska županija;2139
Hreljin Ogulinski;Ogulin;Karlovačka županija;446
Hreljići;Marčana;Istarska županija;71
Hrgovec;Sveti Petar Orehovec;Koprivničko-križevačka županija;26
Hrib;Čabar;Primorsko-goranska županija;85
Hribac;Skrad;Primorsko-goranska županija;17
Hrkanovci Đakovački;Trnava;Osječko-baranjska županija;90
Hrnjanec;Sveti Ivan Zelina;Zagrebačka županija;401
Hrnjevac;Kutjevo;Požeško-slavonska županija;165
Hromec;Đurmanec;Krapinsko-zagorska županija;375
Hrsina;Bosiljevo;Karlovačka županija;29
Hrsovo;Sveti Ivan Žabno;Koprivničko-križevačka županija;219
Hrtić;Dvor;Sisačko-moslavačka županija;70
Hruševec;Donja Stubica;Krapinsko-zagorska županija;368
Hruševec Kupljenski;Zaprešić;Zagrebačka županija;428
Hruševec Pušćanski;Pušća;Zagrebačka županija;222
Hruškovec;Rakovec;Zagrebačka županija;73
Hruškovica;Vrbovec;Zagrebačka županija;45
Hrušćica;Rugvica;Zagrebačka županija;166
Hrvace;Hrvace;Splitsko-dalmatinska županija;1483
Hrvatska Dubica;Hrvatska Dubica;Sisačko-moslavačka županija;774
Hrvatska Kostajnica;Hrvatska Kostajnica;Sisačko-moslavačka županija;1439
Hrvatski Leskovac;;Grad Zagreb;2659
Hrvatski Čuntić;Petrinja;Sisačko-moslavačka županija;42
Hrvatsko;Delnice;Primorsko-goranska županija;49
Hrvatsko Polje;Otočac;Ličko-senjska županija;126
Hrvatsko Selo;Topusko;Sisačko-moslavačka županija;242
Hrvatsko Žarište;Krnjak;Karlovačka županija;23
Hršak Breg;Krapinske Toplice;Krapinsko-zagorska županija;117
Hršćevani;Podbablje;Splitsko-dalmatinska županija;381
Hrženica;Sveti Đurđ;Varaždinska županija;780
Hrženik;Krašić;Zagrebačka županija;94
Hudi Bitek;;Grad Zagreb;464
Hudovljani;Sokolovac;Koprivničko-križevačka županija;114
Hudovo;Rakovec;Zagrebačka županija;74
Hum;Buzet;Istarska županija;52
Hum;Voćin;Virovitičko-podravska županija;62
Hum Bistrički;Marija Bistrica;Krapinsko-zagorska županija;430
Hum Košnički;Desinić;Krapinsko-zagorska županija;74
Hum Stubički;Gornja Stubica;Krapinsko-zagorska županija;498
Hum Varoš;Voćin;Virovitičko-podravska županija;24
Hum Zabočki;Zabok;Krapinsko-zagorska županija;445
Hum na Sutli;Hum na Sutli;Krapinsko-zagorska županija;957
Humac;Jelsa;Splitsko-dalmatinska županija;0
Humljani;Čačinci;Virovitičko-podravska županija;94
Husain;Kutina;Sisačko-moslavačka županija;820
Husinec;Hrašćina;Krapinsko-zagorska županija;97
Husje;Karlovac;Karlovačka županija;153
Hutin;Krašić;Zagrebačka županija;84
Hvar;Hvar;Splitsko-dalmatinska županija;3519
Igrane;Podgora;Splitsko-dalmatinska županija;347
Igrišće;Jakovlje;Zagrebačka županija;635
Ika;Opatija;Primorsko-goranska županija;295
Ilača;Tovarnik;Vukovarsko-srijemska županija;682
Ilmin Dvor;Čađavica;Virovitičko-podravska županija;42
Ilok;Ilok;Vukovarsko-srijemska županija;3842
Ilova;Kutina;Sisačko-moslavačka županija;709
Ilovac;Ozalj;Karlovačka županija;42
Ilovačak;Glina;Sisačko-moslavačka županija;41
Ilovik;Mali Lošinj;Primorsko-goranska županija;106
Ilovik;Čavle;Primorsko-goranska županija;20
Ilovski Klokočevac;Hercegovac;Bjelovarsko-bilogorska županija;126
Imbriovec;Đelekovec;Koprivničko-križevačka županija;291
Imbriovec Jalžabetski;Jalžabet;Varaždinska županija;246
Imotica;Dubrovačko primorje;Dubrovačko-neretvanska županija;47
Imotski;Imotski;Splitsko-dalmatinska županija;4008
Imrijevci;Čaglin;Požeško-slavonska županija;19
Imsovac;Končanica;Bjelovarsko-bilogorska županija;135
Ipši – Ipsi;Oprtalj – Portole;Istarska županija;17
Irinovac;Rakovica;Karlovačka županija;135
Islam Grčki;Benkovac;Zadarska županija;150
Islam Latinski;Posedarje;Zadarska županija;314
Ist;Zadar;Zadarska županija;146
Istočni Trojvrh;Josipdol;Karlovačka županija;18
Ivan Dolac;Jelsa;Splitsko-dalmatinska županija;68
Ivanbegovina;Podbablje;Splitsko-dalmatinska županija;251
Ivanbrijeg;Slatina;Virovitičko-podravska županija;29
Ivandol;Brestovac;Požeško-slavonska županija;103
Ivanec;Ivanec;Varaždinska županija;4997
Ivanec Bistranski;Zaprešić;Zagrebačka županija;887
Ivanec Križevački;Križevci;Koprivničko-križevačka županija;272
Ivanečka Željeznica;Ivanec;Varaždinska županija;211
Ivanečki Vrhovec;Ivanec;Varaždinska županija;268
Ivanečko Naselje;Ivanec;Varaždinska županija;252
Ivanić Desinićki;Desinić;Krapinsko-zagorska županija;405
Ivanić Košnički;Desinić;Krapinsko-zagorska županija;23
Ivanić Miljanski;Zagorska Sela;Krapinsko-zagorska županija;9
Ivanić-Grad;Ivanić-Grad;Zagrebačka županija;8452
Ivanja Reka;;Grad Zagreb;1753
Ivanje;Cres;Primorsko-goranska županija;9
Ivanjski Bok;Sunja;Sisačko-moslavačka županija;11
Ivanković Selo;Karlovac;Karlovačka županija;3
Ivankovo;Ivankovo;Vukovarsko-srijemska županija;5076
Ivanovac;Antunovac;Osječko-baranjska županija;1375
Ivanovci;Valpovo;Osječko-baranjska županija;405
Ivanovci;Čaglin;Požeško-slavonska županija;16
Ivanovci Đakovački;Đakovo;Osječko-baranjska županija;503
Ivanovec;Čakovec;Međimurska županija;1922
Ivanovo;Viljevo;Osječko-baranjska županija;224
Ivanovo Polje;Dežanovac;Bjelovarsko-bilogorska županija;170
Ivanovo Selo;Grubišno Polje;Bjelovarsko-bilogorska županija;215
Ivanska;Ivanska;Bjelovarsko-bilogorska županija;564
Ivančani;Farkaševac;Zagrebačka županija;139
Ivančec;Rasinja;Koprivničko-križevačka županija;48
Ivančići;Jastrebarsko;Zagrebačka županija;145
Ivančići Pokupski;Karlovac;Karlovačka županija;11
Ivići;Sveti Lovreč;Istarska županija;0
Ivoševci;Kistanje;Šibensko-kninska županija;251
Ivošević Selo;Karlovac;Karlovačka županija;4
Izimje;Jastrebarsko;Zagrebačka županija;195
Ićevo;Skradin;Šibensko-kninska županija;78
Ičići;Opatija;Primorsko-goranska županija;836
Iševnica;Delnice;Primorsko-goranska županija;5
Jablan;Vrbovsko;Primorsko-goranska županija;177
Jablanac;Senj;Ličko-senjska županija;53
Jablanovec;Zaprešić;Zagrebačka županija;1301
Jabuka;Trilj;Splitsko-dalmatinska županija;239
Jabukovac;Petrinja;Sisačko-moslavačka županija;110
Jabučeta;Kapela;Bjelovarsko-bilogorska županija;40
Jadranovo;Crikvenica;Primorsko-goranska županija;1077
Jadreški;Ližnjan – Lisignano;Istarska županija;537
Jadrići;Žakanje;Karlovačka županija;7
Jadrtovac;Šibenik;Šibensko-kninska županija;171
Jadruhi;Vižinada – Visinada;Istarska županija;54
Jagma;Lipik;Požeško-slavonska županija;33
Jagnjedovec;Koprivnica;Koprivničko-križevačka županija;301
Jagnjić Dol;Sveta Nedelja;Zagrebačka županija;468
Jagodna;Hvar;Splitsko-dalmatinska županija;43
Jagodnjak;Jagodnjak;Osječko-baranjska županija;990
Jagodnje;Udbina;Ličko-senjska županija;21
Jagodno;Velika Gorica;Zagrebačka županija;533
Jagrovac;Vojnić;Karlovačka županija;30
Jaguplije;Brestovac;Požeško-slavonska županija;128
Jakačina Mala;Sibinj;Brodsko-posavska županija;114
Jakačići;Gračišće;Istarska županija;126
Jakići Dolinji;Sveti Lovreč;Istarska županija;25
Jakići Gorinji – Iachici;Poreč – Parenzo;Istarska županija;17
Jakišnica;Novalja;Ličko-senjska županija;118
Jakomići;Pićan;Istarska županija;161
Jakopovac;Zrinski Topolovac;Bjelovarsko-bilogorska županija;98
Jakopovec;Jalžabet;Varaždinska županija;419
Jakov Polje;Novi Vinodolski;Primorsko-goranska županija;12
Jakovci;Pakrac;Požeško-slavonska županija;0
Jakovci Netretićki;Netretić;Karlovačka županija;21
Jakovici;Tinjan;Istarska županija;290
Jakovlje;Jakovlje;Zagrebačka županija;2557
Jakuševec Zabočki;Zabok;Krapinsko-zagorska županija;344
Jakšinec;Gornja Stubica;Krapinsko-zagorska županija;238
Jakšić;Jakšić;Požeško-slavonska županija;1566
Jakšići;Vrbovsko;Primorsko-goranska županija;42
Jales Breznički;Breznica;Varaždinska županija;114
Jalkovec;Varaždin;Varaždinska županija;1259
Jalševec Nartski;Rugvica;Zagrebačka županija;461
Jalševec Svibovečki;Varaždinske Toplice;Varaždinska županija;271
Jalšje;Veliko Trgovišće;Krapinsko-zagorska županija;301
Jalšovec;Štrigova;Međimurska županija;111
Jalžabet;Jalžabet;Varaždinska županija;1005
Jamarica;Kutina;Sisačko-moslavačka županija;335
Jamarje;Rakovica;Karlovačka županija;0
Jame;Slunj;Karlovačka županija;21
Jamnica Pisarovinska;Pisarovina;Zagrebačka županija;64
Jamno;Bednja;Varaždinska županija;84
Janja Gora;Plaški;Karlovačka županija;90
Janja Lipa;Kutina;Sisačko-moslavačka županija;152
Janjina;Janjina;Dubrovačko-neretvanska županija;185
Jankovac;Sokolovac;Koprivničko-križevačka županija;38
Jankovo Selište;Generalski Stol;Karlovačka županija;59
Jančani;Bosiljevo;Karlovačka županija;24
Japaga;Lipik;Požeško-slavonska županija;137
Jarebinjak;Rogoznica;Šibensko-kninska županija;10
Jarek Bisaški;Breznica;Varaždinska županija;187
Jarek Habekov;Hrašćina;Krapinsko-zagorska županija;144
Jarki;Cestica;Varaždinska županija;132
Jarki Horvatićevi;Varaždinske Toplice;Varaždinska županija;31
Jarmina;Jarmina;Vukovarsko-srijemska županija;2016
Jarnevići;Ribnik;Karlovačka županija;25
Jaruge;Sikirevci;Brodsko-posavska županija;538
Jarušje;Samobor;Zagrebačka županija;48
Jarčani;Križevci;Koprivničko-križevačka županija;89
Jarče Polje;Netretić;Karlovačka županija;119
Jasenak;Ogulin;Karlovačka županija;175
Jasenaš;Virovitica;Virovitičko-podravska županija;53
Jasenice;Jasenice;Zadarska županija;151
Jasenice;Konavle;Dubrovačko-neretvanska županija;13
Jasenik;Šandrovac;Bjelovarsko-bilogorska županija;30
Jasenovac;Jasenovac;Sisačko-moslavačka županija;525
Jasenovac;Kneževi Vinogradi;Osječko-baranjska županija;4
Jasenovac Zagorski;Krapinske Toplice;Krapinsko-zagorska županija;49
Jasenovica;Ribnik;Karlovačka županija;19
Jasenovica – Frassineto;Poreč – Parenzo;Istarska županija;56
Jasenovčani;Sunja;Sisačko-moslavačka županija;14
Jasensko;Sinj;Splitsko-dalmatinska županija;306
Jasik;Čaglin;Požeško-slavonska županija;0
Jasikovac;Plitvička Jezera;Ličko-senjska županija;24
Jasnić Brdo;Krnjak;Karlovačka županija;4
Jastrebarsko;Jastrebarsko;Zagrebačka županija;5312
Javnica;Dvor;Sisačko-moslavačka županija;28
Javor;Žumberak;Zagrebačka županija;7
Javorek;Samobor;Zagrebačka županija;39
Javorje;Brdovec;Zagrebačka županija;655
Javorje;Novi Vinodolski;Primorsko-goranska županija;1
Javornik;Dvor;Sisačko-moslavačka županija;71
Javorovac;Novigrad Podravski;Koprivničko-križevačka županija;57
Jazavica;Novska;Sisačko-moslavačka županija;327
Jazbina;Desinić;Krapinsko-zagorska županija;28
Jazbina Cvetlinska;Bednja;Varaždinska županija;282
Jazbina Višnjička;Lepoglava;Varaždinska županija;18
Jazvenik;Sisak;Sisačko-moslavačka županija;118
Jazvine;Radoboj;Krapinsko-zagorska županija;357
Jaškovo;Ozalj;Karlovačka županija;385
Jeduševac;Koprivnički Bregi;Koprivničko-križevačka županija;86
Jehnići;Poreč – Parenzo;Istarska županija;29
Jelenjak;Desinić;Krapinsko-zagorska županija;89
Jelenje;Jelenje;Primorsko-goranska županija;395
Jelenščak;Novi Marof;Varaždinska županija;161
Jelisavac;Našice;Osječko-baranjska županija;1024
Jelov Klanac;Rakovica;Karlovačka županija;76
Jelovec;Konjščina;Krapinsko-zagorska županija;135
Jelovec Voćanski;Donja Voća;Varaždinska županija;59
Jelovice;Lanišće;Istarska županija;10
Jelsa;Jelsa;Splitsko-dalmatinska županija;1753
Jeminovac;Brestovac;Požeško-slavonska županija;5
Jerebić;Velika Gorica;Zagrebačka županija;38
Jerovec;Ivanec;Varaždinska županija;760
Jertovec;Konjščina;Krapinsko-zagorska županija;610
Jesenice;Dugi Rat;Splitsko-dalmatinska županija;1978
Jesenovec;;Grad Zagreb;398
Jesenovik;Kršan;Istarska županija;42
Jezera;Tisno;Šibensko-kninska županija;798
Jezerane;Brinje;Ličko-senjska županija;270
Jezerce;Plitvička Jezera;Ličko-senjska županija;230
Jezerine;Krašić;Zagrebačka županija;22
Jezerišće;Đurmanec;Krapinsko-zagorska županija;91
Jezernice;Žumberak;Zagrebačka županija;0
Jezero;Čaglin;Požeško-slavonska županija;7
Jezero I Dio;Plaški;Karlovačka županija;61
Jezero Klanječko;Veliko Trgovišće;Krapinsko-zagorska županija;190
Jezero Posavsko;Martinska Ves;Sisačko-moslavačka županija;56
Ježdovec;;Grad Zagreb;1844
Ježenj;Pazin;Istarska županija;147
Ježevik;Bukovlje;Brodsko-posavska županija;59
Ježević;Vrlika;Splitsko-dalmatinska županija;167
Ježevo;Rugvica;Zagrebačka županija;409
Ježovec;Bednja;Varaždinska županija;234
Johi;Bosiljevo;Karlovačka županija;19
Johovec;Križ;Zagrebačka županija;125
Johovo;Vojnić;Karlovačka županija;16
Josipdol;Josipdol;Karlovačka županija;1015
Josipovac;Osijek;Osječko-baranjska županija;3602
Josipovac Punitovački;Punitovci;Osječko-baranjska županija;693
Josipovo;Sopje;Virovitičko-podravska županija;270
Jovac;Dvor;Sisačko-moslavačka županija;8
Jovići;Ražanac;Zadarska županija;327
Jošani;Udbina;Ličko-senjska županija;38
Jošavica;Petrinja;Sisačko-moslavačka županija;62
Joševica;Glina;Sisačko-moslavačka županija;34
Jugovac;Žakanje;Karlovačka županija;9
Jugovo Polje;Suhopolje;Virovitičko-podravska županija;267
Juradi;Buzet;Istarska županija;69
Jural;Kanfanar;Istarska županija;16
Jurandvor;Baška;Primorsko-goranska županija;330
Juranšćina;Zlatar;Krapinsko-zagorska županija;162
Jurazini;Sveta Nedelja;Istarska županija;91
Jurcani;Sveti Lovreč;Istarska županija;10
Jurdani;Matulji;Primorsko-goranska županija;658
Jurga;Vojnić;Karlovačka županija;81
Juricani – Giurizzani;Umag – Umago;Istarska županija;396
Jurićev Kal;Barban;Istarska županija;44
Jurići;Žminj;Istarska županija;89
Jurići – Iurici;Poreč – Parenzo;Istarska županija;0
Jurjevac Punitovački;Punitovci;Osječko-baranjska županija;264
Jurjevec;Krapinske Toplice;Krapinsko-zagorska županija;140
Jurjevčani;Jastrebarsko;Zagrebačka županija;79
Jurketinec;Maruševec;Varaždinska županija;387
Jurkovac;Čaglin;Požeško-slavonska županija;10
Jurkovo Selo;Žumberak;Zagrebačka županija;54
Jurovec;Sveti Martin na Muri;Međimurska županija;208
Jurovo;Žakanje;Karlovačka županija;87
Jurovski Brod;Žakanje;Karlovačka županija;158
Jurovčak;Sveti Martin na Muri;Međimurska županija;139
Juršići;Svetvinčenat;Istarska županija;202
Jušići;Matulji;Primorsko-goranska županija;828
Kabal;Farkaševac;Zagrebačka županija;138
Kablar;Karlovac;Karlovačka županija;82
Kadanovci;Pleternica;Požeško-slavonska županija;197
Kadina Glavica;Drniš;Šibensko-kninska županija;150
Kadumi;Poreč – Parenzo;Istarska županija;237
Kajgana;Garešnica;Bjelovarsko-bilogorska županija;223
Kajini;Buzet;Istarska županija;17
Kakanj;Kistanje;Šibensko-kninska županija;32
Kakinac;Rovišće;Bjelovarsko-bilogorska županija;45
Kakma;Polača;Zadarska županija;177
Kalac;Mošćenička Draga;Primorsko-goranska županija;25
Kaldanija – Caldanìa;Buje – Buie;Istarska županija;273
Kaldir;Motovun – Montona;Istarska županija;228
Kaldrma;Gračac;Zadarska županija;20
Kalebovac;Plitvička Jezera;Ličko-senjska županija;37
Kali;Kali;Zadarska županija;1585
Kalinić;Pleternica;Požeško-slavonska županija;62
Kalinje;Sveti Ivan Zelina;Zagrebačka županija;256
Kalinovac;Kalinovac;Koprivničko-križevačka županija;1194
Kalinovača;Gospić;Ličko-senjska županija;99
Kalinovica;Sveta Nedelja;Zagrebačka županija;409
Kalić;Delnice;Primorsko-goranska županija;0
Kalje;Žumberak;Zagrebačka županija;13
Kalnik;Kalnik;Koprivničko-križevačka županija;287
Kaluđerovac;Perušić;Ličko-senjska županija;13
Kamanje;Kamanje;Karlovačka županija;366
Kamen;Split;Splitsko-dalmatinska županija;1821
Kamena Gorica;Novi Marof;Varaždinska županija;186
Kamenac;Kneževi Vinogradi;Osječko-baranjska županija;129
Kamenci;Ozalj;Karlovačka županija;0
Kamenica;Lepoglava;Varaždinska županija;128
Kamenica;Preseka;Zagrebačka županija;43
Kamenica;Sokolovac;Koprivničko-križevačka županija;9
Kamenica Skradnička;Tounj;Karlovačka županija;194
Kamenički Vrhovec;Lepoglava;Varaždinska županija;193
Kameničko Podgorje;Lepoglava;Varaždinska županija;248
Kamenmost;Podbablje;Splitsko-dalmatinska županija;393
Kamenska;Brestovac;Požeško-slavonska županija;5
Kamenski Hrib;Čabar;Primorsko-goranska županija;4
Kamenski Vučjak;Brestovac;Požeško-slavonska županija;1
Kamenski Šeovci;Brestovac;Požeško-slavonska županija;0
Kamensko;Trilj;Splitsko-dalmatinska županija;62
Kamensko;Vrbovsko;Primorsko-goranska županija;0
Kamešnica;Kalnik;Koprivničko-križevačka županija;141
Kampelje;Vrbnik;Primorsko-goranska županija;11
Kampor;Rab;Primorsko-goranska županija;1030
Kanegra – Canegra;Buje – Buie;Istarska županija;0
Kanfanar;Kanfanar;Istarska županija;485
Kanica;Rogoznica;Šibensko-kninska županija;108
Kaniška Iva;Garešnica;Bjelovarsko-bilogorska županija;370
Kaniža;Bebrina;Brodsko-posavska županija;704
Kaniža;Ivanec;Varaždinska županija;234
Kaniža Gospićka;Gospić;Ličko-senjska županija;354
Kanjane;Drniš;Šibensko-kninska županija;0
Kantrovci;Velika;Požeško-slavonska županija;21
Kaočine;Drniš;Šibensko-kninska županija;201
Kapela;Kapela;Bjelovarsko-bilogorska županija;358
Kapela Dvor;Lukač;Virovitičko-podravska županija;204
Kapela Kalnička;Ljubešćica;Varaždinska županija;217
Kapela Korenička;Plitvička Jezera;Ličko-senjska županija;7
Kapela Podravska;Veliki Bukovec;Varaždinska županija;408
Kapela Ravenska;Sveti Petar Orehovec;Koprivničko-križevačka županija;73
Kapelec;Maruševec;Varaždinska županija;82
Kapelica;Garešnica;Bjelovarsko-bilogorska županija;442
Kapelica;Labin;Istarska županija;635
Kapelna;Viljevo;Osječko-baranjska županija;223
Kapelski Vrh;Kraljevec na Sutli;Krapinsko-zagorska županija;100
Kapelščak;Sveti Martin na Muri;Međimurska županija;94
Kapetanovo Polje;Pakrac;Požeško-slavonska županija;25
Kapinci;Sopje;Virovitičko-podravska županija;113
Kapljuv;Cetingrad;Karlovačka županija;30
Kapovići;Sveti Lovreč;Istarska županija;2
Kaprije;Šibenik;Šibensko-kninska županija;186
Kaptol;Kaptol;Požeško-slavonska županija;1040
Karadžićevo;Markušica;Vukovarsko-srijemska županija;126
Karakašica;Sinj;Splitsko-dalmatinska županija;682
Karalić;Drniš;Šibensko-kninska županija;119
Karanac;Kneževi Vinogradi;Osječko-baranjska županija;658
Karane;Križevci;Koprivničko-križevačka županija;230
Karasi;Karlovac;Karlovačka županija;54
Karigador – Carigador;Brtonigla – Verteneglio;Istarska županija;165
Karivaroš;Gornja Stubica;Krapinsko-zagorska županija;265
Karlobag;Karlobag;Ličko-senjska županija;368
Karlovac;Karlovac;Karlovačka županija;41869
Karlovac Feričanački;Orahovica;Virovitičko-podravska županija;9
Karlovec Ludbreški;Sveti Đurđ;Varaždinska županija;478
Karlovići;Žminj;Istarska županija;40
Karojba;Karojba;Istarska županija;413
Kartalije;Vojnić;Karlovačka županija;33
Kastav;Kastav;Primorsko-goranska županija;10202
Kasuni;Bosiljevo;Karlovačka županija;49
Katinac;Đulovac;Bjelovarsko-bilogorska županija;101
Katinka;Lukač;Virovitičko-podravska županija;25
Katinovac;Topusko;Sisačko-moslavačka županija;56
Katoličke Čaire;Kutina;Sisačko-moslavačka županija;198
Katoličko Selišće;Velika Ludina;Sisačko-moslavačka županija;136
Katoro – Catoro;Umag – Umago;Istarska županija;26
Katun – Cattuni;Poreč – Parenzo;Istarska županija;48
Katuni;Šestanovac;Splitsko-dalmatinska županija;455
Kavran;Marčana;Istarska županija;121
Kavrani;Brod Moravice;Primorsko-goranska županija;0
Kačkovec;Kraljevec na Sutli;Krapinsko-zagorska županija;148
Kašina;;Grad Zagreb;1402
Kašinska Sopnica;;Grad Zagreb;187
Kašić;Pirovac;Šibensko-kninska županija;104
Kašljavac;Šandrovac;Bjelovarsko-bilogorska županija;103
Kašt;Ozalj;Karlovačka županija;32
Kaštel Dežanovački;Dežanovac;Bjelovarsko-bilogorska županija;36
Kaštel Gomilica;Kaštela;Splitsko-dalmatinska županija;4699
Kaštel Kambelovac;Kaštela;Splitsko-dalmatinska županija;5051
Kaštel Lukšić;Kaštela;Splitsko-dalmatinska županija;5221
Kaštel Novi;Kaštela;Splitsko-dalmatinska županija;6507
Kaštel Stari;Kaštela;Splitsko-dalmatinska županija;6950
Kaštel Sućurac;Kaštela;Splitsko-dalmatinska županija;6544
Kaštel Štafilić;Kaštela;Splitsko-dalmatinska županija;2822
Kaštel Žegarski;Obrovac;Zadarska županija;122
Kaštel – Castelvenere;Buje – Buie;Istarska županija;606
Kaštelanec;Jalžabet;Varaždinska županija;341
Kaštelir;Kaštelir-Labinci – Castelliere-S. Domenica;Istarska županija;305
Kašćerga;Pazin;Istarska županija;235
Kebel;Bedekovčina;Krapinsko-zagorska županija;345
Kegljevac;Veliko Trojstvo;Bjelovarsko-bilogorska županija;46
Keići;Generalski Stol;Karlovačka županija;37
Kelci;Višnjan – Visignano;Istarska županija;0
Kelemen;Jalžabet;Varaždinska županija;508
Keleminovec;Sveti Ivan Zelina;Zagrebačka županija;106
Kelešinka;Podgorač;Osječko-baranjska županija;43
Kenđelovec;Sveti Ivan Žabno;Koprivničko-križevačka županija;162
Kepčije;Dvor;Sisačko-moslavačka županija;18
Kerestinec;Sveta Nedelja;Zagrebačka županija;1489
Keseri;Ozalj;Karlovačka županija;1
Keserov Potok;Krnjak;Karlovačka županija;4
Kestenak;Barilović;Karlovačka županija;8
Kestenje;Cetingrad;Karlovačka županija;21
Kestenovac;Donji Lapac;Ličko-senjska županija;20
Kestenovac;Vojnić;Karlovačka županija;12
Kešinci;Semeljci;Osječko-baranjska županija;648
Kihalac;Glina;Sisačko-moslavačka županija;44
Kijani;Gračac;Zadarska županija;25
Kijevo;Kijevo;Šibensko-kninska županija;272
Kik;Lovinac;Ličko-senjska županija;8
Kindrovo;Podcrkavlje;Brodsko-posavska županija;73
Kinjačka;Sunja;Sisačko-moslavačka županija;167
Kip;Sirač;Bjelovarsko-bilogorska županija;146
Kirin;Gvozd;Sisačko-moslavačka županija;22
Kirmenjak;Poreč – Parenzo;Istarska županija;49
Kistanje;Kistanje;Šibensko-kninska županija;1638
Kitišanci;Belišće;Osječko-baranjska županija;145
Klada;Senj;Ličko-senjska županija;35
Kladare;Pitomača;Virovitičko-podravska županija;412
Kladari;Sunja;Sisačko-moslavačka županija;1
Kladešćica;Sveti Ivan Zelina;Zagrebačka županija;1
Kladje;Samobor;Zagrebačka županija;888
Kladnik;Kumrovec;Krapinsko-zagorska županija;110
Kladnjice;Lećevica;Splitsko-dalmatinska županija;131
Klakar;Klakar;Brodsko-posavska županija;243
Klake;Samobor;Zagrebačka županija;226
Klana;Klana;Primorsko-goranska županija;1147
Klanac;Gospić;Ličko-senjska županija;89
Klanac;Vrbovsko;Primorsko-goranska županija;31
Klanac Perjasički;Slunj;Karlovačka županija;5
Klanice;Dobrinj;Primorsko-goranska županija;47
Klanjec;Klanjec;Krapinsko-zagorska županija;506
Klanječno;Desinić;Krapinsko-zagorska županija;26
Klarići;Buzet;Istarska županija;34
Klašnjica;Udbina;Ličko-senjska županija;1
Klek;Slivno;Dubrovačko-neretvanska županija;177
Klenice;Pregrada;Krapinsko-zagorska županija;74
Klenovac;Perušić;Ličko-senjska županija;30
Klenovec Humski;Hum na Sutli;Krapinsko-zagorska županija;337
Klenovica;Novi Vinodolski;Primorsko-goranska županija;272
Klenovnik;Klenovnik;Varaždinska županija;925
Klenovšćak;Lanišće;Istarska županija;8
Klepeće Selo;Brod Moravice;Primorsko-goranska županija;1
Kletište;Kutina;Sisačko-moslavačka županija;106
Klimen;Konjščina;Krapinsko-zagorska županija;115
Klimni;Žminj;Istarska županija;65
Klimno;Dobrinj;Primorsko-goranska županija;130
Klinac;Petrinja;Sisačko-moslavačka županija;16
Klinča Sela;Klinča Sela;Zagrebačka županija;1809
Klipino Brdo;Karlovac;Karlovačka županija;6
Klis;Klis;Splitsko-dalmatinska županija;3496
Klisa;Lipik;Požeško-slavonska županija;81
Klisa;Osijek;Osječko-baranjska županija;242
Klisa;Velika;Požeško-slavonska županija;0
Kliševo;Dubrovnik;Dubrovačko-neretvanska županija;52
Kljaić Brdo;Karlovac;Karlovačka županija;13
Kljake;Ružić;Šibensko-kninska županija;173
Kljenak;Vrgorac;Splitsko-dalmatinska županija;51
Ključ;Drniš;Šibensko-kninska županija;107
Ključ;Novi Marof;Varaždinska županija;775
Ključ Brdovečki;Brdovec;Zagrebačka županija;548
Ključar;Vojnić;Karlovačka županija;55
Ključić Brdo;Velika Gorica;Zagrebačka županija;233
Klobučak;Sisak;Sisačko-moslavačka županija;51
Klokovec;Krapinske Toplice;Krapinsko-zagorska županija;740
Klokoč;Vojnić;Karlovačka županija;46
Klokočevac;Bjelovar;Bjelovarsko-bilogorska županija;938
Klokočevci;Đurđenovac;Osječko-baranjska županija;344
Klokočevec Samoborski;Samobor;Zagrebačka županija;326
Klokočevik;Garčin;Brodsko-posavska županija;477
Kloštar;Vrsar – Orsera;Istarska županija;41
Kloštar Ivanić;Kloštar Ivanić;Zagrebačka županija;3263
Kloštar Podravski;Kloštar Podravski;Koprivničko-križevačka županija;1281
Kloštar Vojakovački;Križevci;Koprivničko-križevačka županija;318
Klupci Začretski;Sveti Križ Začretje;Krapinsko-zagorska županija;77
Klupci – dio;Krapinske Toplice;Krapinsko-zagorska županija;99
Klupica;Vojnić;Karlovačka županija;4
Kmeti – Metti;Umag – Umago;Istarska županija;300
Knapić;Ivanec;Varaždinska županija;67
Knapići;Sveti Lovreč;Istarska županija;3
Knez Gorica;Karlovac;Karlovačka županija;106
Knezovec;Šenkovec;Međimurska županija;372
Knezovljani;Donji Kukuruzari;Sisačko-moslavačka županija;63
Knežci;Pleternica;Požeško-slavonska županija;50
Kneževac;Čaglin;Požeško-slavonska županija;62
Kneževi Vinogradi;Kneževi Vinogradi;Osječko-baranjska županija;1332
Knežević Kosa;Vojnić;Karlovačka županija;120
Kneževo;Popovac;Osječko-baranjska županija;485
Knežica;Dubrovnik;Dubrovačko-neretvanska županija;148
Knin;Knin;Šibensko-kninska županija;8262
Kninsko Polje;Knin;Šibensko-kninska županija;758
Kobasičari;Kapela;Bjelovarsko-bilogorska županija;170
Kobilić;Velika Gorica;Zagrebačka županija;536
Kobilić Pokupski;Karlovac;Karlovačka županija;35
Kobiljak;Dvor;Sisačko-moslavačka županija;0
Kobiljača;Pojezerje;Dubrovačko-neretvanska županija;198
Kocijani;Brod Moravice;Primorsko-goranska županija;5
Kodolje;Buzet;Istarska županija;49
Kohanjac;Žakanje;Karlovačka županija;78
Kokinac;Bjelovar;Bjelovarsko-bilogorska županija;155
Kokirevo;Vojnić;Karlovačka županija;30
Kokorići;Vrgorac;Splitsko-dalmatinska županija;145
Kokočak;Orahovica;Virovitičko-podravska županija;8
Kolan;Kolan;Zadarska županija;332
Kolanjski Gajac;Kolan;Zadarska županija;16
Kolarec;Gornja Rijeka;Koprivničko-križevačka županija;134
Kolarevo Selo;Ivanska;Bjelovarsko-bilogorska županija;130
Kolarina;Benkovac;Zadarska županija;35
Kolarić;Vojnić;Karlovačka županija;163
Kolarovec;Cestica;Varaždinska županija;220
Kolašac;Kistanje;Šibensko-kninska županija;47
Koledinec;Rasinja;Koprivničko-križevačka županija;120
Kolenica;Rakovec;Zagrebačka županija;19
Kolenovac;Netretić;Karlovačka županija;9
Koljane;Vrlika;Splitsko-dalmatinska županija;21
Koločep;Dubrovnik;Dubrovačko-neretvanska županija;231
Kolumbera;Višnjan – Visignano;Istarska županija;28
Kom;Gračac;Zadarska županija;22
Komaji;Konavle;Dubrovačko-neretvanska županija;268
Komarna;Slivno;Dubrovačko-neretvanska županija;412
Komarnica;Staro Petrovo Selo;Brodsko-posavska županija;175
Komarnica Ludbreška;Sveti Đurđ;Varaždinska županija;143
Komarovci;Kaptol;Požeško-slavonska županija;126
Komatnica;Peteranec;Koprivničko-križevačka županija;44
Komazeci;Obrovac;Zadarska županija;14
Komesarac;Cetingrad;Karlovačka županija;96
Kometnik-Jorgići;Voćin;Virovitičko-podravska županija;27
Kometnik-Zubići;Voćin;Virovitičko-podravska županija;16
Komin;Ploče;Dubrovačko-neretvanska županija;941
Komin;Sveti Ivan Zelina;Zagrebačka županija;204
Komić;Udbina;Ličko-senjska županija;14
Komiža;Komiža;Splitsko-dalmatinska županija;1261
Komlenići;Vrbovsko;Primorsko-goranska županija;4
Komletinci;Otok;Vukovarsko-srijemska županija;1328
Komogovina;Donji Kukuruzari;Sisačko-moslavačka županija;76
Komolac;Dubrovnik;Dubrovačko-neretvanska županija;355
Komor Začretski;Sveti Križ Začretje;Krapinsko-zagorska županija;149
Komora;Dvor;Sisačko-moslavačka županija;7
Komorica;Pleternica;Požeško-slavonska županija;116
Kompanj;Buzet;Istarska županija;24
Kompator;Velika Ludina;Sisačko-moslavačka županija;59
Kompolje;Otočac;Ličko-senjska županija;299
Kompolje Koreničko;Plitvička Jezera;Ličko-senjska županija;104
Komuševac;Čazma;Bjelovarsko-bilogorska županija;167
Komušina;Požega;Požeško-slavonska županija;64
Konak;Vrbovec;Zagrebačka županija;103
Kondrić;Trnava;Osječko-baranjska županija;178
Konjarić Vrh;Krašić;Zagrebačka županija;13
Konjevrate;Šibenik;Šibensko-kninska županija;179
Konjkovsko;Karlovac;Karlovačka županija;6
Konjsko;Karlobag;Ličko-senjska županija;2
Konjsko;Klis;Splitsko-dalmatinska županija;281
Konjsko Brdo;Perušić;Ličko-senjska županija;92
Konjščina;Konjščina;Krapinsko-zagorska županija;910
Kontešići;Vrsar – Orsera;Istarska županija;4
Končanica;Končanica;Bjelovarsko-bilogorska županija;692
Končarev Kraj;Plitvička Jezera;Ličko-senjska županija;1
Konšćani;Križ;Zagrebačka županija;156
Konšćica;Samobor;Zagrebačka županija;264
Kopačevo;Bilje;Osječko-baranjska županija;460
Koprivna;Brestovac;Požeško-slavonska županija;2
Koprivna;Šodolovci;Osječko-baranjska županija;92
Koprivnica;Koprivnica;Koprivničko-križevačka županija;22262
Koprivnica Zagorska;Đurmanec;Krapinsko-zagorska županija;101
Koprivnički Bregi;Koprivnički Bregi;Koprivničko-križevačka županija;1118
Koprivnički Ivanec;Koprivnički Ivanec;Koprivničko-križevačka županija;997
Koprivno;Dugopolje;Splitsko-dalmatinska županija;316
Koprno;Unešić;Šibensko-kninska županija;88
Kopčevec;Dugo Selo;Zagrebačka županija;1060
Korana;Plitvička Jezera;Ličko-senjska županija;44
Koranska Strana;Barilović;Karlovačka županija;7
Koranski Brijeg;Barilović;Karlovačka županija;91
Koranski Lug;Rakovica;Karlovačka županija;0
Koransko Selo;Barilović;Karlovačka županija;16
Kordići Žumberački;Žumberak;Zagrebačka županija;4
Kordunski Ljeskovac;Rakovica;Karlovačka županija;9
Korduševci;Bukovlje;Brodsko-posavska županija;153
Korelići;Cerovlje;Istarska županija;46
Korenica;Plitvička Jezera;Ličko-senjska županija;1563
Korenić Brdo;Bosiljevo;Karlovačka županija;0
Korenići;Kanfanar;Istarska županija;20
Koreničani;Đulovac;Bjelovarsko-bilogorska županija;208
Korenjak;Maruševec;Varaždinska županija;81
Koretinec;Maruševec;Varaždinska županija;351
Korija;Virovitica;Virovitičko-podravska županija;648
Korita;Lipik;Požeško-slavonska županija;5
Korita;Mljet;Dubrovačko-neretvanska županija;52
Korita;Otok;Splitsko-dalmatinska županija;2
Korita;Rakovica;Karlovačka županija;45
Koritinja;Karlovac;Karlovačka županija;82
Koritna;Dubrava;Zagrebačka županija;160
Koritna;Semeljci;Osječko-baranjska županija;767
Korlat;Benkovac;Zadarska županija;279
Korlevići;Višnjan – Visignano;Istarska županija;18
Kornati;Murter-Kornati;Šibensko-kninska županija;14
Kornić;Krk;Primorsko-goranska županija;500
Korog;Tordinci;Vukovarsko-srijemska županija;406
Koromani;Barban;Istarska županija;50
Koromačno;Raša;Istarska županija;139
Korušce;Klis;Splitsko-dalmatinska županija;78
Korčula;Korčula;Dubrovačko-neretvanska županija;2659
Kosa;Slunj;Karlovačka županija;10
Kosa Janjačka;Perušić;Ličko-senjska županija;69
Kosi;Viškovo;Primorsko-goranska županija;994
Kosijer Selo;Slunj;Karlovačka županija;4
Kosijersko Selo;Barilović;Karlovačka županija;30
Kosinožići;Poreč – Parenzo;Istarska županija;132
Kosna;Dvor;Sisačko-moslavačka županija;16
Kosore;Vrlika;Splitsko-dalmatinska županija;134
Kosovac;Gornji Bogićevci;Brodsko-posavska županija;135
Kosovečko;Konjščina;Krapinsko-zagorska županija;87
Kostadinovac;Križevci;Koprivničko-križevačka županija;8
Kostanj;Dubrava;Zagrebačka županija;82
Kostanje;Omiš;Splitsko-dalmatinska županija;572
Kostanjevac;Berek;Bjelovarsko-bilogorska županija;87
Kostanjevac;Žumberak;Zagrebačka županija;100
Kostanjevec Podvrški;Samobor;Zagrebačka županija;69
Kostanjevec Riječki;Gornja Rijeka;Koprivničko-križevačka županija;226
Kostanjica – Castagna;Grožnjan – Grisignana;Istarska županija;61
Kostel;Pregrada;Krapinsko-zagorska županija;119
Kostel Pribićki;Krašić;Zagrebačka županija;48
Kostelsko;Pregrada;Krapinsko-zagorska županija;211
Kostrena;Kostrena;Primorsko-goranska županija;4398
Kostreši Bjelovački;Donji Kukuruzari;Sisačko-moslavačka županija;25
Kostreši Šaški;Sunja;Sisačko-moslavačka županija;43
Kostrići;Majur;Sisačko-moslavačka županija;2
Kostrčani;Kršan;Istarska županija;21
Kotarani;Dvor;Sisačko-moslavačka županija;0
Kotari;Samobor;Zagrebačka županija;72
Kotarice;Sveti Križ Začretje;Krapinsko-zagorska županija;112
Kotezi;Vrgorac;Splitsko-dalmatinska županija;259
Kotlenice;Dugopolje;Splitsko-dalmatinska županija;124
Kotlina;Kneževi Vinogradi;Osječko-baranjska županija;203
Kotoriba;Kotoriba;Međimurska županija;2938
Koturić;Pakrac;Požeško-slavonska županija;7
Kovačevac;Lipik;Požeško-slavonska županija;12
Kovačevac;Nova Gradiška;Brodsko-posavska županija;562
Kovačevac;Rovišće;Bjelovarsko-bilogorska županija;125
Kovači;Kaštelir-Labinci – Castelliere-S. Domenica;Istarska županija;65
Kovačić;Knin;Šibensko-kninska županija;628
Kozalj Vrh;Duga Resa;Karlovačka županija;83
Kozaperovica;Glina;Sisačko-moslavačka županija;25
Kozarac;Gvozd;Sisačko-moslavačka županija;90
Kozarac;Čeminac;Osječko-baranjska županija;615
Kozarevac;Kloštar Podravski;Koprivničko-križevačka županija;486
Kozarevac Račanski;Nova Rača;Bjelovarsko-bilogorska županija;103
Kozarica;Mljet;Dubrovačko-neretvanska županija;30
Kozarice;Novska;Sisačko-moslavačka županija;320
Kozibrod;Dvor;Sisačko-moslavačka županija;51
Kozica;Vrgorac;Splitsko-dalmatinska županija;34
Kozice;Slatina;Virovitičko-podravska županija;403
Kozinščak;Dugo Selo;Zagrebačka županija;1330
Kozjak;Bilje;Osječko-baranjska županija;22
Kozjak Začretski;Sveti Križ Začretje;Krapinsko-zagorska županija;189
Kozjan;Plitvička Jezera;Ličko-senjska županija;0
Kozjača;Velika Gorica;Zagrebačka županija;305
Kozji Vrh;Čabar;Primorsko-goranska županija;59
Kozlikovo;Klinča Sela;Zagrebačka županija;130
Kočići;Višnjan – Visignano;Istarska županija;18
Kočičin;Delnice;Primorsko-goranska županija;0
Koška;Koška;Osječko-baranjska županija;1237
Koškovec;Maruševec;Varaždinska županija;206
Košljun;Pag;Zadarska županija;68
Košnica;Desinić;Krapinsko-zagorska županija;75
Košutarica;Jasenovac;Sisačko-moslavačka županija;207
Košute;Trilj;Splitsko-dalmatinska županija;1667
Košutići;Višnjan – Visignano;Istarska županija;15
Kožino;Zadar;Zadarska županija;800
Kožljak;Kršan;Istarska županija;160
Kožljani;Barban;Istarska županija;49
Kožlovac;Benkovac;Zadarska županija;15
Kraguj;Pakrac;Požeško-slavonska županija;50
Kraj;Mošćenička Draga;Primorsko-goranska županija;74
Kraj;Pašman;Zadarska županija;253
Kraj Donji;Marija Gorica;Zagrebačka županija;438
Kraj Drage;Sveta Nedelja;Istarska županija;54
Kraj Gornji;Marija Gorica;Zagrebačka županija;150
Kraj Gornji Dubravički;Dubravica;Zagrebačka županija;139
Krajačići;Brodski Stupnik;Brodsko-posavska županija;82
Krajcar Breg;Žminj;Istarska županija;48
Krajići – Craici;Oprtalj – Portole;Istarska županija;8
Krajiška Kutinica;Kutina;Sisačko-moslavačka županija;47
Krajna;Čačinci;Virovitičko-podravska županija;4
Krajska Ves;Luka;Zagrebačka županija;131
Kraljev Vrh;Jakovlje;Zagrebačka županija;605
Kraljev Vrh;Preseka;Zagrebačka županija;68
Kraljev Vrh;Čabar;Primorsko-goranska županija;8
Kraljeva Velika;Lipovljani;Sisačko-moslavačka županija;338
Kraljevac;Rovišće;Bjelovarsko-bilogorska županija;405
Kraljevec Radobojski;Radoboj;Krapinsko-zagorska županija;44
Kraljevec na Sutli;Kraljevec na Sutli;Krapinsko-zagorska županija;318
Kraljevec Šemnički;Radoboj;Krapinsko-zagorska županija;99
Kraljevica;Kraljevica;Primorsko-goranska županija;2415
Kraljevo Selo;Bosiljevo;Karlovačka županija;1
Kraljevčani;Petrinja;Sisačko-moslavačka županija;56
Kranjci;Labin;Istarska županija;98
Kranjci;Čabar;Primorsko-goranska županija;3
Kranjčići;Svetvinčenat;Istarska županija;66
Krančići;Kaštelir-Labinci – Castelliere-S. Domenica;Istarska županija;81
Krapan;Raša;Istarska županija;117
Krapanj;Šibenik;Šibensko-kninska županija;166
Krapina;Krapina;Krapinsko-zagorska županija;4201
Krapina Selo;Konjščina;Krapinsko-zagorska županija;118
Krapinica;Budinščina;Krapinsko-zagorska županija;223
Krapinske Toplice;Krapinske Toplice;Krapinsko-zagorska županija;1257
Krapje;Jasenovac;Sisačko-moslavačka županija;100
Kras;Dobrinj;Primorsko-goranska županija;227
Krasica;Bakar;Primorsko-goranska županija;1325
Krasica – Crassiza;Buje – Buie;Istarska županija;158
Krasković;Čačinci;Virovitičko-podravska županija;0
Krasno;Senj;Ličko-senjska županija;385
Kratečko;Sisak;Sisačko-moslavačka županija;139
Kravarsko;Kravarsko;Zagrebačka županija;510
Kravljak;Samobor;Zagrebačka županija;2
Kravljak;Đulovac;Bjelovarsko-bilogorska županija;18
Kračevec;Visoko;Varaždinska županija;117
Krašić;Krašić;Zagrebačka županija;542
Krbava;Udbina;Ličko-senjska županija;35
Krbavica;Plitvička Jezera;Ličko-senjska županija;29
Krbavčići;Buzet;Istarska županija;46
Krbune;Pićan;Istarska županija;43
Krculi;Žminj;Istarska županija;126
Kremena;Slivno;Dubrovačko-neretvanska županija;28
Kremenići;Malinska-Dubašnica;Primorsko-goranska županija;96
Kresini;Žminj;Istarska županija;14
Krečaves;Sveti Ivan Zelina;Zagrebačka županija;210
Kreševo;Šestanovac;Splitsko-dalmatinska županija;216
Kreštelovac;Dežanovac;Bjelovarsko-bilogorska županija;75
Kringa;Tinjan;Istarska županija;324
Krivac;Delnice;Primorsko-goranska županija;18
Krivaj;Lipovljani;Sisačko-moslavačka županija;237
Krivaj;Požega;Požeško-slavonska županija;62
Krivaj Sunjski;Sunja;Sisačko-moslavačka županija;97
Krivaja;Berek;Bjelovarsko-bilogorska županija;37
Krivaja Pustara;Crnac;Virovitičko-podravska županija;0
Krivaja Vojnićka;Vojnić;Karlovačka županija;20
Krivi Put;Senj;Ličko-senjska županija;39
Krivodol;Podbablje;Splitsko-dalmatinska županija;422
Krivodol;Trilj;Splitsko-dalmatinska županija;1
Kričke;Drniš;Šibensko-kninska županija;185
Kričke;Novska;Sisačko-moslavačka županija;10
Kričke;Pakrac;Požeško-slavonska županija;5
Krištanovec;Čakovec;Međimurska županija;575
Križ;Križ;Zagrebačka županija;1604
Križ Gornji;Zrinski Topolovac;Bjelovarsko-bilogorska županija;125
Križ Hrastovački;Petrinja;Sisačko-moslavačka županija;139
Križ Kamenica;Brinje;Ličko-senjska županija;173
Križ Koranski;Barilović;Karlovačka županija;34
Križanci;Žminj;Istarska županija;141
Križanec;Sveti Ilija;Varaždinska županija;285
Križanče;Bedekovčina;Krapinsko-zagorska županija;122
Križanče;Cestica;Varaždinska županija;118
Križci;Kloštar Ivanić;Zagrebačka županija;227
Križevci;Križevci;Koprivničko-križevačka županija;10522
Križevčec;Sveti Ivan Zelina;Zagrebačka županija;98
Križic;Ivanska;Bjelovarsko-bilogorska županija;148
Križine – Crisine;Umag – Umago;Istarska županija;173
Križišće;Kraljevica;Primorsko-goranska županija;79
Križnica;Pitomača;Virovitičko-podravska županija;76
Križovec;Mursko Središće;Međimurska županija;537
Križovljan;Martijanec;Varaždinska županija;234
Križovljan Radovečki;Cestica;Varaždinska županija;235
Križpolje;Brinje;Ličko-senjska županija;392
Krk;Krk;Primorsko-goranska županija;3935
Krkanec;Vidovec;Varaždinska županija;287
Krkač;Vrbovec;Zagrebačka županija;77
Krković;Skradin;Šibensko-kninska županija;151
Krmed;Bale – Valle;Istarska županija;77
Krmpotske Vodice;Novi Vinodolski;Primorsko-goranska županija;0
Krndija;Punitovci;Osječko-baranjska županija;39
Krneza;Ražanac;Zadarska županija;164
Krnežići;Krašić;Zagrebačka županija;27
Krnica;Marčana;Istarska županija;275
Krničari;Žminj;Istarska županija;65
Krnjak;Krnjak;Karlovačka županija;258
Krnjeuve;Kistanje;Šibensko-kninska županija;64
Kropinjak;Lanišće;Istarska županija;0
Krstatice;Zagvozd;Splitsko-dalmatinska županija;67
Krstinja;Vojnić;Karlovačka županija;35
Kruge;Donji Lapac;Ličko-senjska županija;18
Krunoslavje;Viljevo;Osječko-baranjska županija;68
Krunčići;Sveti Lovreč;Istarska županija;88
Krupa;Obrovac;Zadarska županija;83
Krupače;Krašić;Zagrebačka županija;53
Kručica;Dubrovačko primorje;Dubrovačko-neretvanska županija;27
Kruševica;Slavonski Šamac;Brodsko-posavska županija;808
Kruševo;Brestovac;Požeško-slavonska županija;0
Kruševo;Obrovac;Zadarska županija;954
Kruševo;Primošten;Šibensko-kninska županija;56
Kruškovac;Gospić;Ličko-senjska županija;7
Kruškovača;Cetingrad;Karlovačka županija;36
Krušljevec;Preseka;Zagrebačka županija;74
Krušljevec;Sveti Ilija;Varaždinska županija;213
Krušljevo Selo;Oroslavje;Krapinsko-zagorska županija;486
Krušvari;Buzet;Istarska županija;73
Kruščica;Gospić;Ličko-senjska županija;0
Krvavac;Kula Norinska;Dubrovačko-neretvanska županija;417
Krvavac II;Kula Norinska;Dubrovačko-neretvanska županija;260
Krvavica;Baška Voda;Splitsko-dalmatinska županija;312
Krč;Novi Marof;Varaždinska županija;373
Krč Bosiljevski;Bosiljevo;Karlovačka županija;22
Krčenik;Podravska Moslavina;Osječko-baranjska županija;252
Krčevina;Đurđenovac;Osječko-baranjska županija;98
Krš;Perušić;Ličko-senjska županija;23
Kršan;Kršan;Istarska županija;227
Kršanci;Žminj;Istarska županija;64
Kršete – Carsette;Buje – Buie;Istarska županija;94
Kršikla;Pazin;Istarska županija;34
Kršinci;Podgorač;Osječko-baranjska županija;88
Kršuli;Sveti Lovreč;Istarska županija;15
Krščenovec;Breznički Hum;Varaždinska županija;101
Kuberton – Cuberton;Grožnjan – Grisignana;Istarska županija;22
Kujići;Marčana;Istarska županija;69
Kujnik;Brestovac;Požeško-slavonska županija;24
Kujnik;Oriovac;Brodsko-posavska županija;248
Kuk;Cetingrad;Karlovačka županija;1
Kukci;Poreč – Parenzo;Istarska županija;526
Kukljica;Kukljica;Zadarska županija;628
Kukljić;Gospić;Ličko-senjska županija;10
Kukuljani;Jelenje;Primorsko-goranska županija;90
Kukuljanovo;Bakar;Primorsko-goranska županija;870
Kukunjevac;Lipik;Požeško-slavonska županija;190
Kukurini;Pićan;Istarska županija;167
Kula;Kutjevo;Požeško-slavonska županija;249
Kula Atlagić;Benkovac;Zadarska županija;131
Kula Norinska;Kula Norinska;Dubrovačko-neretvanska županija;205
Kuljaji;Ozalj;Karlovačka županija;6
Kuljani;Dvor;Sisačko-moslavačka županija;79
Kumrovec;Kumrovec;Krapinsko-zagorska županija;245
Kuna Konavoska;Konavle;Dubrovačko-neretvanska županija;13
Kuna Pelješka;Orebić;Dubrovačko-neretvanska županija;211
Kunić;Plaški;Karlovačka županija;36
Kunići Ribnički;Netretić;Karlovačka županija;18
Kunišinci;Marijanci;Osječko-baranjska županija;249
Kunj;Raša;Istarska županija;81
Kunovac Kupirovački;Gračac;Zadarska županija;29
Kunovci;Požega;Požeško-slavonska županija;82
Kunovec;Koprivnički Ivanec;Koprivničko-križevačka županija;401
Kunovec Breg;Koprivnica;Koprivničko-križevačka županija;578
Kunčani;Ozalj;Karlovačka županija;0
Kunđevac;Dubrava;Zagrebačka županija;77
Kunđevec;Križevci;Koprivničko-križevačka županija;12
Kupa;Delnice;Primorsko-goranska županija;5
Kupari;Župa dubrovačka;Dubrovačko-neretvanska županija;950
Kupeč Dol;Jastrebarsko;Zagrebačka županija;85
Kupina;Velika Kopanica;Brodsko-posavska županija;206
Kupinec;Klinča Sela;Zagrebačka županija;796
Kupinečki Kraljevec;;Grad Zagreb;2015
Kupinovac;Bjelovar;Bjelovarsko-bilogorska županija;117
Kupirovo;Gračac;Zadarska županija;28
Kupjak;Ravna Gora;Primorsko-goranska županija;176
Kupljenovo;Zaprešić;Zagrebačka županija;692
Kupljensko;Vojnić;Karlovačka županija;205
Kupčina Žumberačka;Žumberak;Zagrebačka županija;22
Kurili;Kanfanar;Istarska županija;43
Kurjak;Udbina;Ličko-senjska županija;15
Kurjavići;Višnjan – Visignano;Istarska županija;21
Kurpezova Gorica;Krašić;Zagrebačka županija;7
Kuršanec;Čakovec;Međimurska županija;1727
Kusaja;Vojnić;Karlovačka županija;28
Kusanovec;Brckovljani;Zagrebačka županija;44
Kusijevec;Sveti Petar Orehovec;Koprivničko-križevačka županija;80
Kusonje;Pakrac;Požeško-slavonska županija;257
Kustići;Novalja;Ličko-senjska županija;138
Kutanja;Slunj;Karlovačka županija;0
Kuterevo;Otočac;Ličko-senjska županija;385
Kutina;Kutina;Sisačko-moslavačka županija;12012
Kutinica;Kutina;Sisačko-moslavačka županija;44
Kutinska Slatina;Kutina;Sisačko-moslavačka županija;508
Kutjevo;Kutjevo;Požeško-slavonska županija;1941
Kutnjak;Legrad;Koprivničko-križevačka županija;220
Kutovi;Zdenci;Virovitičko-podravska županija;114
Kuzma;Voćin;Virovitičko-podravska županija;0
Kuzma Perjasička;Slunj;Karlovačka županija;4
Kuzmica;Pleternica;Požeško-slavonska županija;369
Kuzminec;Mihovljan;Krapinsko-zagorska županija;338
Kuzminec;Rasinja;Koprivničko-križevačka županija;219
Kuzminec Miljanski;Zagorska Sela;Krapinsko-zagorska županija;17
Kućan Ludbreški;Ludbreg;Varaždinska županija;160
Kućan Marof;Varaždin;Varaždinska županija;1280
Kućanci;Magadenovac;Osječko-baranjska županija;401
Kućanci Đakovački;Drenje;Osječko-baranjska županija;104
Kućari;Vrbovec;Zagrebačka županija;43
Kućeli;Matulji;Primorsko-goranska županija;453
Kućibreg – Cucibrec;Buje – Buie;Istarska županija;13
Kućišta Cesarička;Karlobag;Ličko-senjska županija;10
Kučari;Križevci;Koprivničko-križevačka županija;19
Kuče;Velika Gorica;Zagrebačka županija;1370
Kučer;Krašić;Zagrebačka županija;28
Kučevice;Netretić;Karlovačka županija;91
Kučilovina;;Grad Zagreb;212
Kučine;Solin;Splitsko-dalmatinska županija;1082
Kučiće;Omiš;Splitsko-dalmatinska županija;634
Kučište;Orebić;Dubrovačko-neretvanska županija;173
Kuševac;Đakovo;Osječko-baranjska županija;897
Kuštani;Sveti Ivan Žabno;Koprivničko-križevačka županija;78
Kuželj;Delnice;Primorsko-goranska županija;28
Kvarte;Perušić;Ličko-senjska županija;90
Labin;Labin;Istarska županija;5806
Labin;Prgomet;Splitsko-dalmatinska županija;98
Labinci;Kaštelir-Labinci – Castelliere-S. Domenica;Istarska županija;315
Lacići;Magadenovac;Osječko-baranjska županija;320
Ladešići;Netretić;Karlovačka županija;22
Ladimirevci;Valpovo;Osječko-baranjska županija;1290
Ladina;Dubrava;Zagrebačka županija;76
Ladinec;Sveti Ivan Žabno;Koprivničko-križevačka županija;129
Ladislav;Hercegovac;Bjelovarsko-bilogorska županija;289
Ladislav Sokolovački;Sokolovac;Koprivničko-križevačka županija;100
Ladislavec;Zlatar;Krapinsko-zagorska županija;160
Ladići;Kanfanar;Istarska županija;35
Ladrovići;Poreč – Parenzo;Istarska županija;117
Ladvenjak;Karlovac;Karlovačka županija;402
Laginji;Žminj;Istarska županija;134
Lakmartin;Krk;Primorsko-goranska županija;32
Lakovići;Sveti Lovreč;Istarska županija;31
Laktac;Hrvace;Splitsko-dalmatinska županija;5
Laktec;Sveti Ivan Zelina;Zagrebačka županija;144
Lakušija;Pleternica;Požeško-slavonska županija;63
Lalići;Kapela;Bjelovarsko-bilogorska županija;19
Laminac;Štefanje;Bjelovarsko-bilogorska županija;291
Lanišće;Jastrebarsko;Zagrebačka županija;0
Lanišće;Kršan;Istarska županija;77
Lanišće;Lanišće;Istarska županija;68
Lančić;Ivanec;Varaždinska županija;291
Lapat;Plaški;Karlovačka županija;165
Lapovac;Slunj;Karlovačka županija;6
Lapovci;Trnava;Osječko-baranjska županija;202
Lapšina;Sveti Martin na Muri;Međimurska županija;130
Lasinja;Lasinja;Karlovačka županija;542
Laslavići;Bosiljevo;Karlovačka županija;2
Laslovo;Ernestinovo;Osječko-baranjska županija;898
Lasovac;Šandrovac;Bjelovarsko-bilogorska županija;441
Lasovac Brdo;Šandrovac;Bjelovarsko-bilogorska županija;6
Lastine;Hum na Sutli;Krapinsko-zagorska županija;164
Lastovo;Lastovo;Dubrovačko-neretvanska županija;309
Latin;Plaški;Karlovačka županija;154
Latinovac;Čaglin;Požeško-slavonska županija;50
Lautari;Čabar;Primorsko-goranska županija;18
Laz Bistrički;Marija Bistrica;Krapinsko-zagorska županija;742
Laz Stubički;Marija Bistrica;Krapinsko-zagorska županija;220
Lazac Lokvarski;Lokve;Primorsko-goranska županija;18
Lazarići;Kršan;Istarska županija;106
Laze;Staro Petrovo Selo;Brodsko-posavska županija;259
Laze Prnjavor;Požega;Požeško-slavonska županija;7
Lazi;Čabar;Primorsko-goranska županija;46
Lazi Krapinski;Krapina;Krapinsko-zagorska županija;61
Lazi Turopoljski;Velika Gorica;Zagrebačka županija;30
Lazina Čička;Velika Gorica;Zagrebačka županija;582
Lađanska;Našice;Osječko-baranjska županija;227
Lađevac;Okučani;Brodsko-posavska županija;185
Lađevačko Selište;Slunj;Karlovačka županija;6
Lađevci;Skradin;Šibensko-kninska županija;99
Lašići;Vižinada – Visinada;Istarska županija;44
Ledenice;Novi Vinodolski;Primorsko-goranska županija;164
Ledenik;Koška;Osječko-baranjska županija;131
Ledenik Cesarički;Karlobag;Ličko-senjska županija;16
Ledina;Preseka;Zagrebačka županija;165
Ledine Klanječke;Klanjec;Krapinsko-zagorska županija;137
Ledinec;Beretinec;Varaždinska županija;175
Ledinec Gornji;Beretinec;Varaždinska županija;179
Legovići;Višnjan – Visignano;Istarska županija;12
Legrad;Legrad;Koprivničko-križevačka županija;862
Lekenik;Lekenik;Sisačko-moslavačka županija;1697
Lekneno;Velika Gorica;Zagrebačka županija;350
Lemeš;Križevci;Koprivničko-križevačka županija;86
Lemeš Križevački;Križevci;Koprivničko-križevačka županija;154
Lenišće;Tuhelj;Krapinsko-zagorska županija;108
Lepa Ves;Donja Stubica;Krapinsko-zagorska županija;351
Lepajci;Krapina;Krapinsko-zagorska županija;354
Lepavina;Sokolovac;Koprivničko-križevačka županija;133
Lepenica;Šibenik;Šibensko-kninska županija;62
Lepoglava;Lepoglava;Varaždinska županija;3400
Lepoglavec;Klanjec;Krapinsko-zagorska županija;141
Leprovica;Dugo Selo;Zagrebačka županija;252
Lepuri;Benkovac;Zadarska županija;142
Lepšić;Ivanić-Grad;Zagrebačka županija;39
Lesci;Vrbovsko;Primorsko-goranska županija;0
Lesišćina;Lupoglav;Istarska županija;75
Leska;Delnice;Primorsko-goranska županija;3
Leskova Draga;Ravna Gora;Primorsko-goranska županija;8
Leskovac Barilovićki;Barilović;Karlovačka županija;107
Leskovec;Štrigova;Međimurska županija;83
Leskovec Toplički;Varaždinske Toplice;Varaždinska županija;432
Letaj;Kršan;Istarska županija;46
Letajac;Raša;Istarska županija;27
Letinac;Brinje;Ličko-senjska županija;95
Letičani;Bjelovar;Bjelovarsko-bilogorska županija;325
Letovanci;Sisak;Sisačko-moslavačka županija;42
Letovanić;Lekenik;Sisačko-moslavačka županija;399
Letovčan Novodvorski;Klanjec;Krapinsko-zagorska županija;46
Letovčan Tomaševečki;Klanjec;Krapinsko-zagorska županija;56
Levanjska Varoš;Levanjska Varoš;Osječko-baranjska županija;216
Levinovac;Suhopolje;Virovitičko-podravska županija;158
Levkušje;Ozalj;Karlovačka županija;171
Lećevica;Lećevica;Splitsko-dalmatinska županija;177
Leštakovec;Jalžabet;Varaždinska županija;250
Liganj;Lovran;Primorsko-goranska županija;287
Lijeva Luka;Martinska Ves;Sisačko-moslavačka županija;197
Lijevi Degoj;Pokupsko;Zagrebačka županija;51
Lijevi Dubrovčak;Ivanić-Grad;Zagrebačka županija;324
Lijevi Štefanki;Pokupsko;Zagrebačka županija;196
Lijevo Sredičko;Pisarovina;Zagrebačka županija;180
Lijevo Trebarjevo;Martinska Ves;Sisačko-moslavačka županija;54
Lijevo Željezno;Martinska Ves;Sisačko-moslavačka županija;8
Liješće;Ozalj;Karlovačka županija;28
Lila;Našice;Osječko-baranjska županija;167
Linardići;Krk;Primorsko-goranska županija;151
Lindar;Pazin;Istarska županija;410
Lipa;Generalski Stol;Karlovačka županija;24
Lipa;Matulji;Primorsko-goranska županija;109
Lipice;Brinje;Ličko-senjska županija;94
Lipik;Lipik;Požeško-slavonska županija;1967
Lipine;Đurđenovac;Osječko-baranjska županija;46
Lipje;Karlovac;Karlovačka županija;39
Liplje;Vrbovsko;Primorsko-goranska županija;58
Lipnica;;Grad Zagreb;221
Lipnica;Rakovec;Zagrebačka županija;50
Lipnica Zagorska;Tuhelj;Krapinsko-zagorska županija;71
Lipnik;Ribnik;Karlovačka županija;47
Lipov Pesak;Generalski Stol;Karlovačka županija;38
Lipovac;Gradina;Virovitičko-podravska županija;187
Lipovac;Nijemci;Vukovarsko-srijemska županija;556
Lipovac;Pakrac;Požeško-slavonska županija;0
Lipovac;Rakovica;Karlovačka županija;15
Lipovac Hrastinski;Vuka;Osječko-baranjska županija;81
Lipovac Krstinjski;Vojnić;Karlovačka županija;0
Lipovac Majur;Daruvar;Bjelovarsko-bilogorska županija;67
Lipovača;Rakovica;Karlovačka županija;130
Lipovača;Vukovar;Vukovarsko-srijemska županija;323
Lipovec;Zlatar Bistrica;Krapinsko-zagorska županija;160
Lipovec Lonjski;Kloštar Ivanić;Zagrebačka županija;274
Lipovljani;Lipovljani;Sisačko-moslavačka županija;1902
Lipovlje;Otočac;Ličko-senjska županija;158
Lipovnik;Klenovnik;Varaždinska županija;341
Lipovo Brdo;Kapela;Bjelovarsko-bilogorska županija;82
Lipovo Polje;Perušić;Ličko-senjska županija;60
Lipovčani;Rovišće;Bjelovarsko-bilogorska županija;49
Lipošćaki;Bosiljevo;Karlovačka županija;8
Lisac;Dubrovačko primorje;Dubrovačko-neretvanska županija;23
Lisac;Klana;Primorsko-goranska županija;101
Lisine;Vojnić;Karlovačka županija;7
Lisičina Gorica;Bosiljevo;Karlovačka županija;3
Lisičine;Voćin;Virovitičko-podravska županija;0
Lisičić;Benkovac;Zadarska županija;232
Liska;Dugopolje;Splitsko-dalmatinska županija;54
Livade – Levade;Oprtalj – Portole;Istarska županija;169
Livana;Čepin;Osječko-baranjska županija;506
Livađani;Lipik;Požeško-slavonska županija;5
Lič;Fužine;Primorsko-goranska županija;446
Lička Jesenica;Saborsko;Karlovačka županija;73
Lički Novi;Gospić;Ličko-senjska županija;264
Lički Osik;Gospić;Ličko-senjska županija;1438
Lički Ribnik;Gospić;Ličko-senjska županija;72
Lički Čitluk;Gospić;Ličko-senjska županija;5
Ličko Cerje;Lovinac;Ličko-senjska županija;62
Ličko Lešće;Otočac;Ličko-senjska županija;571
Ličko Novo Selo;Đurđenovac;Osječko-baranjska županija;78
Ličko Petrovo Selo;Plitvička Jezera;Ličko-senjska županija;54
Lišane Ostrovičke;Lišane Ostrovičke;Zadarska županija;509
Lišane Tinjske;Benkovac;Zadarska županija;70
Lišnica;Duga Resa;Karlovačka županija;177
Lišnjak;Drniš;Šibensko-kninska županija;4
Ližnjan;Ližnjan – Lisignano;Istarska županija;1445
Ljeskovac;Dvor;Sisačko-moslavačka županija;21
Lještani;Okučani;Brodsko-posavska županija;10
Ljubač;Dubrovnik;Dubrovačko-neretvanska županija;73
Ljubač;Knin;Šibensko-kninska županija;51
Ljubač;Ražanac;Zadarska županija;402
Ljubelj;Ljubešćica;Varaždinska županija;60
Ljubelj Kalnički;Ljubešćica;Varaždinska županija;114
Ljubešćica;Ljubešćica;Varaždinska županija;1211
Ljubina;Dvor;Sisačko-moslavačka županija;62
Ljubitovica;Seget;Splitsko-dalmatinska županija;382
Ljubljanica;Martinska Ves;Sisačko-moslavačka županija;18
Ljubljeva;Marina;Splitsko-dalmatinska županija;33
Ljubostinje;Unešić;Šibensko-kninska županija;40
Ljubotić;Promina;Šibensko-kninska županija;18
Ljubošina;Vrbovsko;Primorsko-goranska županija;126
Ljudevit Selo;Daruvar;Bjelovarsko-bilogorska županija;217
Ljupina;Nova Gradiška;Brodsko-posavska županija;758
Ljut;Trilj;Splitsko-dalmatinska županija;6
Ljuta;Konavle;Dubrovačko-neretvanska županija;183
Ljutići;Malinska-Dubašnica;Primorsko-goranska županija;8
Lobor;Lobor;Krapinsko-zagorska županija;477
Loborika;Marčana;Istarska županija;978
Lokošin Dol;Jastrebarsko;Zagrebačka županija;95
Lokva Rogoznica;Omiš;Splitsko-dalmatinska županija;334
Lokve;Lokve;Primorsko-goranska županija;464
Lokvica;Brod Moravice;Primorsko-goranska županija;21
Lokvičići;Lokvičići;Splitsko-dalmatinska županija;358
Londžica;Našice;Osječko-baranjska županija;138
Lonja;Sisak;Sisačko-moslavačka županija;83
Lonjgari;Netretić;Karlovačka županija;1
Lonjica;Vrbovec;Zagrebačka županija;821
Lončar Brdo;Netretić;Karlovačka županija;2
Lončarica;Grubišno Polje;Bjelovarsko-bilogorska županija;62
Lopar;Lopar;Primorsko-goranska županija;1107
Lopatinec;Sveti Juraj na Bregu;Međimurska županija;906
Lopača;Jelenje;Primorsko-goranska županija;78
Lopud;Dubrovnik;Dubrovačko-neretvanska županija;278
Loskunja;Vojnić;Karlovačka županija;39
Lotine;Dvor;Sisačko-moslavačka županija;13
Lovas;Lovas;Vukovarsko-srijemska županija;728
Lovinac;Lovinac;Ličko-senjska županija;242
Lovinac;Poličnik;Zadarska županija;290
Lović Prekriški;Ozalj;Karlovačka županija;47
Lovište;Orebić;Dubrovačko-neretvanska županija;187
Lovorje;Slivno;Dubrovačko-neretvanska županija;58
Lovorno;Konavle;Dubrovačko-neretvanska županija;188
Lovran;Lovran;Primorsko-goranska županija;2859
Lovranska Draga;Lovran;Primorsko-goranska županija;50
Lovrentovec;Varaždinske Toplice;Varaždinska županija;87
Lovreć;Lovreć;Splitsko-dalmatinska županija;488
Lovreća Sela;Krapinske Toplice;Krapinsko-zagorska županija;194
Lovrečan;Ivanec;Varaždinska županija;439
Lovrečan;Zlatar Bistrica;Krapinsko-zagorska županija;362
Lovrečica – San Lorenzo;Umag – Umago;Istarska županija;123
Lovrečka Varoš;Vrbovec;Zagrebačka županija;143
Lovrečka Velika;Vrbovec;Zagrebačka županija;186
Lovrin;Pazin;Istarska županija;328
Lovska;Novska;Sisačko-moslavačka županija;10
Lovča;Donji Kukuruzari;Sisačko-moslavačka županija;10
Lovčić;Brodski Stupnik;Brodsko-posavska županija;31
Lozan;Špišić Bukovica;Virovitičko-podravska županija;340
Lozari – Lozari;Buje – Buie;Istarska županija;27
Lozica;Dubrovnik;Dubrovačko-neretvanska županija;142
Loznati;Cres;Primorsko-goranska županija;36
Lozovac;Šibenik;Šibensko-kninska županija;318
Ložišća;Milna;Splitsko-dalmatinska županija;92
Ložnice;Primošten;Šibensko-kninska županija;41
Ložnice;Rogoznica;Šibensko-kninska županija;19
Lubarska;Jelenje;Primorsko-goranska županija;93
Lubena;Gradec;Zagrebačka županija;116
Lubenice;Cres;Primorsko-goranska županija;6
Ludbreg;Ludbreg;Varaždinska županija;3463
Ludbreški Ivanac;Rasinja;Koprivničko-križevačka županija;53
Ludinica;Velika Ludina;Sisačko-moslavačka županija;10
Ludvinci;Trpinja;Vukovarsko-srijemska županija;79
Lug;Bilje;Osječko-baranjska županija;602
Lug Gradinski;Gradina;Virovitičko-podravska županija;54
Lug Orehovički;Bedekovčina;Krapinsko-zagorska županija;214
Lug Poznanovečki;Bedekovčina;Krapinsko-zagorska županija;594
Lug Samoborski;Samobor;Zagrebačka županija;937
Lug Subotički;Koška;Osječko-baranjska županija;234
Lug Zabočki;Zabok;Krapinsko-zagorska županija;580
Lugarski Breg;Dubravica;Zagrebačka županija;66
Luka;Luka;Zagrebačka županija;420
Luka;Sali;Zadarska županija;124
Luka;Ston;Dubrovačko-neretvanska županija;151
Luka;Vrbovec;Zagrebačka županija;737
Luka Krmpotska;Novi Vinodolski;Primorsko-goranska županija;0
Luka Ludbreška;Sveti Đurđ;Varaždinska županija;207
Luka Pokupska;Karlovac;Karlovačka županija;328
Lukar;Promina;Šibensko-kninska županija;59
Lukarišće;Dugo Selo;Zagrebačka županija;1007
Lukavac;Slatina;Virovitičko-podravska županija;80
Lukavec;Ivanec;Varaždinska županija;134
Lukavec;Velika Gorica;Zagrebačka županija;1260
Lukavec Klanječki;Kraljevec na Sutli;Krapinsko-zagorska županija;65
Lukavec Posavski;Sisak;Sisačko-moslavačka županija;103
Lukavec Sutlanski;Dubravica;Zagrebačka županija;101
Lukač;Kutjevo;Požeško-slavonska županija;115
Lukač;Lukač;Virovitičko-podravska županija;357
Lukačevec;Gornja Rijeka;Koprivničko-križevačka županija;13
Lukačevec Toplički;Varaždinske Toplice;Varaždinska županija;37
Luke;Cetingrad;Karlovačka županija;4
Luke Poljanske;Zagorska Sela;Krapinsko-zagorska županija;54
Lukeži;Jelenje;Primorsko-goranska županija;148
Lukinić Brdo;Pokupsko;Zagrebačka županija;287
Lukoran;Preko;Zadarska županija;478
Lukovdol;Vrbovsko;Primorsko-goranska županija;104
Lukovec;Rasinja;Koprivničko-križevačka županija;32
Lukovo;Senj;Ličko-senjska županija;26
Lukovo;Vrbovec;Zagrebačka županija;149
Lukovo Šugarje;Karlobag;Ličko-senjska županija;100
Lukovčak;Đurmanec;Krapinsko-zagorska županija;206
Lukunić Draga;Ozalj;Karlovačka županija;20
Lukšići Ozaljski;Ozalj;Karlovačka županija;46
Lumbarda;Lumbarda;Dubrovačko-neretvanska županija;1209
Lumbardenik;Slunj;Karlovačka županija;132
Lun;Novalja;Ličko-senjska županija;148
Lunjkovec;Mali Bukovec;Varaždinska županija;173
Lupinjak;Hum na Sutli;Krapinsko-zagorska županija;343
Lupoglav;Brckovljani;Zagrebačka županija;948
Lupoglav;Lupoglav;Istarska županija;298
Luč;Petlovac;Osječko-baranjska županija;322
Lučane;Sinj;Splitsko-dalmatinska županija;601
Lučelnica;Pisarovina;Zagrebačka županija;283
Lučelnica Tomaševečka;Klanjec;Krapinsko-zagorska županija;182
Lučica;Barilović;Karlovačka županija;32
Lučice;Delnice;Primorsko-goranska županija;298
Lučina;Slivno;Dubrovačko-neretvanska županija;10
Lučinci;Velika;Požeško-slavonska županija;42
Lučko;;Grad Zagreb;2987
Luščani;Petrinja;Sisačko-moslavačka županija;87
Lužan;;Grad Zagreb;708
Lužan Biškupečki;Gornji Kneginec;Varaždinska županija;356
Lužani;Oriovac;Brodsko-posavska županija;850
Lužani Zagorski;Jesenje;Krapinsko-zagorska županija;91
Lužnica;Zaprešić;Zagrebačka županija;27
Macinec;Nedelišće;Međimurska županija;484
Macute;Voćin;Virovitičko-podravska županija;19
Madaraševec;Martijanec;Varaždinska županija;173
Madžarevo;Novi Marof;Varaždinska županija;880
Madžari;Sisak;Sisačko-moslavačka županija;199
Magadenovac;Magadenovac;Osječko-baranjska županija;96
Magadinovac;Orahovica;Virovitičko-podravska županija;9
Magić Mala;Nova Kapela;Brodsko-posavska županija;327
Maglenča;Veliko Trojstvo;Bjelovarsko-bilogorska županija;280
Mahićno;Karlovac;Karlovačka županija;456
Mahovo;Martinska Ves;Sisačko-moslavačka županija;233
Maja;Glina;Sisačko-moslavačka županija;142
Majar;Levanjska Varoš;Osječko-baranjska županija;98
Majdan;Dvor;Sisačko-moslavačka županija;5
Majer;Vrbovsko;Primorsko-goranska županija;9
Majerje;Petrijanec;Varaždinska županija;687
Majkovec;Sveti Ivan Zelina;Zagrebačka županija;190
Majkovi;Dubrovačko primorje;Dubrovačko-neretvanska županija;122
Majkusi;Višnjan – Visignano;Istarska županija;18
Majske Poljane;Glina;Sisačko-moslavačka županija;143
Majski Trtnik;Glina;Sisačko-moslavačka županija;18
Majur;Farkaševac;Zagrebačka županija;97
Majur;Majur;Sisačko-moslavačka županija;272
Majurec;Križevci;Koprivničko-križevačka županija;385
Majške Međe;Jagodnjak;Osječko-baranjska županija;59
Makarska;Makarska;Splitsko-dalmatinska županija;12809
Maklen;Brod Moravice;Primorsko-goranska županija;1
Makloševac;Našice;Osječko-baranjska županija;114
Makov Hrib;Čabar;Primorsko-goranska županija;89
Makovci – Macovzi;Grožnjan – Grisignana;Istarska županija;92
Makoše;Župa dubrovačka;Dubrovačko-neretvanska županija;166
Mala Babina Gora;Đulovac;Bjelovarsko-bilogorska županija;21
Mala Barna;Grubišno Polje;Bjelovarsko-bilogorska županija;28
Mala Branjska;Sokolovac;Koprivničko-križevačka županija;51
Mala Bršljanica;Garešnica;Bjelovarsko-bilogorska županija;31
Mala Buna;Velika Gorica;Zagrebačka županija;248
Mala Ciglena;Bjelovar;Bjelovarsko-bilogorska županija;10
Mala Crkvina;Krnjak;Karlovačka županija;22
Mala Dapčevica;Grubišno Polje;Bjelovarsko-bilogorska županija;5
Mala Dobra;Skrad;Primorsko-goranska županija;0
Mala Erpenja;Krapinske Toplice;Krapinsko-zagorska županija;526
Mala Gora;Pregrada;Krapinsko-zagorska županija;137
Mala Gorica;Petrinja;Sisačko-moslavačka županija;296
Mala Gorica;Sveta Nedelja;Zagrebačka županija;612
Mala Gradusa;Sunja;Sisačko-moslavačka županija;5
Mala Hrastilnica;Križ;Zagrebačka županija;89
Mala Jasenovača;Grubišno Polje;Bjelovarsko-bilogorska županija;2
Mala Jazbina;Samobor;Zagrebačka županija;489
Mala Klisa;Đulovac;Bjelovarsko-bilogorska županija;0
Mala Kopanica;Velika Kopanica;Brodsko-posavska županija;130
Mala Kosa;Barilović;Karlovačka županija;1
Mala Kosnica;Velika Gorica;Zagrebačka županija;44
Mala Lešnica;Delnice;Primorsko-goranska županija;7
Mala Ludina;Velika Ludina;Sisačko-moslavačka županija;128
Mala Milešina;Muć;Splitsko-dalmatinska županija;12
Mala Mlaka;;Grad Zagreb;591
Mala Mlinska;Velika Trnovitica;Bjelovarsko-bilogorska županija;66
Mala Mučna;Sokolovac;Koprivničko-križevačka županija;62
Mala Ostrna;Dugo Selo;Zagrebačka županija;238
Mala Paka;Žakanje;Karlovačka županija;29
Mala Paukova;Sunja;Sisačko-moslavačka županija;21
Mala Pačetina;Petrovsko;Krapinsko-zagorska županija;79
Mala Peratovica;Grubišno Polje;Bjelovarsko-bilogorska županija;48
Mala Pisanica;Veliki Grđevac;Bjelovarsko-bilogorska županija;142
Mala Plana;Gospić;Ličko-senjska županija;34
Mala Rakovica;Samobor;Zagrebačka županija;604
Mala Rasinjica;Rasinja;Koprivničko-križevačka županija;19
Mala Rijeka;Rasinja;Koprivničko-križevačka županija;25
Mala Solina;Glina;Sisačko-moslavačka županija;9
Mala Subotica;Mala Subotica;Međimurska županija;1766
Mala Trapinska;Suhopolje;Virovitičko-podravska županija;51
Mala Trnovitica;Velika Trnovitica;Bjelovarsko-bilogorska županija;48
Mala Učka;Mošćenička Draga;Primorsko-goranska županija;2
Mala Učka;Opatija;Primorsko-goranska županija;1
Mala Vranovina;Topusko;Sisačko-moslavačka županija;0
Mala Črešnjevica;Pitomača;Virovitičko-podravska županija;155
Male Drage;Brod Moravice;Primorsko-goranska županija;5
Male Mune;Matulji;Primorsko-goranska županija;101
Male Sesvete;Križevci;Koprivničko-križevačka županija;35
Male Srakane;Mali Lošinj;Primorsko-goranska županija;2
Maletići;Netretić;Karlovačka županija;129
Malešević Selo;Vojnić;Karlovačka županija;29
Mali Banovac;Pakrac;Požeško-slavonska županija;17
Mali Bastaji;Đulovac;Bjelovarsko-bilogorska županija;111
Mali Bilač;Pleternica;Požeško-slavonska županija;15
Mali Botinovac;Sokolovac;Koprivničko-križevačka županija;9
Mali Brezovec;Gradec;Zagrebačka županija;54
Mali Brgud;Matulji;Primorsko-goranska županija;130
Mali Budići;Pakrac;Požeško-slavonska županija;6
Mali Bukovec;Mali Bukovec;Varaždinska županija;616
Mali Bukovec;Mače;Krapinsko-zagorska županija;221
Mali Carevdar;Križevci;Koprivničko-križevačka županija;15
Mali Dol;Kraljevica;Primorsko-goranska županija;161
Mali Erjavec;Ozalj;Karlovačka županija;129
Mali Golji;Sveta Nedelja;Istarska županija;102
Mali Gorenec;Bednja;Varaždinska županija;90
Mali Grabičani;Sokolovac;Koprivničko-križevačka županija;125
Mali Gradac;Glina;Sisačko-moslavačka županija;73
Mali Grđevac;Veliki Grđevac;Bjelovarsko-bilogorska županija;0
Mali Iž;Zadar;Zadarska županija;193
Mali Jadrč;Vrbovsko;Primorsko-goranska županija;28
Mali Komor;Mače;Krapinsko-zagorska županija;79
Mali Kozinac;Barilović;Karlovačka županija;23
Mali Lipovec;Samobor;Zagrebačka županija;111
Mali Lovrečan;Cestica;Varaždinska županija;39
Mali Lošinj;Mali Lošinj;Primorsko-goranska županija;5561
Mali Lug;Čabar;Primorsko-goranska županija;62
Mali Mihaljevec;Sveti Juraj na Bregu;Međimurska županija;433
Mali Miletinac;Đulovac;Bjelovarsko-bilogorska županija;14
Mali Mlun;Buzet;Istarska županija;67
Mali Modruš Potok;Netretić;Karlovačka županija;34
Mali Obljaj;Glina;Sisačko-moslavačka županija;12
Mali Otok;Legrad;Koprivničko-križevačka županija;115
Mali Pašijan;Garešnica;Bjelovarsko-bilogorska županija;179
Mali Podol;Cres;Primorsko-goranska županija;3
Mali Poganac;Sokolovac;Koprivničko-križevačka županija;131
Mali Potočec;Križevci;Koprivničko-križevačka županija;159
Mali Prolog;Pojezerje;Dubrovačko-neretvanska županija;10
Mali Rastovac;Crnac;Virovitičko-podravska županija;35
Mali Raven;Križevci;Koprivničko-križevačka županija;23
Mali Ston;Ston;Dubrovačko-neretvanska županija;125
Mali Tabor;Hum na Sutli;Krapinsko-zagorska županija;311
Mali Turini;Sveta Nedelja;Istarska županija;37
Mali Vareški;Marčana;Istarska županija;81
Mali Vrh Kamanjski;Kamanje;Karlovačka županija;67
Mali Vuković;Slunj;Karlovačka županija;74
Mali Zdenci;Grubišno Polje;Bjelovarsko-bilogorska županija;352
Malik;Bosiljevo;Karlovačka županija;18
Malinci;Ozalj;Karlovačka županija;0
Malino;Oriovac;Brodsko-posavska županija;410
Malinovac;Magadenovac;Osječko-baranjska županija;91
Malinska;Malinska-Dubašnica;Primorsko-goranska županija;816
Malička;Topusko;Sisačko-moslavačka županija;18
Mališi;Višnjan – Visignano;Istarska županija;11
Maljevac;Cetingrad;Karlovačka županija;83
Maljevačko Selište;Cetingrad;Karlovačka županija;22
Maljkovo;Hrvace;Splitsko-dalmatinska županija;61
Malo Grablje;Hvar;Splitsko-dalmatinska županija;3
Malo Gradišće;Cestica;Varaždinska županija;112
Malo Korenovo;Bjelovar;Bjelovarsko-bilogorska županija;190
Malo Krčevo;Majur;Sisačko-moslavačka županija;7
Malo Polje;Perušić;Ličko-senjska županija;53
Malo Selce;Skrad;Primorsko-goranska županija;11
Malo Selo;Delnice;Primorsko-goranska županija;40
Malo Trojstvo;Veliko Trojstvo;Bjelovarsko-bilogorska županija;138
Malo Vukovje;Garešnica;Bjelovarsko-bilogorska županija;94
Malunje;Jastrebarsko;Zagrebačka županija;161
Mandalenčići;Gračišće;Istarska županija;285
Mandaljena;Župa dubrovačka;Dubrovačko-neretvanska županija;361
Mandić Selo;Vojnić;Karlovačka županija;35
Mandićevac;Drenje;Osječko-baranjska županija;236
Mandli;Čabar;Primorsko-goranska županija;33
Mandre;Kolan;Zadarska županija;467
Manja Vas;Samobor;Zagrebačka županija;76
Manjadvorci;Barban;Istarska županija;165
Manjerovići;Karlovac;Karlovačka županija;8
Maovice;Vrlika;Splitsko-dalmatinska županija;250
Maranovići;Mljet;Dubrovačko-neretvanska županija;29
Marasi;Vrsar – Orsera;Istarska županija;75
Marceljani;Labin;Istarska županija;191
Mareda – Mareda;Novigrad – Cittanova;Istarska županija;138
Marenić;Vrbovec;Zagrebačka županija;57
Maretić;Hrašćina;Krapinsko-zagorska županija;121
Maretići;Višnjan – Visignano;Istarska županija;0
Margečan;Ivanec;Varaždinska županija;390
Marigutić;Budinščina;Krapinsko-zagorska županija;20
Marija Bistrica;Marija Bistrica;Krapinsko-zagorska županija;1045
Marija Gorica;Marija Gorica;Zagrebačka županija;228
Marija Magdalena;Pušća;Zagrebačka županija;220
Marija Trošt;Delnice;Primorsko-goranska županija;38
Marijanci;Marijanci;Osječko-baranjska županija;680
Marina;Marina;Splitsko-dalmatinska županija;1015
Marinbrod;Glina;Sisačko-moslavačka županija;71
Marinci;Buzet;Istarska županija;69
Marinci;Nuštar;Vukovarsko-srijemska županija;437
Marinci;Pregrada;Krapinsko-zagorska županija;100
Marindolsko Brdo;Slunj;Karlovačka županija;49
Marindvor;Požega;Požeško-slavonska županija;118
Marinići;Viškovo;Primorsko-goranska županija;3862
Marinje Zemlje;Vis;Splitsko-dalmatinska županija;52
Marino Selo;Lipik;Požeško-slavonska županija;263
Marinovec;Križevci;Koprivničko-križevačka županija;82
Marinovec Zelinski;Sveti Ivan Zelina;Zagrebačka županija;61
Marići;Kanfanar;Istarska županija;127
Marići;Sveta Nedelja;Istarska županija;75
Marjanski Ivanovci;Marijanci;Osječko-baranjska županija;1
Marjančaci;Valpovo;Osječko-baranjska županija;257
Markoci;Sveta Nedelja;Istarska županija;69
Markovac;Biskupija;Šibensko-kninska županija;44
Markovac;Daruvar;Bjelovarsko-bilogorska županija;71
Markovac;Velika;Požeško-slavonska županija;2
Markovac;Višnjan – Visignano;Istarska županija;155
Markovac Križevački;Sveti Ivan Žabno;Koprivničko-križevačka županija;127
Markovac Našički;Našice;Osječko-baranjska županija;1396
Marković Selo;Ogulin;Karlovačka županija;60
Markovići;Vižinada – Visinada;Istarska županija;50
Markovo;Slatina;Virovitičko-podravska županija;114
Markovo Polje;;Grad Zagreb;447
Markušbrijeg;Lobor;Krapinsko-zagorska županija;387
Markuševec Turopoljski;Velika Gorica;Zagrebačka županija;378
Markušica;Markušica;Vukovarsko-srijemska županija;733
Markušići;Žumberak;Zagrebačka županija;2
Marlovac;Barilović;Karlovačka županija;5
Marof;Sveti Martin na Muri;Međimurska županija;88
Martijanec;Martijanec;Varaždinska županija;347
Martin;Našice;Osječko-baranjska županija;945
Martina;Mošćenička Draga;Primorsko-goranska županija;41
Martinac;Veliko Trojstvo;Bjelovarsko-bilogorska županija;127
Martinac;Čazma;Bjelovarsko-bilogorska županija;53
Martinci Miholjački;Podravska Moslavina;Osječko-baranjska županija;23
Martinec Orehovički;Bedekovčina;Krapinsko-zagorska županija;360
Martinić;Mali Bukovec;Varaždinska županija;123
Martinišće;Zabok;Krapinsko-zagorska županija;279
Martinkovec;Varaždinske Toplice;Varaždinska županija;70
Martinovići;Glina;Sisačko-moslavačka županija;43
Martinovići;Župa dubrovačka;Dubrovačko-neretvanska županija;111
Martinovo Selo;Jelenje;Primorsko-goranska županija;112
Martinska Ves;Martinska Ves;Sisačko-moslavačka županija;540
Martinska Ves;Vrbovec;Zagrebačka županija;451
Martinski Vrh;Ribnik;Karlovačka županija;14
Martinuševec;Gornji Mihaljevec;Međimurska županija;110
Martinčići – Martincici;Grožnjan – Grisignana;Istarska županija;111
Martinšćica;Cres;Primorsko-goranska županija;103
Martinšćina;Zlatar;Krapinsko-zagorska županija;340
Martiša Ves;Pregrada;Krapinsko-zagorska županija;11
Maruševec;Maruševec;Varaždinska županija;391
Marušići;Omiš;Splitsko-dalmatinska županija;141
Marušići – Marussici;Buje – Buie;Istarska županija;147
Maružini;Kanfanar;Istarska županija;83
Marčan;Vinica;Varaždinska županija;510
Marčana;Marčana;Istarska županija;1099
Marčani;Čazma;Bjelovarsko-bilogorska županija;89
Marčelji;Viškovo;Primorsko-goranska županija;2535
Marčenegla;Buzet;Istarska županija;94
Maršići;Malinska-Dubašnica;Primorsko-goranska županija;17
Maslenica;Jasenice;Zadarska županija;800
Maslenjača;Đulovac;Bjelovarsko-bilogorska županija;138
Maslinica;Šolta;Splitsko-dalmatinska županija;242
Mastelići;Vižinada – Visinada;Istarska županija;0
Mastrinka;Trogir;Splitsko-dalmatinska županija;837
Matase;Promina;Šibensko-kninska županija;38
Matenci;Donja Stubica;Krapinsko-zagorska županija;467
Materada – Matterada;Umag – Umago;Istarska županija;153
Mateše;Bosiljevo;Karlovačka županija;55
Mateško Selo;Generalski Stol;Karlovačka županija;22
Matijaši;Žminj;Istarska županija;47
Matijevići;Dvor;Sisačko-moslavačka županija;352
Matijevići;Kula Norinska;Dubrovačko-neretvanska županija;90
Matići;Vrbovsko;Primorsko-goranska županija;10
Matković Mala;Podcrkavlje;Brodsko-posavska županija;15
Matohanci;Kanfanar;Istarska županija;68
Matulini – Mattulini;Poreč – Parenzo;Istarska županija;26
Matulji;Matulji;Primorsko-goranska županija;3566
Maturovec;Krapinske Toplice;Krapinsko-zagorska županija;76
Maurovići;Barilović;Karlovačka županija;4
Mavrinci;Čavle;Primorsko-goranska županija;1035
Mazin;Gračac;Zadarska županija;27
Mače;Mače;Krapinsko-zagorska županija;675
Mački;Farkaševac;Zagrebačka županija;64
Mačkovac;Voćin;Virovitičko-podravska županija;31
Mačkovac;Vrbje;Brodsko-posavska županija;205
Mačkovec;Čakovec;Međimurska županija;1222
Mačkovo Selo;Petrinja;Sisačko-moslavačka županija;18
Mašić;Dragalić;Brodsko-posavska županija;237
Mašvina;Rakovica;Karlovačka županija;4
Mece;Darda;Osječko-baranjska županija;763
Medak;Gospić;Ličko-senjska županija;36
Medaki;Sveti Lovreč;Istarska županija;28
Medari;Dragalić;Brodsko-posavska županija;131
Medinci;Slatina;Virovitičko-podravska županija;154
Medovdolac;Lovreć;Splitsko-dalmatinska županija;92
Medsave;Samobor;Zagrebačka županija;206
Medulin;Medulin;Istarska županija;2830
Medveja;Lovran;Primorsko-goranska županija;139
Medveje;Buzet;Istarska županija;27
Medven Draga;Krašić;Zagrebačka županija;23
Medvidići;Sveti Lovreč;Istarska županija;34
Medvidovića Draga;Imotski;Splitsko-dalmatinska županija;326
Medviđa;Benkovac;Zadarska županija;107
Mekinjar;Udbina;Ličko-senjska županija;15
Mekiši kod Kaštelira;Kaštelir-Labinci – Castelliere-S. Domenica;Istarska županija;9
Mekiši kod Vižinade;Vižinada – Visinada;Istarska županija;37
Melinovac;Donji Lapac;Ličko-senjska županija;0
Meljan;Bednja;Varaždinska županija;101
Melnica;Barban;Istarska županija;175
Melnice;Senj;Ličko-senjska županija;41
Merag;Cres;Primorsko-goranska županija;22
Merenje;Zaprešić;Zagrebačka županija;117
Merhatovec;Selnica;Međimurska županija;122
Merišće – Merischie;Buje – Buie;Istarska županija;47
Merolino Sikirevačko;Strizivojna;Osječko-baranjska županija;0
Metajna;Novalja;Ličko-senjska županija;253
Metković;Metković;Dubrovačko-neretvanska županija;13971
Metohija;Ston;Dubrovačko-neretvanska županija;134
Mezinovac;Perušić;Ličko-senjska županija;23
Mečenčani;Donji Kukuruzari;Sisačko-moslavačka županija;103
Međa;Sveti Petar Orehovec;Koprivničko-križevačka županija;143
Međare;Skradin;Šibensko-kninska županija;5
Međedi;Vrbovsko;Primorsko-goranska županija;0
Međeđak;Plaški;Karlovačka županija;67
Međeđak Utinjski;Vojnić;Karlovačka županija;43
Međurača;Nova Rača;Bjelovarsko-bilogorska županija;275
Međurače;Petrinja;Sisačko-moslavačka županija;21
Međurić;Kutina;Sisačko-moslavačka županija;427
Migalovci;Čaglin;Požeško-slavonska županija;92
Mihajlije;Brestovac;Požeško-slavonska županija;0
Mihalić Selo;Duga Resa;Karlovačka županija;68
Mihalj;Slivno;Dubrovačko-neretvanska županija;121
Mihaljekov Jarek;Krapina;Krapinsko-zagorska županija;444
Mihaljevac;Plitvička Jezera;Ličko-senjska županija;22
Mihaljevci;Požega;Požeško-slavonska županija;628
Mihaljevići;Pleternica;Požeško-slavonska županija;0
Mihanići;Konavle;Dubrovačko-neretvanska županija;109
Mihanovićev Dol;Klanjec;Krapinsko-zagorska županija;265
Mihatovići;Poreč – Parenzo;Istarska županija;161
Mihelići;Poreč – Parenzo;Istarska županija;57
Miholašćica;Cres;Primorsko-goranska županija;31
Miholec;Sveti Petar Orehovec;Koprivničko-križevačka županija;322
Miholjanec;Virje;Koprivničko-križevačka županija;244
Miholjački Poreč;Donji Miholjac;Osječko-baranjska županija;148
Miholjsko;Vojnić;Karlovačka županija;87
Mihotići;Matulji;Primorsko-goranska županija;862
Mihovljan;Mihovljan;Krapinsko-zagorska županija;956
Mihovljan;Čakovec;Međimurska županija;1391
Mijaca;Vrgorac;Splitsko-dalmatinska županija;30
Mijači;Brestovac;Požeško-slavonska županija;10
Miklavec;Podturen;Međimurska županija;391
Mikleuš;Mikleuš;Virovitičko-podravska županija;646
Mikleuška;Kutina;Sisačko-moslavačka županija;85
Mikluševci;Tompojevci;Vukovarsko-srijemska županija;265
Mikovec;Sveti Petar Orehovec;Koprivničko-križevačka županija;61
Mikulići;Konavle;Dubrovačko-neretvanska županija;66
Miladini;Jastrebarsko;Zagrebačka županija;50
Milanezi;Višnjan – Visignano;Istarska županija;18
Milani;Bosiljevo;Karlovačka županija;15
Milanlug;Čaglin;Požeško-slavonska županija;209
Milanovac;Crnac;Virovitičko-podravska županija;30
Milanovac;Velika;Požeško-slavonska županija;35
Milanovac;Virovitica;Virovitičko-podravska županija;1515
Milaševac;Čazma;Bjelovarsko-bilogorska županija;142
Milaši;Jelenje;Primorsko-goranska županija;76
Milekovo Selo;Donja Stubica;Krapinsko-zagorska županija;116
Milinac;Levanjska Varoš;Osječko-baranjska županija;25
Milivojevci;Velika;Požeško-slavonska županija;12
Miličani;Sokolovac;Koprivničko-križevačka županija;112
Miljana;Zagorska Sela;Krapinsko-zagorska županija;82
Miljanovac;Sirač;Bjelovarsko-bilogorska županija;103
Miljevac;Slunj;Karlovačka županija;10
Miljevci;Nova Bukovica;Virovitičko-podravska županija;223
Milna;Hvar;Splitsko-dalmatinska županija;77
Milna;Milna;Splitsko-dalmatinska županija;775
Milna;Vis;Splitsko-dalmatinska županija;39
Milohnići;Krk;Primorsko-goranska županija;102
Milotski Breg;Gračišće;Istarska županija;89
Milovčići;Malinska-Dubašnica;Primorsko-goranska županija;166
Miloševac;Barilović;Karlovačka županija;2
Milčetići;Malinska-Dubašnica;Primorsko-goranska županija;251
Mimice;Omiš;Splitsko-dalmatinska županija;241
Miočinovići;Petrinja;Sisačko-moslavačka županija;26
Miočić;Drniš;Šibensko-kninska županija;44
Miranje;Benkovac;Zadarska županija;236
Mirca;Supetar;Splitsko-dalmatinska županija;401
Mirkopolje;Krašić;Zagrebačka županija;82
Mirkovac;Kneževi Vinogradi;Osječko-baranjska županija;64
Mirkovci;Vinkovci;Vukovarsko-srijemska županija;2731
Mirkovec;Sveti Križ Začretje;Krapinsko-zagorska županija;457
Mirkovec Breznički;Breznica;Varaždinska županija;87
Mirlović Polje;Ružić;Šibensko-kninska županija;133
Mirlović Zagora;Unešić;Šibensko-kninska županija;347
Mislina;Zažablje;Dubrovačko-neretvanska županija;25
Mitlo;Marina;Splitsko-dalmatinska županija;49
Mitrovac;Kutjevo;Požeško-slavonska županija;92
Mitrovac;Čeminac;Osječko-baranjska županija;16
Mičetinac;Đurđevac;Koprivničko-križevačka županija;146
Mičetići;Poreč – Parenzo;Istarska županija;28
Mičevec;Velika Gorica;Zagrebačka županija;1251
Mičijevac;Križevci;Koprivničko-križevačka županija;54
Mišinci;Žakanje;Karlovačka županija;128
Mišinka;Kutina;Sisačko-moslavačka županija;102
Miškovići;Pag;Zadarska županija;55
Mišljenovac;Donji Lapac;Ličko-senjska županija;0
Mjesto Primišlje;Slunj;Karlovačka županija;39
Mladenići;Viškovo;Primorsko-goranska županija;1448
Mlaka;Jasenovac;Sisačko-moslavačka županija;23
Mlaka;Rakovec;Zagrebačka županija;101
Mlaka Antinska;Tordinci;Vukovarsko-srijemska županija;55
Mlakovac;Krnjak;Karlovačka županija;98
Mlakva;Perušić;Ličko-senjska županija;31
Mlinari;Vrbovsko;Primorsko-goranska županija;7
Mlini;Župa dubrovačka;Dubrovačko-neretvanska županija;933
Mlinište;Zažablje;Dubrovačko-neretvanska županija;254
Mlinski Vinogradi;Velika Trnovitica;Bjelovarsko-bilogorska županija;25
Modrino Selo;Kistanje;Šibensko-kninska županija;23
Modrovec;Gornja Stubica;Krapinsko-zagorska županija;324
Modruš;Josipdol;Karlovačka županija;125
Modrušani;Žminj;Istarska županija;129
Mogorić;Gospić;Ličko-senjska županija;80
Mohovo;Ilok;Vukovarsko-srijemska županija;183
Mokošica;Dubrovnik;Dubrovačko-neretvanska županija;2193
Mokreš;Čaglin;Požeško-slavonska županija;14
Mokrica Tomaševečka;Sveti Ivan Zelina;Zagrebačka županija;20
Mokrice;Oroslavje;Krapinsko-zagorska županija;697
Mokrice Miholečke;Sveti Petar Orehovec;Koprivničko-križevačka županija;139
Mokro Polje;Ervenik;Šibensko-kninska županija;163
Molat;Zadar;Zadarska županija;85
Molunat;Konavle;Dubrovačko-neretvanska županija;234
Molve;Molve;Koprivničko-križevačka županija;1195
Molve Grede;Molve;Koprivničko-križevačka županija;199
Molvice;Kalinovac;Koprivničko-križevačka županija;34
Molvice;Samobor;Zagrebačka županija;659
Momići;Kula Norinska;Dubrovačko-neretvanska županija;163
Momjan – Momiano;Buje – Buie;Istarska županija;239
Momčilovića Kosa;Glina;Sisačko-moslavačka županija;15
Monterol – Monterol;Umag – Umago;Istarska županija;38
Montižana – Montisana;Poreč – Parenzo;Istarska županija;54
Montovani;Pićan;Istarska županija;123
Moravice;Vrbovsko;Primorsko-goranska županija;509
Moravička Sela;Brod Moravice;Primorsko-goranska županija;37
Moravče;;Grad Zagreb;602
Morpolača;Stankovci;Zadarska županija;50
Moseć;Ružić;Šibensko-kninska županija;68
Moslavačka Slatina;Popovača;Sisačko-moslavačka županija;68
Most;Buzet;Istarska županija;71
Most-Raša;Raša;Istarska županija;63
Mostari;Dubrava;Zagrebačka županija;170
Motovun;Motovun – Montona;Istarska županija;397
Movrač;Kraljevec na Sutli;Krapinsko-zagorska županija;122
Močile;Vrbovsko;Primorsko-goranska županija;75
Močići;Konavle;Dubrovačko-neretvanska županija;426
Mošanci;Žakanje;Karlovačka županija;24
Moštanica;Petrinja;Sisačko-moslavačka županija;67
Mošćenica;Petrinja;Sisačko-moslavačka županija;2096
Mošćenice;Mošćenička Draga;Primorsko-goranska županija;279
Mošćenička Draga;Mošćenička Draga;Primorsko-goranska županija;452
Možđenec;Novi Marof;Varaždinska županija;584
Mracelj;Vojnić;Karlovačka županija;83
Mraclin;Velika Gorica;Zagrebačka županija;1026
Mratovo;Promina;Šibensko-kninska županija;47
Mravinca;Dubrovačko primorje;Dubrovačko-neretvanska županija;29
Mravince;Solin;Splitsko-dalmatinska županija;1717
Mravinjac;Dubrovnik;Dubrovačko-neretvanska županija;67
Mravnica;Šibenik;Šibensko-kninska županija;29
Mračaj;Majur;Sisačko-moslavačka županija;21
Mračaj Krstinjski;Vojnić;Karlovačka županija;2
Mračin;Netretić;Karlovačka županija;222
Mrežnica;Barilović;Karlovačka županija;4
Mrežničke Poljice;Duga Resa;Karlovačka županija;110
Mrežnički Brest;Generalski Stol;Karlovačka županija;25
Mrežnički Brig;Duga Resa;Karlovačka županija;288
Mrežnički Novaki;Duga Resa;Karlovačka županija;168
Mrežnički Varoš;Duga Resa;Karlovačka županija;901
Mrežničko Dvorište;Duga Resa;Karlovačka županija;48
Mrgani;Kanfanar;Istarska županija;27
Mrkopalj;Mrkopalj;Primorsko-goranska županija;557
Mrkoplje;Brestovac;Požeško-slavonska županija;0
Mrljane;Pašman;Zadarska županija;253
Mrzla Vodica;Lokve;Primorsko-goranska županija;14
Mrzli Dol;Senj;Ličko-senjska županija;23
Mrzljaki;Netretić;Karlovačka županija;12
Mrzlo Polje;Veliko Trgovišće;Krapinsko-zagorska županija;202
Mrzlo Polje Žumberačko;Žumberak;Zagrebačka županija;23
Mrzović;Semeljci;Osječko-baranjska županija;504
Mrčevo;Dubrovnik;Dubrovačko-neretvanska županija;76
Mugeba – Monghebbo;Poreč – Parenzo;Istarska županija;219
Mundanije;Rab;Primorsko-goranska županija;402
Munije;Grubišno Polje;Bjelovarsko-bilogorska županija;26
Munjava;Josipdol;Karlovačka županija;49
Munjava Modruška;Josipdol;Karlovačka županija;58
Muntić;Ližnjan – Lisignano;Istarska županija;325
Muntrilj;Tinjan;Istarska županija;73
Muraj;Krk;Primorsko-goranska županija;69
Murine – Morno;Umag – Umago;Istarska županija;970
Muričevec;Lepoglava;Varaždinska županija;147
Mursko Središće;Mursko Središće;Međimurska županija;3321
Murter;Murter-Kornati;Šibensko-kninska županija;1920
Murvica;Bol;Splitsko-dalmatinska županija;22
Murvica;Poličnik;Zadarska županija;855
Murvica Gornja;Poličnik;Zadarska županija;216
Musić;Levanjska Varoš;Osječko-baranjska županija;54
Mustafina Klada;Velika Ludina;Sisačko-moslavačka županija;132
Musulini;Vrbovsko;Primorsko-goranska županija;112
Mutilić;Udbina;Ličko-senjska županija;36
Mutvoran;Marčana;Istarska županija;21
Mučići;Matulji;Primorsko-goranska županija;347
Mušalež;Poreč – Parenzo;Istarska županija;384
Mušaluk;Gospić;Ličko-senjska županija;174
Muškovci;Obrovac;Zadarska županija;98
Mužilovčica;Sisak;Sisačko-moslavačka županija;57
Mužini;Žminj;Istarska županija;88
Nadin;Benkovac;Zadarska županija;371
Nadvoda;Obrovac;Zadarska županija;135
Nadvrelo;Gračac;Zadarska županija;0
Nadvučnik;Vrbovsko;Primorsko-goranska županija;20
Naglići;Brod Moravice;Primorsko-goranska županija;1
Najevi;Marina;Splitsko-dalmatinska županija;51
Naklice;Omiš;Splitsko-dalmatinska županija;237
Nakovanj;Orebić;Dubrovačko-neretvanska županija;1
Nard;Valpovo;Osječko-baranjska županija;377
Nardući;Vižinada – Visinada;Istarska županija;14
Nart Savski;Rugvica;Zagrebačka županija;199
Narta;Štefanje;Bjelovarsko-bilogorska županija;573
Naselje Stjepana Radića;Vrbovec;Zagrebačka županija;239
Natkrižovljan;Cestica;Varaždinska županija;258
Naudovac;Suhopolje;Virovitičko-podravska županija;113
Našice;Našice;Osječko-baranjska županija;7307
Našičko Novo Selo;Đurđenovac;Osječko-baranjska županija;271
Nebljusi;Donji Lapac;Ličko-senjska županija;111
Nebojan;Petrinja;Sisačko-moslavačka županija;141
Nebojse;Desinić;Krapinsko-zagorska županija;67
Nedelišće;Nedelišće;Međimurska županija;3840
Nedeljanec;Vidovec;Varaždinska županija;1320
Nedešćina;Sveta Nedelja;Istarska županija;537
Negnar;Buzet;Istarska županija;19
Negoslavci;Negoslavci;Vukovarsko-srijemska županija;983
Negovec;Vrbovec;Zagrebačka županija;154
Nemetin;Osijek;Osječko-baranjska županija;77
Nemčevec;Gornja Rijeka;Koprivničko-križevačka županija;11
Nenadići;Krk;Primorsko-goranska županija;164
Neorić;Muć;Splitsko-dalmatinska županija;819
Nerezine;Mali Lošinj;Primorsko-goranska županija;397
Nerežišća;Nerežišća;Splitsko-dalmatinska županija;642
Nespeš;Sveti Ivan Zelina;Zagrebačka županija;298
Neteka;Gračac;Zadarska županija;75
Netretić;Netretić;Karlovačka županija;44
Nevest;Unešić;Šibensko-kninska županija;56
Nevinac;Nova Rača;Bjelovarsko-bilogorska županija;172
Neviđane;Pašman;Zadarska županija;353
Nečujam;Šolta;Splitsko-dalmatinska županija;286
Nijemci;Nijemci;Vukovarsko-srijemska županija;1330
Nikšići;Vrbovsko;Primorsko-goranska županija;23
Nin;Nin;Zadarska županija;1101
Ninski Stanovi;Nin;Zadarska županija;340
Nisko;Klis;Splitsko-dalmatinska županija;181
Niza;Koška;Osječko-baranjska županija;361
Nježić;Velika;Požeško-slavonska županija;1
Njivice;Omišalj;Primorsko-goranska županija;1115
Normanci;Koška;Osječko-baranjska županija;269
Noršić Selo;Samobor;Zagrebačka županija;89
Nos Kalik;Drniš;Šibensko-kninska županija;2
Noskovačka Dubrava;Čađavica;Virovitičko-podravska županija;40
Noskovci;Čađavica;Virovitičko-podravska županija;142
Nova Bukovica;Nova Bukovica;Virovitičko-podravska županija;638
Nova Diklenica;Kapela;Bjelovarsko-bilogorska županija;100
Nova Drenčina;Petrinja;Sisačko-moslavačka županija;315
Nova Gradiška;Nova Gradiška;Brodsko-posavska županija;9820
Nova Jošava;Orahovica;Virovitičko-podravska županija;152
Nova Kapela;Dubrava;Zagrebačka županija;207
Nova Kapela;Nova Kapela;Brodsko-posavska županija;777
Nova Krivaja;Đulovac;Bjelovarsko-bilogorska županija;69
Nova Kršlja;Rakovica;Karlovačka županija;69
Nova Lipa;Požega;Požeško-slavonska županija;61
Nova Lipovica;Čaglin;Požeško-slavonska županija;22
Nova Ljeskovica;Čaglin;Požeško-slavonska županija;425
Nova Mokošica;Dubrovnik;Dubrovačko-neretvanska županija;5682
Nova Pisanica;Velika Pisanica;Bjelovarsko-bilogorska županija;37
Nova Ploščica;Velika Trnovitica;Bjelovarsko-bilogorska županija;298
Nova Rača;Nova Rača;Bjelovarsko-bilogorska županija;382
Nova Sela;Kula Norinska;Dubrovačko-neretvanska županija;29
Nova Sela;Omiš;Splitsko-dalmatinska županija;152
Nova Sela;Trilj;Splitsko-dalmatinska županija;141
Nova Subocka;Novska;Sisačko-moslavačka županija;570
Nova Vas;Kršan;Istarska županija;58
Nova Vas;Poreč – Parenzo;Istarska županija;589
Nova Vas – Villanova;Brtonigla – Verteneglio;Istarska županija;366
Nova Ves Petrijanečka;Petrijanec;Varaždinska županija;826
Nova Šarovka;Sopje;Virovitičko-podravska županija;201
Novaki;Dubrava;Zagrebačka županija;156
Novaki;Maruševec;Varaždinska županija;467
Novaki;Sopje;Virovitičko-podravska županija;292
Novaki;Sveta Nedelja;Zagrebačka županija;2001
Novaki Bistranski;Bistra;Zagrebačka županija;812
Novaki Bizovački;Bizovac;Osječko-baranjska županija;180
Novaki Lipnički;Ribnik;Karlovačka županija;14
Novaki Motovunski;Karojba;Istarska županija;373
Novaki Nartski;Rugvica;Zagrebačka županija;51
Novaki Oborovski;Rugvica;Zagrebačka županija;279
Novaki Ozaljski;Ozalj;Karlovačka županija;54
Novaki Pazinski;Cerovlje;Istarska županija;181
Novaki Petrovinski;Jastrebarsko;Zagrebačka županija;272
Novaki Ravenski;Križevci;Koprivničko-križevačka županija;146
Novaki Šćitarjevski;Velika Gorica;Zagrebačka županija;152
Novakovec;Jalžabet;Varaždinska županija;399
Novakovec;Podturen;Međimurska županija;694
Novakovec Bisaški;Sveti Ivan Zelina;Zagrebačka županija;27
Novalja;Novalja;Ličko-senjska županija;2415
Novačka;Gola;Koprivničko-križevačka županija;343
Nove Hiže;Brod Moravice;Primorsko-goranska županija;0
Novi Antunovac;Špišić Bukovica;Virovitičko-podravska županija;77
Novi Bezdan;Petlovac;Osječko-baranjska županija;262
Novi Bešinci;Kaptol;Požeško-slavonska županija;50
Novi Bolman;Jagodnjak;Osječko-baranjska županija;83
Novi Bošnjani;Križevci;Koprivničko-križevačka županija;62
Novi Dol;Barilović;Karlovačka županija;0
Novi Dvori Klanječki;Klanjec;Krapinsko-zagorska županija;207
Novi Farkašić;Petrinja;Sisačko-moslavačka županija;67
Novi Glog;Sveti Ivan Žabno;Koprivničko-križevačka županija;129
Novi Golubovec;Novi Golubovec;Krapinsko-zagorska županija;192
Novi Grabovac;Novska;Sisačko-moslavačka županija;5
Novi Grad;Oprisavci;Brodsko-posavska županija;230
Novi Gradac;Gradina;Virovitičko-podravska županija;128
Novi Jankovci;Stari Jankovci;Vukovarsko-srijemska županija;693
Novi Lazi;Brod Moravice;Primorsko-goranska županija;6
Novi Majur;Pakrac;Požeško-slavonska županija;78
Novi Marof;Novi Marof;Varaždinska županija;1810
Novi Mihaljevci;Požega;Požeško-slavonska županija;203
Novi Mikanovci;Stari Mikanovci;Vukovarsko-srijemska županija;536
Novi Pavljani;Bjelovar;Bjelovarsko-bilogorska županija;136
Novi Perkovci;Đakovo;Osječko-baranjska županija;180
Novi Senkovac;Slatina;Virovitičko-podravska županija;223
Novi Skucani;Kapela;Bjelovarsko-bilogorska županija;143
Novi Varoš;Stara Gradiška;Brodsko-posavska županija;113
Novi Vinodolski;Novi Vinodolski;Primorsko-goranska županija;3336
Novi Zdenkovac;Čaglin;Požeško-slavonska županija;10
Novi Čeminac;Čeminac;Osječko-baranjska županija;252
Novi Đurđic;Križevci;Koprivničko-križevačka županija;131
Novi Štitnjak;Požega;Požeško-slavonska županija;92
Novigrad;Novigrad;Zadarska županija;481
Novigrad Podravski;Novigrad Podravski;Koprivničko-križevačka županija;1577
Novigrad na Dobri;Netretić;Karlovačka županija;62
Novigrad – Cittanova;Novigrad – Cittanova;Istarska županija;2292
Novo Brdo;Kravarsko;Zagrebačka županija;83
Novo Brdo Mrežničko;Duga Resa;Karlovačka županija;97
Novo Kusonje;Voćin;Virovitičko-podravska županija;15
Novo Mjesto;Sveti Ivan Zelina;Zagrebačka županija;143
Novo Nevesinje;Petlovac;Osječko-baranjska županija;41
Novo Petrovo Polje;Crnac;Virovitičko-podravska županija;121
Novo Pračno;Sisak;Sisačko-moslavačka županija;346
Novo Selište;Petrinja;Sisačko-moslavačka županija;279
Novo Selo;Požega;Požeško-slavonska županija;370
Novo Selo;Selca;Splitsko-dalmatinska županija;109
Novo Selo;Sisak;Sisačko-moslavačka županija;536
Novo Selo;Slunj;Karlovačka županija;52
Novo Selo;Vrbovec;Zagrebačka županija;80
Novo Selo;Čazma;Bjelovarsko-bilogorska županija;47
Novo Selo Bosiljevsko;Bosiljevo;Karlovačka županija;15
Novo Selo Garešničko;Berek;Bjelovarsko-bilogorska županija;26
Novo Selo Glinsko;Glina;Sisačko-moslavačka županija;89
Novo Selo Koreničko;Plitvička Jezera;Ličko-senjska županija;17
Novo Selo Lasinjsko;Lasinja;Karlovačka županija;62
Novo Selo Okićko;Klinča Sela;Zagrebačka županija;112
Novo Selo Palanječko;Sisak;Sisačko-moslavačka županija;447
Novo Selo Perjasičko;Barilović;Karlovačka županija;0
Novo Selo Podravsko;Mali Bukovec;Varaždinska županija;183
Novo Selo Rok;Čakovec;Međimurska županija;1320
Novo Selo na Dravi;Čakovec;Međimurska županija;557
Novo Selo Žumberačko;Samobor;Zagrebačka županija;18
Novo Topolje;Donji Andrijevci;Brodsko-posavska županija;117
Novo Virje;Novo Virje;Koprivničko-križevačka županija;1026
Novo Zvečevo;Brestovac;Požeško-slavonska županija;24
Novo Čiče;Velika Gorica;Zagrebačka županija;1142
Novoselci;Pleternica;Požeško-slavonska županija;157
Novoselci;Sunja;Sisačko-moslavačka županija;28
Novoselec;Križ;Zagrebačka županija;1210
Novoseljani;Bjelovar;Bjelovarsko-bilogorska županija;600
Novoselo Bilajsko;Gospić;Ličko-senjska županija;122
Novoselo Trnovačko;Gospić;Ličko-senjska županija;92
Novska;Novska;Sisačko-moslavačka županija;5922
Nugla;Buzet;Istarska županija;73
Nunić;Kistanje;Šibensko-kninska županija;89
Nurkovac;Brestovac;Požeško-slavonska županija;185
Nuštar;Nuštar;Vukovarsko-srijemska županija;3132
Obed;Orle;Zagrebačka županija;39
Obedišće;Križ;Zagrebačka županija;516
Obedišće Ježevsko;Rugvica;Zagrebačka županija;100
Oblakovac;Brestovac;Požeško-slavonska županija;2
Oborovo;Rugvica;Zagrebačka županija;574
Oborovo Bistransko;Bistra;Zagrebačka županija;882
Obradovci;Zdenci;Virovitičko-podravska županija;41
Obrankovec;Sveti Đurđ;Varaždinska županija;113
Obrezina;Velika Gorica;Zagrebačka županija;403
Obrež Kalnički;Kalnik;Koprivničko-križevačka županija;108
Obrež Vivodinski;Ozalj;Karlovačka županija;75
Obrež Zelinski;Sveti Ivan Zelina;Zagrebačka županija;61
Obrh;Ribnik;Karlovačka županija;3
Obrovac;Obrovac;Zadarska županija;793
Obrovac Sinjski;Sinj;Splitsko-dalmatinska županija;794
Obrovnica;Bjelovar;Bjelovarsko-bilogorska županija;155
Obrš;Mošćenička Draga;Primorsko-goranska županija;11
Odra;;Grad Zagreb;2630
Odra Sisačka;Sisak;Sisačko-moslavačka županija;687
Odranski Obrež;;Grad Zagreb;1503
Oglavci;Rogoznica;Šibensko-kninska županija;7
Ogulin;Ogulin;Karlovačka županija;7374
Ogulinec;Velika Gorica;Zagrebačka županija;313
Ohnići;Vižinada – Visinada;Istarska županija;30
Okešinec;Križ;Zagrebačka županija;337
Okić;Karlovac;Karlovačka županija;43
Oklaj;Promina;Šibensko-kninska županija;410
Oključna;Komiža;Splitsko-dalmatinska županija;0
Okoli;Velika Ludina;Sisačko-moslavačka županija;232
Okreti;Kanfanar;Istarska županija;47
Okrivje;Čabar;Primorsko-goranska županija;5
Okrug Donji;Okrug;Splitsko-dalmatinska županija;235
Okrug Gornji;Okrug;Splitsko-dalmatinska županija;2760
Okrugli Vrh;Sveti Juraj na Bregu;Međimurska županija;358
Okrugljača;Špišić Bukovica;Virovitičko-podravska županija;200
Okuje;Velika Gorica;Zagrebačka županija;430
Okuklje;Mljet;Dubrovačko-neretvanska županija;38
Okunšćak;Rugvica;Zagrebačka županija;490
Okučani;Okučani;Brodsko-posavska županija;1143
Olib;Zadar;Zadarska županija;117
Oljasi;Velika;Požeško-slavonska županija;47
Omamno;Bedenica;Zagrebačka županija;145
Omanovac;Pakrac;Požeško-slavonska županija;86
Omiš;Omiš;Splitsko-dalmatinska županija;5985
Omišalj;Omišalj;Primorsko-goranska županija;1877
Omsica;Gračac;Zadarska županija;4
Ondić;Udbina;Ličko-senjska županija;25
Opanci;Lovreć;Splitsko-dalmatinska županija;258
Opasanjek;Zlatar Bistrica;Krapinsko-zagorska županija;82
Opatija;Opatija;Primorsko-goranska županija;5701
Opatija;Pokupsko;Zagrebačka županija;139
Opatinec;Ivanić-Grad;Zagrebačka županija;283
Opatovac;Cernik;Brodsko-posavska županija;282
Opatovac;Lovas;Vukovarsko-srijemska županija;252
Oplaznik;Marija Gorica;Zagrebačka županija;75
Oporovec;Prelog;Međimurska županija;334
Oprisavci;Oprisavci;Brodsko-posavska županija;715
Oprić;Opatija;Primorsko-goranska županija;719
Oprtalj – Portole;Oprtalj – Portole;Istarska županija;75
Opršinac;Cernik;Brodsko-posavska županija;0
Opuzen;Opuzen;Dubrovačko-neretvanska županija;2355
Općevac;Čazma;Bjelovarsko-bilogorska županija;93
Orah;Vrgorac;Splitsko-dalmatinska županija;212
Orahovica;Orahovica;Virovitičko-podravska županija;3384
Oraovac;Donji Lapac;Ličko-senjska županija;124
Oratje;Krapinske Toplice;Krapinsko-zagorska županija;122
Oravac;Plitvička Jezera;Ličko-senjska županija;22
Orašac;Dubrovnik;Dubrovačko-neretvanska županija;742
Orbani;Sveti Lovreč;Istarska županija;20
Orbanići;Marčana;Istarska županija;141
Orbanići;Žminj;Istarska županija;57
Ordanja;Koška;Osječko-baranjska županija;121
Orebić;Orebić;Dubrovačko-neretvanska županija;1794
Orehova Gorica;Gornja Stubica;Krapinsko-zagorska županija;50
Orehovec;Novi Marof;Varaždinska županija;250
Orehovec;Sveti Petar Orehovec;Koprivničko-križevačka županija;83
Orehovec Radobojski;Radoboj;Krapinsko-zagorska županija;258
Orehovica;Bedekovčina;Krapinsko-zagorska županija;226
Orehovica;Orehovica;Međimurska županija;1803
Orešac;Suhopolje;Virovitičko-podravska županija;342
Orešje;Sveta Nedelja;Zagrebačka županija;1097
Orešje Humsko;Hum na Sutli;Krapinsko-zagorska županija;172
Orešje Okićko;Jastrebarsko;Zagrebačka županija;36
Orihi;Barban;Istarska županija;101
Orijevac;Barilović;Karlovačka županija;3
Oriovac;Oriovac;Brodsko-posavska županija;1490
Oriovčić;Podcrkavlje;Brodsko-posavska županija;99
Orič;Pićan;Istarska županija;152
Orišje;Bosiljevo;Karlovačka županija;39
Orle;Orle;Zagrebačka županija;71
Orlec;Cres;Primorsko-goranska županija;88
Orlić;Biskupija;Šibensko-kninska županija;187
Orljakovo;Kamanje;Karlovačka županija;165
Orljavac;Brestovac;Požeško-slavonska županija;113
Orlovac;Nova Rača;Bjelovarsko-bilogorska županija;110
Orlovac Zdenački;Grubišno Polje;Bjelovarsko-bilogorska županija;248
Ornice;Gospić;Ličko-senjska županija;4
Orolik;Stari Jankovci;Vukovarsko-srijemska županija;355
Oroslavje;Oroslavje;Krapinsko-zagorska županija;3253
Orovac;Severin;Bjelovarsko-bilogorska županija;253
Orubica;Davor;Brodsko-posavska županija;504
Osekovo;Popovača;Sisačko-moslavačka županija;705
Osečka;Ivanec;Varaždinska županija;195
Osijek;Osijek;Osječko-baranjska županija;75535
Osijek Vojakovački;Križevci;Koprivničko-križevačka županija;141
Oskoruš – Oscurus;Buje – Buie;Istarska županija;43
Oskorušno;Orebić;Dubrovačko-neretvanska županija;77
Oslići;Cerovlje;Istarska županija;55
Osobjava;Janjina;Dubrovačko-neretvanska županija;61
Osojnik;Dubrovnik;Dubrovačko-neretvanska županija;335
Osojnik;Vrbovsko;Primorsko-goranska županija;86
Osonjak;Bednja;Varaždinska županija;48
Osor;Mali Lošinj;Primorsko-goranska županija;26
Osredci;Gračac;Zadarska županija;32
Osredek Desinićki;Desinić;Krapinsko-zagorska županija;34
Osredek Žumberački;Samobor;Zagrebačka županija;13
Ostojići;Dvor;Sisačko-moslavačka županija;0
Ostrogašica;Unešić;Šibensko-kninska županija;38
Ostrovica;Lišane Ostrovičke;Zadarska županija;61
Ostrovo;Markušica;Vukovarsko-srijemska županija;408
Ostrošinci;Podgorač;Osječko-baranjska županija;90
Ostrožin;Gvozd;Sisačko-moslavačka županija;22
Ostrvica;Gospić;Ličko-senjska županija;49
Ostrvica;Omiš;Splitsko-dalmatinska županija;191
Osunja;Samobor;Zagrebačka županija;8
Otavice;Ružić;Šibensko-kninska županija;151
Oteš;Gospić;Ličko-senjska županija;86
Otišić;Vrlika;Splitsko-dalmatinska županija;39
Otkopi;Končanica;Bjelovarsko-bilogorska županija;57
Otok;Otok;Splitsko-dalmatinska županija;2807
Otok;Otok;Vukovarsko-srijemska županija;3571
Otok;Prelog;Međimurska županija;303
Otok;Slivno;Dubrovačko-neretvanska županija;47
Otok Nartski;Rugvica;Zagrebačka županija;202
Otok Oštarijski;Ogulin;Karlovačka županija;344
Otok Svibovski;Rugvica;Zagrebačka županija;263
Otok Virje;Cestica;Varaždinska županija;226
Otok na Dobri;Bosiljevo;Karlovačka županija;49
Oton;Ervenik;Šibensko-kninska županija;102
Otočac;Otočac;Ličko-senjska županija;3852
Otočka;Gola;Koprivničko-križevačka županija;214
Otrić;Gračac;Zadarska županija;17
Otrić-Seoci;Pojezerje;Dubrovačko-neretvanska županija;689
Otrovanec;Pitomača;Virovitičko-podravska županija;530
Otruševec;Samobor;Zagrebačka županija;292
Otrčkovec;Bedenica;Zagrebačka županija;35
Ovrlje;Otok;Splitsko-dalmatinska županija;173
Ovčara;Levanjska Varoš;Osječko-baranjska županija;18
Ovčare;Kutjevo;Požeško-slavonska županija;109
Ozalj;Ozalj;Karlovačka županija;1053
Ozdakovci;Velika;Požeško-slavonska županija;3
Oćestovo;Knin;Šibensko-kninska županija;78
Očura;Lepoglava;Varaždinska županija;152
Očura;Novi Golubovec;Krapinsko-zagorska županija;58
Ošljak;Preko;Zadarska županija;35
Ošlje;Dubrovačko primorje;Dubrovačko-neretvanska županija;55
Oštarije;Josipdol;Karlovačka županija;1300
Oštarski Stanovi;Rakovica;Karlovačka županija;130
Oštri Vrh;Staro Petrovo Selo;Brodsko-posavska županija;135
Oštri Zid;Berek;Bjelovarsko-bilogorska županija;80
Oštrice;Novi Marof;Varaždinska županija;420
Oštrobradić;Malinska-Dubašnica;Primorsko-goranska županija;96
Ožegovci;Pakrac;Požeško-slavonska županija;19
Pag;Pag;Zadarska županija;2322
Pagubice;Cerovlje;Istarska županija;120
Pajari;Sveti Lovreč;Istarska županija;18
Pajkovići;Svetvinčenat;Istarska županija;56
Paka;Novi Marof;Varaždinska županija;71
Paka;Čaglin;Požeško-slavonska županija;15
Paklenica;Novska;Sisačko-moslavačka županija;210
Pakovo Selo;Drniš;Šibensko-kninska županija;186
Pakoštane;Pakoštane;Zadarska županija;2180
Pakrac;Pakrac;Požeško-slavonska županija;4151
Pakrani;Sirač;Bjelovarsko-bilogorska županija;97
Paladini;Buzet;Istarska županija;48
Palagruža;Komiža;Splitsko-dalmatinska županija;0
Palanjek;Sisak;Sisačko-moslavačka županija;355
Palanjek Pokupski;Lekenik;Sisačko-moslavačka županija;7
Palanka;Gračac;Zadarska županija;11
Palančani;Čazma;Bjelovarsko-bilogorska županija;171
Palača;Šodolovci;Osječko-baranjska županija;169
Palešnik;Hercegovac;Bjelovarsko-bilogorska županija;391
Palinovec;Donji Kraljevec;Međimurska županija;630
Palit;Rab;Primorsko-goranska županija;1580
Palje Brdo;Konavle;Dubrovačko-neretvanska županija;134
Paljevina;Drenje;Osječko-baranjska županija;139
Paljevine;Ivanska;Bjelovarsko-bilogorska županija;199
Paljugi;Jastrebarsko;Zagrebačka županija;6
Paljuv;Novigrad;Zadarska županija;333
Palovec;Mala Subotica;Međimurska županija;873
Pamići;Žminj;Istarska županija;117
Panjani;Hrvatska Kostajnica;Sisačko-moslavačka županija;90
Papinec;Vidovec;Varaždinska županija;97
Papići;Sunja;Sisačko-moslavačka županija;34
Paradiž;Sveta Nedelja;Istarska županija;70
Parag;Nedelišće;Međimurska županija;1389
Parg;Čabar;Primorsko-goranska županija;76
Paruževac;Dubrava;Zagrebačka županija;111
Paruževina;;Grad Zagreb;702
Parčić;Drniš;Šibensko-kninska županija;126
Parčić;Kistanje;Šibensko-kninska županija;2
Pasadur;Lastovo;Dubrovačko-neretvanska županija;88
Pasanska Gorica;Gornja Stubica;Krapinsko-zagorska županija;143
Pasikovci;Brestovac;Požeško-slavonska županija;21
Pasjak;Matulji;Primorsko-goranska županija;132
Patkovac;Bjelovar;Bjelovarsko-bilogorska županija;210
Pauci;Brod Moravice;Primorsko-goranska županija;0
Paukovac;Dvor;Sisačko-moslavačka županija;24
Paukovec;Sveti Ivan Zelina;Zagrebačka županija;324
Paulin Dvor;Šodolovci;Osječko-baranjska županija;71
Paulovac;Veliko Trojstvo;Bjelovarsko-bilogorska županija;92
Paunovac;Sokolovac;Koprivničko-križevačka županija;21
Paučje;Levanjska Varoš;Osječko-baranjska županija;40
Paušinci;Čačinci;Virovitičko-podravska županija;115
Pavićini;Marčana;Istarska županija;79
Pavičići;Netretić;Karlovačka županija;1
Pavković Selo;Krnjak;Karlovačka županija;54
Pavlin Kloštar;Kapela;Bjelovarsko-bilogorska županija;116
Pavličani;Čazma;Bjelovarsko-bilogorska županija;76
Pavlovac;Slunj;Karlovačka županija;19
Pavlovac;Veliki Grđevac;Bjelovarsko-bilogorska županija;427
Pavlovac Vrebački;Gospić;Ličko-senjska županija;38
Pavlovci;Brestovac;Požeško-slavonska županija;136
Pavlovci;Nova Kapela;Brodsko-posavska županija;23
Pavlovec Pregradski;Pregrada;Krapinsko-zagorska županija;209
Pavlovec Ravenski;Križevci;Koprivničko-križevačka županija;85
Pavlovec Zabočki;Zabok;Krapinsko-zagorska županija;576
Pavlovčani;Jastrebarsko;Zagrebačka županija;292
Pavučnjak;Samobor;Zagrebačka županija;518
Paz;Cerovlje;Istarska županija;62
Pazin;Pazin;Istarska županija;3981
Pačetin;Trpinja;Vukovarsko-srijemska županija;381
Pađene;Ervenik;Šibensko-kninska županija;101
Pašin Potok;Cetingrad;Karlovačka županija;160
Pašman;Pašman;Zadarska županija;346
Pašnik;Bednja;Varaždinska županija;44
Pažurovec;Budinščina;Krapinsko-zagorska županija;80
Pece;Budinščina;Krapinsko-zagorska županija;244
Pece;Ivanec;Varaždinska županija;79
Pecka;Topusko;Sisačko-moslavačka županija;9
Pecki;Petrinja;Sisačko-moslavačka županija;50
Pedalj;Dvor;Sisačko-moslavačka županija;27
Pehardovac;Dubrava;Zagrebačka županija;3
Peklenica;Mursko Središće;Međimurska županija;1072
Peničići;Buzet;Istarska županija;56
Pepelana;Suhopolje;Virovitičko-podravska županija;90
Peračko Blato;Ploče;Dubrovačko-neretvanska županija;280
Perci;Buzet;Istarska županija;43
Perci;Tar-Vabriga – Torre-Abrega;Istarska županija;124
Perenci;Brestovac;Požeško-slavonska županija;34
Peresiji;Svetvinčenat;Istarska županija;37
Perini;Sveti Lovreč;Istarska županija;45
Perići;Krnjak;Karlovačka županija;13
Perjasica;Barilović;Karlovačka županija;11
Perković;Šibenik;Šibensko-kninska županija;103
Permani;Matulji;Primorsko-goranska županija;104
Perna;Topusko;Sisačko-moslavačka županija;85
Pernat;Cres;Primorsko-goranska županija;2
Peroj;Vodnjan – Dignano;Istarska županija;900
Perušić;Perušić;Ličko-senjska županija;752
Perušić Benkovački;Benkovac;Zadarska županija;102
Perušić Donji;Benkovac;Zadarska županija;101
Peruški;Marčana;Istarska županija;215
Peršaves;Mače;Krapinsko-zagorska županija;289
Pesak;Jastrebarsko;Zagrebačka županija;5
Pesek;Križevci;Koprivničko-križevačka županija;248
Peskovec;Vrbovec;Zagrebačka županija;277
Petehi;Barban;Istarska županija;90
Peteranec;Peteranec;Koprivničko-križevačka županija;1240
Petina;Velika Gorica;Zagrebačka županija;193
Petkov Breg;Samobor;Zagrebačka županija;254
Petkovac;Petrinja;Sisačko-moslavačka županija;8
Petkovec Toplički;Varaždinske Toplice;Varaždinska županija;248
Petlovac;Petlovac;Osječko-baranjska županija;532
Petrakovo Brdo;Duga Resa;Karlovačka županija;108
Petravec;Velika Gorica;Zagrebačka županija;78
Petrača;Župa dubrovačka;Dubrovačko-neretvanska županija;953
Petrijanec;Petrijanec;Varaždinska županija;1349
Petrijevci;Petrijevci;Osječko-baranjska županija;1948
Petrinja;Petrinja;Sisačko-moslavačka županija;12963
Petrinjci;Sunja;Sisačko-moslavačka županija;137
Petričko Selo;Žumberak;Zagrebačka županija;13
Petrova Gora;Lobor;Krapinsko-zagorska županija;405
Petrova Poljana;Vojnić;Karlovačka županija;13
Petrova Slatina;Šodolovci;Osječko-baranjska županija;150
Petrovci;Bogdanovci;Vukovarsko-srijemska županija;643
Petrovec;Lekenik;Sisačko-moslavačka županija;356
Petrovija – Petrovia;Umag – Umago;Istarska županija;497
Petrovina;Jastrebarsko;Zagrebačka županija;208
Petrovina Turopoljska;Velika Gorica;Zagrebačka županija;765
Petrovići;Vrbovsko;Primorsko-goranska županija;13
Petrovo Selo;Dubrovnik;Dubrovačko-neretvanska županija;24
Petrovsko;Petrovsko;Krapinsko-zagorska županija;197
Petrunići;Generalski Stol;Karlovačka županija;21
Petruš Vrh;Ozalj;Karlovačka županija;5
Petruševec;Zlatar;Krapinsko-zagorska županija;114
Petrčane;Zadar;Zadarska županija;572
Pećane;Udbina;Ličko-senjska županija;21
Pećarići;Ozalj;Karlovačka županija;0
Pećišće;Skrad;Primorsko-goranska županija;0
Pećno;Krašić;Zagrebačka županija;3
Pećurkovo Brdo;Duga Resa;Karlovačka županija;107
Pešćenica;Lekenik;Sisačko-moslavačka županija;795
Pešćenica Vinička;Vinica;Varaždinska županija;108
Pešćeno;Konjščina;Krapinsko-zagorska županija;131
Peščenik;Sokolovac;Koprivničko-križevačka županija;72
Pifari;Žminj;Istarska županija;30
Pihovec;Jalžabet;Varaždinska županija;15
Pijavica;Senj;Ličko-senjska županija;23
Pijavičino;Orebić;Dubrovačko-neretvanska županija;94
Pila;Stubičke Toplice;Krapinsko-zagorska županija;166
Pilatovci;Ozalj;Karlovačka županija;19
Piljenice;Lipovljani;Sisačko-moslavačka županija;330
Pinezići;Krk;Primorsko-goranska županija;258
Pinezići;Marčana;Istarska županija;40
Pirakovec;Vrbovec;Zagrebačka županija;149
Piramatovci;Skradin;Šibensko-kninska županija;209
Pirelići – Perelici;Oprtalj – Portole;Istarska županija;47
Pirovac;Pirovac;Šibensko-kninska županija;1434
Pisak;Omiš;Splitsko-dalmatinska županija;150
Pisarovina;Pisarovina;Zagrebačka županija;436
Pitomača;Pitomača;Virovitičko-podravska županija;4845
Pitve;Jelsa;Splitsko-dalmatinska županija;90
Pivare;Stara Gradiška;Brodsko-posavska županija;20
Pivnica Slavonska;Suhopolje;Virovitičko-podravska županija;32
Pićan;Pićan;Istarska županija;304
Piškorevci;Đakovo;Osječko-baranjska županija;1434
Piškorovec;Mala Subotica;Međimurska županija;782
Piškovec;Sveti Petar Orehovec;Koprivničko-križevačka županija;28
Piškovica;Vižinada – Visinada;Istarska županija;0
Pišćanovec;Varaždinske Toplice;Varaždinska županija;53
Piščetke;Netretić;Karlovačka županija;11
Pižinovac;Slivno;Dubrovačko-neretvanska županija;1
Pješčana Uvala;Medulin;Istarska županija;565
Pješčanica;Gvozd;Sisačko-moslavačka županija;80
Plajzi;Delnice;Primorsko-goranska županija;0
Planica;Brod Moravice;Primorsko-goranska županija;1
Planina Donja;;Grad Zagreb;492
Planina Gornja;;Grad Zagreb;201
Planina Kunićka;Netretić;Karlovačka županija;1
Planina Skradska;Skrad;Primorsko-goranska županija;27
Plano;Trogir;Splitsko-dalmatinska županija;607
Plastovo;Skradin;Šibensko-kninska županija;167
Plat;Župa dubrovačka;Dubrovačko-neretvanska županija;313
Plavci;Žumberak;Zagrebačka županija;0
Plavić;Zagorska Sela;Krapinsko-zagorska županija;140
Plavno;Knin;Šibensko-kninska županija;121
Plavšinac;Novigrad Podravski;Koprivničko-križevačka županija;126
Plaški;Plaški;Karlovačka županija;1031
Plemenitaš;Vrbovsko;Primorsko-goranska županija;38
Plemenšćina;Klenovnik;Varaždinska županija;76
Plesmo;Novska;Sisačko-moslavačka županija;58
Pleternica;Pleternica;Požeško-slavonska županija;2895
Pleternički Mihaljevci;Pleternica;Požeško-slavonska županija;6
Pleš;Bednja;Varaždinska županija;240
Plešce;Čabar;Primorsko-goranska županija;147
Plešivica;Jastrebarsko;Zagrebačka županija;269
Plešivica;Selnica;Međimurska županija;83
Plešivica;Vrbovsko;Primorsko-goranska županija;8
Pleškovec;Sveti Juraj na Bregu;Međimurska županija;462
Plina Jezero;Ploče;Dubrovačko-neretvanska županija;32
Plisko Polje;Vis;Splitsko-dalmatinska županija;20
Plitvica Selo;Plitvička Jezera;Ličko-senjska županija;48
Plitvica Voćanska;Donja Voća;Varaždinska županija;61
Plitvička Jezera;Plitvička Jezera;Ličko-senjska županija;301
Plitvički Ljeskovac;Plitvička Jezera;Ličko-senjska županija;15
Plomin;Kršan;Istarska županija;96
Plomin Luka;Kršan;Istarska županija;143
Plosna;Bakar;Primorsko-goranska županija;46
Plovanija – Plovanìa;Buje – Buie;Istarska županija;247
Ploče;Ploče;Dubrovačko-neretvanska županija;4711
Pločice;Konavle;Dubrovačko-neretvanska županija;68
Ploštine;Pakrac;Požeško-slavonska županija;65
Pluska;Luka;Zagrebačka županija;191
Pobjenik;Čazma;Bjelovarsko-bilogorska županija;181
Pobrežje;Dubrovnik;Dubrovačko-neretvanska županija;169
Pobri;Opatija;Primorsko-goranska županija;1096
Pobrđani;Sunja;Sisačko-moslavačka županija;12
Pobrđani;Čazma;Bjelovarsko-bilogorska županija;33
Pobrđani Vojakovački;Križevci;Koprivničko-križevačka županija;25
Podaca;Gradac;Splitsko-dalmatinska županija;421
Podastrana;Gospić;Ličko-senjska županija;46
Podašpilje;Omiš;Splitsko-dalmatinska županija;20
Podbablje Gornje;Podbablje;Splitsko-dalmatinska županija;459
Podbilo;Senj;Ličko-senjska županija;20
Podbrest;Orehovica;Međimurska županija;554
Podbrezovica;Đurmanec;Krapinsko-zagorska županija;251
Podbrežje;Ozalj;Karlovačka županija;258
Podbrđe;Popovača;Sisačko-moslavačka županija;132
Podcetin;Cetingrad;Karlovačka županija;29
Podcrkavlje;Podcrkavlje;Brodsko-posavska županija;375
Podevčevo;Novi Marof;Varaždinska županija;684
Podgaj Petrovski;Petrovsko;Krapinsko-zagorska županija;223
Podgajci Podravski;Donji Miholjac;Osječko-baranjska županija;543
Podgajec;Križevci;Koprivničko-križevačka županija;184
Podgarić;Berek;Bjelovarsko-bilogorska županija;26
Podgaće;Lanišće;Istarska županija;44
Podglavica;Rogoznica;Šibensko-kninska županija;252
Podgora;Dubrovačko primorje;Dubrovačko-neretvanska županija;13
Podgora;Kumrovec;Krapinsko-zagorska županija;34
Podgora;Podgora;Splitsko-dalmatinska županija;1181
Podgora Krapinska;Krapina;Krapinsko-zagorska županija;543
Podgora Turkovska;Delnice;Primorsko-goranska županija;3
Podgorani;Brod Moravice;Primorsko-goranska županija;0
Podgorač;Podgorač;Osječko-baranjska županija;783
Podgorci;Rovišće;Bjelovarsko-bilogorska županija;367
Podgorje;Gvozd;Sisačko-moslavačka županija;130
Podgorje;Kaptol;Požeško-slavonska županija;212
Podgorje;Orebić;Dubrovačko-neretvanska županija;150
Podgorje;Virovitica;Virovitičko-podravska županija;737
Podgorje Bednjansko;Bednja;Varaždinska županija;22
Podgorje Bistričko;Marija Bistrica;Krapinsko-zagorska županija;849
Podgorje Bračevačko;Drenje;Osječko-baranjska županija;48
Podgorje Jamničko;Pisarovina;Zagrebačka županija;19
Podgorje Krnjačko;Krnjak;Karlovačka županija;47
Podgradina;Posedarje;Zadarska županija;631
Podgradina;Slivno;Dubrovačko-neretvanska županija;194
Podgraj;Ozalj;Karlovačka županija;135
Podgrađe;Benkovac;Zadarska županija;83
Podgrađe;Marija Bistrica;Krapinsko-zagorska županija;302
Podgrađe;Nijemci;Vukovarsko-srijemska županija;269
Podgrađe;Omiš;Splitsko-dalmatinska županija;289
Podgrađe Podokićko;Samobor;Zagrebačka županija;137
Podhum;Jelenje;Primorsko-goranska županija;1356
Podhume;Milna;Splitsko-dalmatinska županija;0
Podhumlje;Komiža;Splitsko-dalmatinska županija;44
Podi;Trilj;Splitsko-dalmatinska županija;4
Podimoć;Dubrovačko primorje;Dubrovačko-neretvanska županija;17
Podine;Šibenik;Šibensko-kninska županija;20
Podjales;Gradec;Zagrebačka županija;148
Podkilavac;Jelenje;Primorsko-goranska županija;328
Podlapača;Udbina;Ličko-senjska županija;55
Podlug;Benkovac;Zadarska županija;137
Podlužan;Dubrava;Zagrebačka županija;145
Podmelnica;Slunj;Karlovačka županija;155
Podmelnik;Novi Vinodolski;Primorsko-goranska županija;0
Podobuče;Orebić;Dubrovačko-neretvanska županija;37
Podolec;Vrbovec;Zagrebačka županija;70
Podolje;Draž;Osječko-baranjska županija;88
Podorljak;Rogoznica;Šibensko-kninska županija;125
Podosoje;Runovići;Splitsko-dalmatinska županija;25
Podosoje;Vrlika;Splitsko-dalmatinska županija;208
Podoštra;Gospić;Ličko-senjska županija;160
Podprolog;Vrgorac;Splitsko-dalmatinska županija;331
Podravlje;Osijek;Osječko-baranjska županija;348
Podravska Moslavina;Podravska Moslavina;Osječko-baranjska županija;655
Podravske Sesvete;Podravske Sesvete;Koprivničko-križevačka županija;1446
Podrebar;Bosiljevo;Karlovačka županija;13
Podrinje;Markušica;Vukovarsko-srijemska županija;143
Podrujnica;Kula Norinska;Dubrovačko-neretvanska županija;109
Podrute;Novi Marof;Varaždinska županija;281
Podrvanj;Čavle;Primorsko-goranska županija;415
Podsedlo;Vojnić;Karlovačka županija;36
Podselje;Vis;Splitsko-dalmatinska županija;35
Podslemeni Lazi;Skrad;Primorsko-goranska županija;0
Podsreće;Brestovac;Požeško-slavonska županija;20
Podstena;Skrad;Primorsko-goranska županija;11
Podstene;Brod Moravice;Primorsko-goranska županija;11
Podstene;Čabar;Primorsko-goranska županija;13
Podstrana – Grbavac;Podstrana;Splitsko-dalmatinska županija;807
Podstrana – Grljevac;Podstrana;Splitsko-dalmatinska županija;1523
Podstrana – Miljevac;Podstrana;Splitsko-dalmatinska županija;1092
Podstrana – Mutogras;Podstrana;Splitsko-dalmatinska županija;394
Podstrana – Sita;Podstrana;Splitsko-dalmatinska županija;2130
Podstrana – Strožanac Donji;Podstrana;Splitsko-dalmatinska županija;1687
Podstrana – Strožanac Gornji;Podstrana;Splitsko-dalmatinska županija;629
Podstrana – Sv. Martin;Podstrana;Splitsko-dalmatinska županija;991
Podstrana – Žminjača;Podstrana;Splitsko-dalmatinska županija;1021
Podstražje;Vis;Splitsko-dalmatinska županija;60
Podturen;Podturen;Međimurska županija;1323
Podum;Otočac;Ličko-senjska županija;128
Podumci;Unešić;Šibensko-kninska županija;68
Podumol;Bosiljevo;Karlovačka županija;24
Podunavlje;Bilje;Osječko-baranjska županija;1
Poduzetnička Zona Jalžabet;Jalžabet;Varaždinska županija;0
Podvinje;Slavonski Brod;Brodsko-posavska županija;3057
Podvinje Miholečko;Sveti Petar Orehovec;Koprivničko-križevačka županija;45
Podvorec;Breznica;Varaždinska županija;141
Podvornica;Kravarsko;Zagrebačka županija;117
Podvožić;Barilović;Karlovačka županija;289
Podvrh;Samobor;Zagrebačka županija;537
Podvrško;Cernik;Brodsko-posavska županija;230
Podvučnik;Vrbovsko;Primorsko-goranska županija;0
Podčudnič;Čavle;Primorsko-goranska županija;468
Podšpilje;Komiža;Splitsko-dalmatinska županija;10
Pofuki;Gornja Rijeka;Koprivničko-križevačka županija;190
Poganovci;Podgorač;Osječko-baranjska županija;167
Pogančec;Preseka;Zagrebačka županija;79
Pojatno;Zaprešić;Zagrebačka županija;1154
Pokasin;Gradec;Zagrebačka županija;52
Poklek;Samobor;Zagrebačka županija;22
Pokojec;Budinščina;Krapinsko-zagorska županija;4
Pokrovnik;Drniš;Šibensko-kninska županija;190
Pokupsko;Pokupsko;Zagrebačka županija;186
Pokupsko Vratečko;Lekenik;Sisačko-moslavačka županija;25
Polača;Knin;Šibensko-kninska županija;151
Polača;Polača;Zadarska županija;993
Polače;Mljet;Dubrovačko-neretvanska županija;111
Police;Klanjec;Krapinsko-zagorska županija;192
Police Pirišće;Ozalj;Karlovačka županija;74
Poličnik;Poličnik;Zadarska županija;1023
Poljana;Lipik;Požeško-slavonska županija;425
Poljana;Preko;Zadarska županija;321
Poljana;Vrbovec;Zagrebačka županija;318
Poljana;Vrbovsko;Primorsko-goranska županija;6
Poljana Biškupečka;Varaždin;Varaždinska županija;421
Poljana Križevačka;Križevci;Koprivničko-križevačka županija;302
Poljana Lekenička;Lekenik;Sisačko-moslavačka županija;248
Poljana Sutlanska;Zagorska Sela;Krapinsko-zagorska županija;96
Poljana Vojnićka;Krnjak;Karlovačka županija;14
Poljana Čička;Velika Gorica;Zagrebačka županija;623
Poljanak;Plitvička Jezera;Ličko-senjska županija;81
Poljanci;Oprisavci;Brodsko-posavska županija;210
Poljane;Dragalić;Brodsko-posavska županija;65
Poljane;Opatija;Primorsko-goranska županija;547
Poljanec;Ludbreg;Varaždinska županija;603
Poljani;Grubišno Polje;Bjelovarsko-bilogorska županija;211
Poljanica Bistranska;Bistra;Zagrebačka županija;1254
Poljanica Bistrička;Marija Bistrica;Krapinsko-zagorska županija;292
Poljanica Okićka;Klinča Sela;Zagrebačka županija;5
Poljanska;Velika;Požeško-slavonska županija;77
Poljanski Lug;Vrbovec;Zagrebačka županija;317
Poljančani;Kapela;Bjelovarsko-bilogorska županija;46
Polje;Dobrinj;Primorsko-goranska županija;285
Polje;Raša;Istarska županija;19
Polje;Slunj;Karlovačka županija;28
Polje Krapinsko;Krapina;Krapinsko-zagorska županija;613
Polje Ozaljsko;Ozalj;Karlovačka županija;221
Polje Čepić;Kršan;Istarska županija;126
Poljica;Jelsa;Splitsko-dalmatinska županija;53
Poljica;Krk;Primorsko-goranska županija;83
Poljica;Marina;Splitsko-dalmatinska županija;716
Poljica;Podbablje;Splitsko-dalmatinska županija;708
Poljica;Vrsi;Zadarska županija;432
Poljica Kozička;Vrgorac;Splitsko-dalmatinska županija;103
Poljica-Brig;Nin;Zadarska županija;304
Poljice;Konavle;Dubrovačko-neretvanska županija;55
Poljice;Udbina;Ličko-senjska županija;9
Pologi;Dubravica;Zagrebačka županija;71
Poloje;Pleternica;Požeško-slavonska županija;66
Polojski Varoš;Cetingrad;Karlovačka županija;34
Polonje;Sveti Ivan Zelina;Zagrebačka županija;312
Polonje Tomaševečko;Sveti Ivan Zelina;Zagrebačka županija;50
Polubaše;Našice;Osječko-baranjska županija;13
Polum;Velika Pisanica;Bjelovarsko-bilogorska županija;35
Pomena;Mljet;Dubrovačko-neretvanska županija;62
Pomer;Medulin;Istarska županija;491
Pomperovec;Budinščina;Krapinsko-zagorska županija;46
Ponikvari;Topusko;Sisačko-moslavačka županija;229
Ponikve;Bakar;Primorsko-goranska županija;44
Ponikve;Ogulin;Karlovačka županija;58
Ponor;Cetingrad;Karlovačka županija;63
Ponor Korenički;Plitvička Jezera;Ličko-senjska županija;1
Ponorac;Krnjak;Karlovačka županija;16
Ponorac Perjasički;Barilović;Karlovačka županija;4
Ponori;Otočac;Ličko-senjska županija;42
Popova Luka;Janjina;Dubrovačko-neretvanska županija;20
Popovac;Novska;Sisačko-moslavačka županija;6
Popovac;Popovac;Osječko-baranjska županija;738
Popovac;Voćin;Virovitičko-podravska županija;0
Popovača;Popovača;Sisačko-moslavačka županija;3633
Popovača Pazariška;Gospić;Ličko-senjska županija;77
Popovci;Pakrac;Požeško-slavonska županija;3
Popovec;;Grad Zagreb;954
Popovec Kalnički;Kalnik;Koprivničko-križevačka županija;96
Popović Brdo;Karlovac;Karlovačka županija;200
Popovići;Benkovac;Zadarska županija;183
Popovići;Konavle;Dubrovačko-neretvanska županija;221
Popovići Žumberački;Ozalj;Karlovačka županija;0
Popovo Selo;Ogulin;Karlovačka županija;43
Porat;Malinska-Dubašnica;Primorsko-goranska županija;181
Poredje;Hum na Sutli;Krapinsko-zagorska županija;207
Poreč;Kutjevo;Požeško-slavonska županija;72
Poreč – Parenzo;Poreč – Parenzo;Istarska županija;8841
Porozina;Cres;Primorsko-goranska županija;28
Posavski Bregi;Ivanić-Grad;Zagrebačka županija;697
Posavski Podgajci;Drenovci;Vukovarsko-srijemska županija;883
Posedarje;Posedarje;Zadarska županija;1286
Postira;Postira;Splitsko-dalmatinska županija;1431
Postranje;Proložac;Splitsko-dalmatinska županija;1079
Pothum Plaščanski;Plaški;Karlovačka županija;46
Potirna;Blato;Dubrovačko-neretvanska županija;48
Potkonje;Knin;Šibensko-kninska županija;66
Potnjani;Drenje;Osječko-baranjska županija;396
Potok;Berek;Bjelovarsko-bilogorska županija;48
Potok;Popovača;Sisačko-moslavačka županija;671
Potok Bosiljevski;Bosiljevo;Karlovačka županija;0
Potok Kalnički;Kalnik;Koprivničko-križevačka županija;154
Potok Musulinski;Ogulin;Karlovačka županija;84
Potok Tounjski;Tounj;Karlovačka županija;83
Potomje;Orebić;Dubrovačko-neretvanska županija;209
Potočani;Velika;Požeško-slavonska županija;159
Potočani;Đulovac;Bjelovarsko-bilogorska županija;30
Potočec;Gradec;Zagrebačka županija;72
Potočnica;Novalja;Ličko-senjska županija;8
Potpićan;Kršan;Istarska županija;449
Potplaninsko;Barilović;Karlovačka županija;0
Potravlje;Hrvace;Splitsko-dalmatinska županija;527
Povelić;Križevci;Koprivničko-križevačka županija;63
Povile;Novi Vinodolski;Primorsko-goranska županija;220
Povlja;Selca;Splitsko-dalmatinska županija;335
Povljana;Povljana;Zadarska županija;669
Pozla Gora;Pojezerje;Dubrovačko-neretvanska županija;46
Poznanovec;Bedekovčina;Krapinsko-zagorska županija;887
Pozorac;Marina;Splitsko-dalmatinska županija;141
Počekaji;Buzet;Istarska županija;40
Počitelj;Gospić;Ličko-senjska županija;2
Požar;Delnice;Primorsko-goranska županija;4
Požarkovec;Veliko Trgovišće;Krapinsko-zagorska županija;114
Požarnica;Čabar;Primorsko-goranska županija;0
Požega;Požega;Požeško-slavonska županija;16867
Požeška Koprivnica;Pleternica;Požeško-slavonska županija;199
Požeški Brđani;Brestovac;Požeško-slavonska županija;42
Požun;Ozalj;Karlovačka županija;34
Prapatnica;Seget;Splitsko-dalmatinska županija;164
Prapatnice;Vrgorac;Splitsko-dalmatinska županija;148
Praporčan;Selnica;Međimurska županija;189
Prapoće;Lanišće;Istarska županija;31
Praputnjak;Bakar;Primorsko-goranska županija;532
Pravutina;Žakanje;Karlovačka županija;208
Pračana;Buzet;Istarska županija;97
Prašćari;Višnjan – Visignano;Istarska županija;10
Praščevac;Farkaševac;Zagrebačka županija;95
Pražnica;Pučišća;Splitsko-dalmatinska županija;309
Prebukovje;Bednja;Varaždinska županija;86
Predavac;Rovišće;Bjelovarsko-bilogorska županija;1144
Predavec;Kloštar Ivanić;Zagrebačka županija;223
Predavec Križevački;Sveti Ivan Žabno;Koprivničko-križevačka županija;96
Predošćica;Cres;Primorsko-goranska županija;1
Pregrada;Pregrada;Krapinsko-zagorska županija;1870
Prekno;Vidovec;Varaždinska županija;160
Preko;Preko;Zadarska županija;1250
Prekobrdo;Rovišće;Bjelovarsko-bilogorska županija;93
Prekopa;Glina;Sisačko-moslavačka županija;125
Prekopa;Štrigova;Međimurska županija;224
Prekopakra;Pakrac;Požeško-slavonska županija;969
Prekoračani;Čačinci;Virovitičko-podravska županija;0
Prekrižje Plešivičko;Samobor;Zagrebačka županija;16
Prekvršje;;Grad Zagreb;874
Prelog;Prelog;Međimurska županija;4042
Prelošćica;Sisak;Sisačko-moslavačka županija;474
Premantura;Medulin;Istarska županija;819
Premuda;Zadar;Zadarska županija;65
Prepolno;Sveti Ivan Zelina;Zagrebačka županija;50
Prepuštovec;;Grad Zagreb;284
Prepuštovec;Budinščina;Krapinsko-zagorska županija;65
Prerovec;Ivanić-Grad;Zagrebačka županija;105
Preseka;Gornji Mihaljevec;Međimurska županija;63
Preseka;Preseka;Zagrebačka županija;83
Preseka Oborovska;Rugvica;Zagrebačka županija;115
Preseka Ozaljska;Kamanje;Karlovačka županija;5
Preseka Petrovska;Petrovsko;Krapinsko-zagorska županija;261
Presečno;Novi Marof;Varaždinska županija;793
Presečno Visočko;Visoko;Varaždinska županija;155
Presika;Labin;Istarska županija;561
Presika;Vrbovsko;Primorsko-goranska županija;12
Preslatinci;Drenje;Osječko-baranjska županija;136
Prespa;Bjelovar;Bjelovarsko-bilogorska županija;492
Pretetinec;Nedelišće;Međimurska županija;549
Pretkovec;Krapina;Krapinsko-zagorska županija;52
Pretoki;Sveti Ivan Zelina;Zagrebačka županija;277
Previž;Cerovlje;Istarska županija;77
Prevlaka;Rugvica;Zagrebačka županija;82
Prevršac;Donji Kukuruzari;Sisačko-moslavačka županija;82
Prezid;Čabar;Primorsko-goranska županija;648
Prečec;Brckovljani;Zagrebačka županija;169
Prečno;Ivanić-Grad;Zagrebačka županija;64
Prgomelje;Bjelovar;Bjelovarsko-bilogorska županija;599
Prgomelje;Pakrac;Požeško-slavonska županija;0
Prgomet;Prgomet;Splitsko-dalmatinska županija;87
Prhati;Barban;Istarska županija;135
Prhati;Višnjan – Visignano;Istarska županija;59
Prhci;Čabar;Primorsko-goranska županija;8
Prhovec;Gornji Mihaljevec;Međimurska županija;112
Prhoć;Jastrebarsko;Zagrebačka županija;256
Prhutova Draga;Čabar;Primorsko-goranska županija;1
Pribanjci;Bosiljevo;Karlovačka županija;98
Pribislavec;Pribislavec;Međimurska županija;2963
Pribić;Krašić;Zagrebačka županija;193
Pribić Crkveni;Krašić;Zagrebačka županija;150
Pribiševci;Đurđenovac;Osječko-baranjska županija;320
Pribude;Muć;Splitsko-dalmatinska županija;56
Pribudić;Gračac;Zadarska županija;2
Pridraga;Novigrad;Zadarska županija;1346
Pridvorje;Drenje;Osječko-baranjska županija;161
Pridvorje;Konavle;Dubrovačko-neretvanska županija;222
Prigorec;Ivanec;Varaždinska županija;465
Prigorje;Đurmanec;Krapinsko-zagorska županija;284
Prigorje Brdovečko;Brdovec;Zagrebačka županija;1340
Prijeboj;Plitvička Jezera;Ličko-senjska županija;5
Prijeka;Glina;Sisačko-moslavačka županija;30
Prijevor;Dubrovnik;Dubrovačko-neretvanska županija;460
Prikraj;Brckovljani;Zagrebačka županija;512
Prikraj Križevački;Križevci;Koprivničko-križevačka županija;181
Priles;Sveti Đurđ;Varaždinska županija;210
Prilesje;Vrbovec;Zagrebačka županija;149
Prilipje;Jastrebarsko;Zagrebačka županija;182
Primorski Dolac;Primorski Dolac;Splitsko-dalmatinska županija;686
Primošten;Primošten;Šibensko-kninska županija;1555
Primošten Burnji;Primošten;Šibensko-kninska županija;687
Priselci;Karlovac;Karlovačka županija;95
Prisjeka;Vojnić;Karlovačka županija;11
Pristava;Tuhelj;Krapinsko-zagorska županija;230
Pristava Krapinska;Krapina;Krapinsko-zagorska županija;213
Pristeg;Benkovac;Zadarska županija;266
Privlaka;Privlaka;Vukovarsko-srijemska županija;2192
Privlaka;Privlaka;Zadarska županija;2128
Prizna;Senj;Ličko-senjska županija;27
Pričac;Oriovac;Brodsko-posavska županija;90
Prišlin;Hum na Sutli;Krapinsko-zagorska županija;387
Prkačini;Žminj;Istarska županija;37
Prkos;Rasinja;Koprivničko-križevačka županija;42
Prkos;Škabrnja;Zadarska županija;341
Prkos Lasinjski;Lasinja;Karlovačka županija;48
Prkovci;Ivankovo;Vukovarsko-srijemska županija;456
Prkovići;Višnjan – Visignano;Istarska županija;0
Prljevo;Gračac;Zadarska županija;4
Prnjarovac;Čazma;Bjelovarsko-bilogorska županija;112
Prnjavor;Kapela;Bjelovarsko-bilogorska županija;22
Prnjavor;Oprisavci;Brodsko-posavska županija;182
Prnjavor Lepavinski;Sokolovac;Koprivničko-križevačka županija;49
Prnjavor Čuntićki;Petrinja;Sisačko-moslavačka županija;48
Prodani;Buzet;Istarska županija;77
Prodin Dol;Jastrebarsko;Zagrebačka županija;85
Prodol;Marčana;Istarska županija;86
Prokike;Brinje;Ličko-senjska županija;63
Prokljuvani;Bjelovar;Bjelovarsko-bilogorska županija;217
Prokljuvani;Čazma;Bjelovarsko-bilogorska županija;41
Promajna;Baška Voda;Splitsko-dalmatinska županija;378
Prosenik;Tuhelj;Krapinsko-zagorska županija;191
Prosenik Gubaševski;Zabok;Krapinsko-zagorska županija;160
Prosenik Začretski;Zabok;Krapinsko-zagorska županija;130
Prosinec;Dubravica;Zagrebačka županija;85
Protulipa;Generalski Stol;Karlovačka županija;31
Prović;Benkovac;Zadarska županija;65
Prozor;Otočac;Ličko-senjska županija;830
Prozorje;Dugo Selo;Zagrebačka županija;433
Prožura;Mljet;Dubrovačko-neretvanska županija;26
Prožurska Luka;Mljet;Dubrovačko-neretvanska županija;48
Prud;Metković;Dubrovačko-neretvanska županija;448
Prudnice;Brdovec;Zagrebačka županija;655
Prugovac;Kloštar Podravski;Koprivničko-križevačka županija;586
Prugovo;Klis;Splitsko-dalmatinska županija;571
Prvan Selo;Perušić;Ličko-senjska županija;70
Prvinci;Krašić;Zagrebačka županija;5
Prvić Luka;Vodice;Šibensko-kninska županija;148
Prvić Šepurine;Vodice;Šibensko-kninska županija;252
Prvonožina;Velika Gorica;Zagrebačka županija;28
Prvča;Nova Gradiška;Brodsko-posavska županija;550
Pršleti;Čabar;Primorsko-goranska županija;0
Pršurići;Višnjan – Visignano;Istarska županija;45
Pržinovac;Opuzen;Dubrovačko-neretvanska županija;13
Pucak;Skrad;Primorsko-goranska županija;1
Pucići;Žminj;Istarska županija;28
Puhovo;Dugo Selo;Zagrebačka županija;667
Puklica;Đulovac;Bjelovarsko-bilogorska županija;102
Pula;Pula – Pola;Istarska županija;52220
Puljane;Promina;Šibensko-kninska županija;38
Punat;Punat;Primorsko-goranska županija;1784
Punikve;Ivanec;Varaždinska županija;418
Punitovci;Punitovci;Osječko-baranjska županija;566
Punta Križa;Mali Lošinj;Primorsko-goranska županija;46
Puntera;Barban;Istarska županija;67
Pupelica;Šandrovac;Bjelovarsko-bilogorska županija;118
Pupnat;Korčula;Dubrovačko-neretvanska županija;381
Purga Bednjanska;Bednja;Varaždinska županija;104
Purgarija Čepić;Kršan;Istarska županija;225
Puričani;Bjelovar;Bjelovarsko-bilogorska županija;151
Puska;Jasenovac;Sisačko-moslavačka županija;251
Pustakovec;Koprivnički Ivanec;Koprivničko-križevačka županija;116
Pusti;Svetvinčenat;Istarska županija;40
Pustike;Kravarsko;Zagrebačka županija;164
Pustodol;Donja Stubica;Krapinsko-zagorska županija;811
Pustodol Orehovički;Bedekovčina;Krapinsko-zagorska županija;272
Pustodol Začretski;Sveti Križ Začretje;Krapinsko-zagorska županija;193
Putini;Kanfanar;Istarska županija;85
Putičanje;Pirovac;Šibensko-kninska županija;68
Putišići;Omiš;Splitsko-dalmatinska županija;37
Putkovec;Đurmanec;Krapinsko-zagorska županija;208
Putniković;Ston;Dubrovačko-neretvanska županija;90
Pučišća;Pučišća;Splitsko-dalmatinska županija;1341
Pušava;Kraljevec na Sutli;Krapinsko-zagorska županija;28
Pušina;Čačinci;Virovitičko-podravska županija;8
Puškarići;Ogulin;Karlovačka županija;433
Pušća;Zagorska Sela;Krapinsko-zagorska županija;51
Pušćine;Nedelišće;Međimurska županija;1089
Pčelić;Suhopolje;Virovitičko-podravska županija;283
Rab;Rab;Primorsko-goranska županija;364
Raba;Slivno;Dubrovačko-neretvanska županija;8
Rabac;Labin;Istarska županija;1257
Rabinja;Slunj;Karlovačka županija;0
Radakovo;Kraljevec na Sutli;Krapinsko-zagorska županija;455
Radatovići;Ozalj;Karlovačka županija;15
Radašinovci;Benkovac;Zadarska županija;197
Radeljevo Selo;Rasinja;Koprivničko-križevačka županija;79
Radetići;Tinjan;Istarska županija;226
Radešić;Breznički Hum;Varaždinska županija;155
Radigojna;Vrbovsko;Primorsko-goranska županija;11
Radikovci;Donji Miholjac;Osječko-baranjska županija;246
Radina Gorica;Krašić;Zagrebačka županija;11
Radina Vas;Ozalj;Karlovačka županija;4
Radini – Radini;Brtonigla – Verteneglio;Istarska županija;121
Radinovo Brdo;Žumberak;Zagrebačka županija;4
Radići;Malinska-Dubašnica;Primorsko-goranska županija;207
Radići;Sveti Lovreč;Istarska županija;13
Radljevac;Knin;Šibensko-kninska županija;36
Radmani;Poreč – Parenzo;Istarska županija;256
Radmanovac;Vojnić;Karlovačka županija;13
Radnovac;Jakšić;Požeško-slavonska županija;159
Radoboj;Radoboj;Krapinsko-zagorska županija;1131
Radoišće;Sveti Ivan Zelina;Zagrebačka županija;178
Radonić;Drniš;Šibensko-kninska županija;327
Radonić;Šibenik;Šibensko-kninska županija;93
Radonja;Vojnić;Karlovačka županija;79
Radonja Luka;Sunja;Sisačko-moslavačka županija;30
Radosavci;Slatina;Virovitičko-podravska županija;86
Radovan;Ivanec;Varaždinska županija;328
Radovanci;Velika;Požeško-slavonska županija;409
Radovani;Višnjan – Visignano;Istarska županija;32
Radovanje;Oriovac;Brodsko-posavska županija;231
Radovec;Cestica;Varaždinska županija;350
Radovec Polje;Cestica;Varaždinska županija;145
Radovin;Ražanac;Zadarska županija;527
Radovčići;Konavle;Dubrovačko-neretvanska županija;187
Radočaj;Vrbovsko;Primorsko-goranska županija;0
Radočaj Brodski;Delnice;Primorsko-goranska županija;5
Radočaji;Generalski Stol;Karlovačka županija;58
Radoševići;Vrbovsko;Primorsko-goranska županija;18
Radoši kod Višnjana;Višnjan – Visignano;Istarska županija;48
Radoši kod Žbandaja;Poreč – Parenzo;Istarska županija;174
Radošić;Lećevica;Splitsko-dalmatinska županija;155
Radošić;Sinj;Splitsko-dalmatinska županija;681
Radulec;Dubrava;Zagrebačka županija;86
Radunić;Muć;Splitsko-dalmatinska županija;73
Raduč;Lovinac;Ličko-senjska županija;40
Radučić;Ervenik;Šibensko-kninska županija;196
Rafaeli;Višnjan – Visignano;Istarska županija;9
Rajakovići;Ozalj;Karlovačka županija;0
Rajevo Selo;Drenovci;Vukovarsko-srijemska županija;658
Rajino Polje;Čačinci;Virovitičko-podravska županija;21
Rajić;Bjelovar;Bjelovarsko-bilogorska županija;178
Rajić;Novska;Sisačko-moslavačka županija;752
Rajić Brdo;Vojnić;Karlovačka županija;14
Rajki;Barban;Istarska županija;6
Rajki;Sveti Lovreč;Istarska županija;27
Rajsavac;Jakšić;Požeško-slavonska županija;272
Rajčići;Novska;Sisačko-moslavačka županija;2
Rakalj;Marčana;Istarska županija;393
Rakitje;Sveta Nedelja;Zagrebačka županija;2239
Rakitnica;Virje;Koprivničko-križevačka županija;107
Rakitovec;Velika Gorica;Zagrebačka županija;558
Rakitovica;Donji Miholjac;Osječko-baranjska županija;718
Rakotule;Karojba;Istarska županija;187
Rakov Potok;Samobor;Zagrebačka županija;1089
Rakovci – Racovaz;Poreč – Parenzo;Istarska županija;16
Rakovec;Ljubešćica;Varaždinska županija;87
Rakovec;Rakovec;Zagrebačka županija;226
Rakovec Tomaševečki;Klanjec;Krapinsko-zagorska županija;109
Rakovica;Rakovica;Karlovačka županija;247
Rakovičko Selište;Rakovica;Karlovačka županija;88
Ramanovci;Kaptol;Požeško-slavonska županija;164
Ramljane;Biskupija;Šibensko-kninska županija;117
Ramljane;Muć;Splitsko-dalmatinska županija;130
Ramljani;Otočac;Ličko-senjska županija;69
Rapain Klanac;Brinje;Ličko-senjska županija;6
Rapavel;Višnjan – Visignano;Istarska županija;89
Raponji;Svetvinčenat;Istarska županija;61
Rasinja;Rasinja;Koprivničko-križevačka županija;730
Raskrižje;Skrad;Primorsko-goranska županija;0
Raskrižje Tihovo;Delnice;Primorsko-goranska županija;3
Raslina;Šibenik;Šibensko-kninska županija;553
Rasna;Brestovac;Požeško-slavonska županija;7
Rasohe;Skrad;Primorsko-goranska županija;0
Rasopasno;Dobrinj;Primorsko-goranska županija;125
Rastičevo;Gračac;Zadarska županija;2
Rastoka;Gospić;Ličko-senjska županija;29
Rastoke;Slunj;Karlovačka županija;46
Rastoki;Jastrebarsko;Zagrebačka županija;100
Rastovac;Grubišno Polje;Bjelovarsko-bilogorska županija;27
Rastovac;Ivanska;Bjelovarsko-bilogorska županija;30
Rastovac;Marina;Splitsko-dalmatinska županija;87
Rastovac;Zagvozd;Splitsko-dalmatinska županija;146
Rastovac Budački;Krnjak;Karlovačka županija;12
Rastovača;Plitvička Jezera;Ličko-senjska županija;78
Rastušje;Podcrkavlje;Brodsko-posavska županija;237
Ratkov Dol;Levanjska Varoš;Osječko-baranjska županija;19
Ratkovac;Gornji Bogićevci;Brodsko-posavska županija;146
Ratkovec;Zlatar;Krapinsko-zagorska županija;98
Ratkovica;Pleternica;Požeško-slavonska županija;156
Ratulje;Jelenje;Primorsko-goranska županija;84
Rausovac;Hrvatska Kostajnica;Sisačko-moslavačka županija;17
Rava;Zadar;Zadarska županija;67
Ravan;Sibinj;Brodsko-posavska županija;102
Ravna Gora;Ravna Gora;Primorsko-goranska županija;1477
Ravneš;Šandrovac;Bjelovarsko-bilogorska županija;90
Ravni;Raša;Istarska županija;64
Ravni Dabar;Karlobag;Ličko-senjska županija;0
Ravnica;Ribnik;Karlovačka županija;8
Ravnice;Veliko Trgovišće;Krapinsko-zagorska županija;302
Ravnice;Čabar;Primorsko-goranska županija;27
Ravnice Desinićke;Desinić;Krapinsko-zagorska županija;151
Ravninsko;Đurmanec;Krapinsko-zagorska županija;353
Ravno Brezje;Kumrovec;Krapinsko-zagorska županija;202
Ravno Rašće;Glina;Sisačko-moslavačka županija;69
Ravča;Vrgorac;Splitsko-dalmatinska županija;123
Razbojište;Podgorač;Osječko-baranjska županija;258
Razdrto;Brod Moravice;Primorsko-goranska županija;1
Razdrto Tuheljsko;Kumrovec;Krapinsko-zagorska županija;74
Razljev;Križ;Zagrebačka županija;100
Razloge;Delnice;Primorsko-goranska županija;5
Razloški Okrug;Delnice;Primorsko-goranska županija;2
Razvor;Kumrovec;Krapinsko-zagorska županija;186
Razvođe;Promina;Šibensko-kninska županija;137
Račak;Netretić;Karlovačka županija;0
Račice;Buzet;Istarska županija;43
Račinovci;Drenovci;Vukovarsko-srijemska županija;517
Račički Brijeg;Buzet;Istarska županija;67
Račišće;Korčula;Dubrovačko-neretvanska županija;379
Račja Vas;Lanišće;Istarska županija;21
Rađenovci;Novska;Sisačko-moslavačka županija;2
Raša;Raša;Istarska županija;1184
Rašpor;Lanišće;Istarska županija;2
Raštević;Benkovac;Zadarska županija;409
Rašćane;Vrgorac;Splitsko-dalmatinska županija;107
Rašćane Gornje;Zagvozd;Splitsko-dalmatinska županija;23
Rašćani;Sveti Ivan Žabno;Koprivničko-križevačka županija;97
Ražanac;Ražanac;Zadarska županija;883
Ražanj;Rogoznica;Šibensko-kninska županija;131
Rebić;Udbina;Ličko-senjska županija;11
Rebići;Barban;Istarska županija;118
Rebrovići;Tounj;Karlovačka županija;179
Redovje;Jastrebarsko;Zagrebačka županija;26
Reka;Koprivnica;Koprivničko-križevačka županija;1317
Remetinec;Gradec;Zagrebačka županija;46
Remetinec;Novi Marof;Varaždinska županija;1351
Removac;Đulovac;Bjelovarsko-bilogorska županija;9
Rendulići;Bosiljevo;Karlovačka županija;10
Repaš;Molve;Koprivničko-križevačka županija;354
Repinec;Gradec;Zagrebačka županija;224
Repićevo Selo;Gornja Stubica;Krapinsko-zagorska županija;26
Repišće;Klinča Sela;Zagrebačka županija;351
Repno;Zlatar;Krapinsko-zagorska županija;190
Repovec;Zabok;Krapinsko-zagorska županija;293
Repušnica;Kutina;Sisačko-moslavačka županija;1552
Resnatac;Skrad;Primorsko-goranska županija;0
Resnik;Pleternica;Požeško-slavonska županija;254
Resnik Bosiljevski;Bosiljevo;Karlovačka županija;15
Retkovci;Ivankovo;Vukovarsko-srijemska županija;1011
Retkovec Svibovečki;Varaždinske Toplice;Varaždinska županija;18
Rezovac;Virovitica;Virovitičko-podravska županija;1146
Rezovačke Krčevine;Virovitica;Virovitičko-podravska županija;295
Rečica;Karlovac;Karlovačka županija;489
Rečica Kriška;Križ;Zagrebačka županija;310
Rešetar;Plitvička Jezera;Ličko-senjska županija;32
Rešetarevo;Netretić;Karlovačka županija;20
Rešetari;Rešetari;Brodsko-posavska županija;2072
Reškovci;Kapela;Bjelovarsko-bilogorska županija;31
Reštovo;Kamanje;Karlovačka županija;101
Reštovo Žumberačko;Žumberak;Zagrebačka županija;13
Režanci;Svetvinčenat;Istarska županija;200
Ribari;Karlovac;Karlovačka županija;77
Ribarići;Ogulin;Karlovačka županija;285
Ribarići;Višnjan – Visignano;Istarska županija;0
Ribić Breg;Ivanec;Varaždinska županija;137
Ribnica;Velika Gorica;Zagrebačka županija;790
Ribnik;Ribnik;Karlovačka županija;98
Ribnjaci;Lipik;Požeško-slavonska županija;14
Ribnjak;Našice;Osječko-baranjska županija;45
Ribnjak;Rasinja;Koprivničko-križevačka županija;38
Ribnjačka;Velika Pisanica;Bjelovarsko-bilogorska županija;111
Rijeka;Rijeka;Primorsko-goranska županija;107964
Rijeka Koprivnička;Sokolovac;Koprivničko-križevačka županija;51
Rijeka Voćanska;Donja Voća;Varaždinska županija;189
Rijenci;Voćin;Virovitičko-podravska županija;3
Rim;Buzet;Istarska županija;28
Rim;Vrbovsko;Primorsko-goranska županija;30
Rinkovec;Bednja;Varaždinska županija;264
Ripenda Kosi;Labin;Istarska županija;11
Ripenda Kras;Labin;Istarska županija;122
Ripenda Verbanci;Labin;Istarska županija;99
Risika;Vrbnik;Primorsko-goranska županija;154
Risvica;Kumrovec;Krapinsko-zagorska županija;258
Rit;Lukač;Virovitičko-podravska županija;29
Rivalno;Martijanec;Varaždinska županija;34
Rivanj;Preko;Zadarska županija;23
Rizvanuša;Gospić;Ličko-senjska županija;18
Ričice;Lovinac;Ličko-senjska županija;80
Ričice;Proložac;Splitsko-dalmatinska županija;179
Riđane;Biskupija;Šibensko-kninska županija;51
Robadje;Štrigova;Međimurska županija;126
Rodaljice;Benkovac;Zadarska županija;43
Rodin Potok;Suhopolje;Virovitičko-podravska županija;37
Rogač;Šolta;Splitsko-dalmatinska županija;134
Rogačić;Vis;Splitsko-dalmatinska županija;18
Rogi;Skrad;Primorsko-goranska županija;7
Rogotin;Ploče;Dubrovačko-neretvanska županija;574
Rogovac;Špišić Bukovica;Virovitičko-podravska županija;162
Rogovići;Kaštelir-Labinci – Castelliere-S. Domenica;Istarska županija;101
Rogoznica;Rogoznica;Šibensko-kninska županija;960
Rogočana;Labin;Istarska županija;154
Rogoža;Garešnica;Bjelovarsko-bilogorska županija;194
Rogulje;Dvor;Sisačko-moslavačka županija;16
Rogulje;Pakrac;Požeško-slavonska županija;3
Rojci;Kaštelir-Labinci – Castelliere-S. Domenica;Istarska županija;72
Rojnići;Barban;Istarska županija;47
Rokovci;Andrijaševci;Vukovarsko-srijemska županija;1692
Ropa;Mljet;Dubrovačko-neretvanska županija;23
Rosopajnik;Netretić;Karlovačka županija;12
Rosulje;Hrvatska Kostajnica;Sisačko-moslavačka županija;157
Rovanjska;Jasenice;Zadarska županija;302
Rovci;Sveti Petar Orehovec;Koprivničko-križevačka županija;13
Rovinj;Rovinj – Rovigno;Istarska županija;11629
Rovinjsko Selo;Rovinj – Rovigno;Istarska županija;1339
Roviška;Glina;Sisačko-moslavačka županija;33
Rovištanci;Sokolovac;Koprivničko-križevačka županija;48
Rovišće;Rovišće;Bjelovarsko-bilogorska županija;1033
Rovno;Petrovsko;Krapinsko-zagorska županija;95
Rozga;Dubravica;Zagrebačka županija;118
Rozmajerovac;Našice;Osječko-baranjska županija;14
Roč;Buzet;Istarska županija;187
Ročko Polje;Buzet;Istarska županija;166
Rošini;Tar-Vabriga – Torre-Abrega;Istarska županija;194
Roškići;Kaštelir-Labinci – Castelliere-S. Domenica;Istarska županija;52
Rožat;Dubrovnik;Dubrovačko-neretvanska županija;395
Roždanik;Novska;Sisačko-moslavačka županija;229
Rože;Trilj;Splitsko-dalmatinska županija;22
Roženica;Pokupsko;Zagrebačka županija;286
Rtina;Ražanac;Zadarska županija;443
Rtić;Vrbovsko;Primorsko-goranska županija;7
Ruda;Otok;Splitsko-dalmatinska županija;812
Rudani;Žminj;Istarska županija;110
Rudanovac;Plitvička Jezera;Ličko-senjska županija;95
Rude;Samobor;Zagrebačka županija;1087
Rude Pribićke;Krašić;Zagrebačka županija;11
Rudeži;Dvor;Sisačko-moslavačka županija;1
Rudina;Stari Grad;Splitsko-dalmatinska županija;79
Rudine;Dobrinj;Primorsko-goranska županija;5
Rudopolje;Vrhovine;Ličko-senjska županija;32
Rudopolje Bruvanjsko;Gračac;Zadarska županija;30
Rugvica;Rugvica;Zagrebačka županija;704
Rujevac;Dvor;Sisačko-moslavačka županija;124
Rujevo;Ozalj;Karlovačka županija;10
Rukavac;Matulji;Primorsko-goranska županija;833
Rukavac;Vis;Splitsko-dalmatinska županija;103
Rukljevina;Varaždinske Toplice;Varaždinska županija;16
Rumin;Hrvace;Splitsko-dalmatinska županija;171
Runović;Runovići;Splitsko-dalmatinska županija;1706
Rupa;Matulji;Primorsko-goranska županija;345
Rupalj;Poličnik;Zadarska županija;235
Rupe;Skradin;Šibensko-kninska županija;392
Rupeni – Rupena;Poreč – Parenzo;Istarska županija;0
Rusnica;Hum na Sutli;Krapinsko-zagorska županija;170
Ruča;Orle;Zagrebačka županija;215
Rušani;Gradina;Virovitičko-podravska županija;373
Ruševac;Brestovac;Požeško-slavonska županija;2
Ruševac;Križevci;Koprivničko-križevačka županija;114
Ruševica;Cetingrad;Karlovačka županija;38
Ruševo;Čaglin;Požeško-slavonska županija;182
Ruševo Krmpotsko;Novi Vinodolski;Primorsko-goranska županija;2
Ruškovac;Berek;Bjelovarsko-bilogorska županija;78
Ruškovica;Velika Ludina;Sisačko-moslavačka županija;38
Ruščica;Klakar;Brodsko-posavska županija;1006
Ružić;Ružić;Šibensko-kninska županija;228
Ružići;Matulji;Primorsko-goranska županija;148
Ružići;Poreč – Parenzo;Istarska županija;35
Ružići;Sveta Nedelja;Istarska županija;110
Sabljak Selo;Ogulin;Karlovačka županija;252
Sabljaki Modruški;Josipdol;Karlovačka županija;32
Sabljići;Malinska-Dubašnica;Primorsko-goranska županija;31
Saborsko;Saborsko;Karlovačka županija;331
Sadikovac;Cetingrad;Karlovačka županija;19
Sadilovac;Rakovica;Karlovačka županija;1
Salajci;Gradec;Zagrebačka županija;55
Salakovci;Labin;Istarska županija;62
Salambati;Svetvinčenat;Istarska županija;27
Salež;Buzet;Istarska županija;5
Sali;Sali;Zadarska županija;726
Salinovec;Ivanec;Varaždinska županija;466
Salnik;Sveti Ivan Zelina;Zagrebačka županija;60
Salopek Luke;Slunj;Karlovačka županija;9
Salopek Selo;Ogulin;Karlovačka županija;223
Salopeki Modruški;Josipdol;Karlovačka županija;49
Samarica;Ivanska;Bjelovarsko-bilogorska županija;121
Samatovci;Bizovac;Osječko-baranjska županija;509
Samci;Gornja Stubica;Krapinsko-zagorska županija;259
Samobor;Samobor;Zagrebačka županija;16911
Samoborec;Vrbovec;Zagrebačka županija;103
Samoborski Otok;Samobor;Zagrebačka županija;611
Santalezi;Sveta Nedelja;Istarska županija;168
Sapci;Garčin;Brodsko-posavska županija;406
Sapina Doca;Rogoznica;Šibensko-kninska županija;34
Saplunara;Mljet;Dubrovačko-neretvanska županija;83
Sapna;Čaglin;Požeško-slavonska županija;62
Sarovo;Generalski Stol;Karlovačka županija;8
Sarvaš;Osijek;Osječko-baranjska županija;1658
Saršoni;Viškovo;Primorsko-goranska županija;1664
Sasi;Velika Gorica;Zagrebačka županija;169
Sasovac;Nova Rača;Bjelovarsko-bilogorska županija;172
Sastavak;Slunj;Karlovačka županija;10
Satnica;Petrijevci;Osječko-baranjska županija;537
Satnica Đakovačka;Satnica Đakovačka;Osječko-baranjska županija;1223
Satrić;Hrvace;Splitsko-dalmatinska županija;413
Savar;Sali;Zadarska županija;35
Savršćak;Samobor;Zagrebačka županija;214
Savska Cesta;Vrbovec;Zagrebačka županija;152
Savska Ves;Čakovec;Međimurska županija;1165
Savski Bok;Vrbje;Brodsko-posavska županija;39
Savski Marof;Brdovec;Zagrebačka županija;16
Savudrija – Salvore;Umag – Umago;Istarska županija;195
Sažije;Brestovac;Požeško-slavonska županija;11
Sedalce;Delnice;Primorsko-goranska županija;12
Sedlarica;Pitomača;Virovitičko-podravska županija;284
Sedramić;Drniš;Šibensko-kninska županija;168
Seget Donji;Seget;Splitsko-dalmatinska županija;2530
Seget Gornji;Seget;Splitsko-dalmatinska županija;137
Seget Vranjica;Seget;Splitsko-dalmatinska županija;1023
Seget – Seghetto;Umag – Umago;Istarska županija;178
Segovina;Ludbreg;Varaždinska županija;41
Seketin;Sveti Ilija;Varaždinska županija;348
Sekirevo Selo;Gornja Stubica;Krapinsko-zagorska županija;34
Sekirišće;Sveti Križ Začretje;Krapinsko-zagorska županija;328
Sekulinci;Voćin;Virovitičko-podravska županija;2
Sekulići;Ozalj;Karlovačka županija;0
Sela;Sisak;Sisačko-moslavačka županija;886
Sela Bosiljevska;Bosiljevo;Karlovačka županija;60
Sela Ravenska;Sveti Petar Orehovec;Koprivničko-križevačka županija;55
Sela Žakanjska;Žakanje;Karlovačka županija;53
Selakova Poljana;Vojnić;Karlovačka županija;0
Selanec;Sveti Petar Orehovec;Koprivničko-križevačka županija;120
Selca;Buzet;Istarska županija;51
Selca;Selca;Splitsko-dalmatinska županija;692
Selca kod Bogomolja;Sućuraj;Splitsko-dalmatinska županija;12
Selca kod Starog Grada;Stari Grad;Splitsko-dalmatinska županija;9
Selce;Crikvenica;Primorsko-goranska županija;1298
Selce Žumberačko;Samobor;Zagrebačka županija;3
Selci;Bizovac;Osječko-baranjska županija;7
Selci Križovljanski;Cestica;Varaždinska županija;145
Selci Đakovački;Đakovo;Osječko-baranjska županija;1412
Selina;Sveti Lovreč;Istarska županija;198
Seline;Starigrad;Zadarska županija;414
Selište;Kutina;Sisačko-moslavačka županija;241
Selište Drežničko;Rakovica;Karlovačka županija;288
Selište Kostajničko;Hrvatska Kostajnica;Sisačko-moslavačka županija;67
Selišće Sunjsko;Sunja;Sisačko-moslavačka županija;20
Seljaci;Buzet;Istarska županija;14
Seljanec;Ivanec;Varaždinska županija;224
Selna;Garčin;Brodsko-posavska županija;284
Selnica;Marija Bistrica;Krapinsko-zagorska županija;596
Selnica;Selnica;Međimurska županija;949
Selnica Miholečka;Sveti Petar Orehovec;Koprivničko-križevačka županija;64
Selnica Podravska;Legrad;Koprivničko-križevačka županija;254
Selnica Psarjevačka;Sveti Ivan Zelina;Zagrebačka županija;197
Selnica Šćitarjevska;Velika Gorica;Zagrebačka županija;468
Selnik;Ludbreg;Varaždinska županija;761
Selnik;Maruševec;Varaždinska županija;327
Selno;Krapinske Toplice;Krapinsko-zagorska županija;291
Selo;Čabar;Primorsko-goranska županija;37
Selo Sveti Marko;Perušić;Ličko-senjska županija;20
Selsko Brdo;Pisarovina;Zagrebačka županija;97
Semeljci;Semeljci;Osječko-baranjska županija;1025
Semić;Lupoglav;Istarska županija;69
Senj;Buzet;Istarska županija;33
Senj;Senj;Ličko-senjska županija;4164
Senjska Draga;Senj;Ličko-senjska županija;78
Seoca;Omiš;Splitsko-dalmatinska županija;132
Seoce;Nova Kapela;Brodsko-posavska županija;219
Seoci;Požega;Požeško-slavonska županija;84
Seona;Donja Motičina;Osječko-baranjska županija;317
Sertić Poljana;Plitvička Jezera;Ličko-senjska županija;3
Sestrunj;Preko;Zadarska županija;45
Sesvete;;Grad Zagreb;55313
Sesvete;Pleternica;Požeško-slavonska županija;107
Sesvete Ludbreške;Sveti Đurđ;Varaždinska županija;432
Setuš;Martinska Ves;Sisačko-moslavačka županija;119
Severin;Severin;Bjelovarsko-bilogorska županija;449
Severin na Kupi;Vrbovsko;Primorsko-goranska županija;113
Severovci;Đurđevac;Koprivničko-križevačka županija;92
Sevid;Marina;Splitsko-dalmatinska županija;119
Sevid na moru;Marina;Splitsko-dalmatinska županija;160
Sibenik;Veliki Grđevac;Bjelovarsko-bilogorska županija;13
Sibinj;Sibinj;Brodsko-posavska županija;2088
Sibinj Krmpotski;Novi Vinodolski;Primorsko-goranska županija;32
Sibić;Petrinja;Sisačko-moslavačka županija;49
Sibokovac;Čaglin;Požeško-slavonska županija;22
Sigetac;Novska;Sisačko-moslavačka županija;92
Sigetec;Peteranec;Koprivničko-križevačka županija;1016
Sigetec Ludbreški;Ludbreg;Varaždinska županija;596
Sikirevci;Sikirevci;Brodsko-posavska županija;1490
Sikovo;Sveti Filip i Jakov;Zadarska županija;365
Silaš;Šodolovci;Osječko-baranjska županija;326
Silba;Zadar;Zadarska županija;344
Sinac;Otočac;Ličko-senjska županija;489
Sinj;Sinj;Splitsko-dalmatinska županija;10771
Sinlije;Cernik;Brodsko-posavska županija;0
Sinožići;Višnjan – Visignano;Istarska županija;59
Sirač;Sirač;Bjelovarsko-bilogorska županija;1152
Sirova Katalena;Đurđevac;Koprivničko-križevačka županija;226
Sisak;Sisak;Sisačko-moslavačka županija;27859
Sitno;Prgomet;Splitsko-dalmatinska županija;76
Sitno Donje;Šibenik;Šibensko-kninska županija;457
Siverić;Drniš;Šibensko-kninska županija;426
Sivica;Podturen;Međimurska županija;636
Siča;Barilović;Karlovačka županija;128
Siče;Nova Kapela;Brodsko-posavska županija;237
Sičice;Vrbje;Brodsko-posavska županija;338
Sišćani;Čazma;Bjelovarsko-bilogorska županija;276
Sjeničak Lasinjski;Lasinja;Karlovačka županija;106
Sjeverovac;Sunja;Sisačko-moslavačka županija;21
Sječevac;Samobor;Zagrebačka županija;8
Skakavac;Karlovac;Karlovačka županija;227
Skela;Glina;Sisačko-moslavačka županija;33
Skenderovci;Brestovac;Požeško-slavonska županija;128
Skenderovci;Lipik;Požeško-slavonska županija;6
Skitača;Raša;Istarska županija;8
Skoblić Brdo;Bosiljevo;Karlovačka županija;1
Skrad;Skrad;Primorsko-goranska županija;568
Skradin;Skradin;Šibensko-kninska županija;508
Skradinsko Polje;Skradin;Šibensko-kninska županija;51
Skradnik;Josipdol;Karlovačka županija;374
Skradsko Selo;Ribnik;Karlovačka županija;18
Skrbčići;Krk;Primorsko-goranska županija;173
Skrivena Luka;Lastovo;Dubrovačko-neretvanska županija;40
Skukani;Generalski Stol;Karlovačka županija;51
Skupica;Netretić;Karlovačka županija;89
Skvaranska;Raša;Istarska županija;1
Slabinja;Hrvatska Dubica;Sisačko-moslavačka županija;238
Sladojevački Lug;Slatina;Virovitičko-podravska županija;67
Sladojevci;Slatina;Virovitičko-podravska županija;642
Slakovci;Stari Jankovci;Vukovarsko-srijemska županija;701
Slakovec;Nedelišće;Međimurska županija;508
Slana;Petrinja;Sisačko-moslavačka županija;54
Slani Dol;Samobor;Zagrebačka županija;169
Slani Potok;Gornja Stubica;Krapinsko-zagorska županija;322
Slanje;Martijanec;Varaždinska županija;397
Slano;Dubrovačko primorje;Dubrovačko-neretvanska županija;577
Slapnica;Samobor;Zagrebačka županija;11
Slapno;Ozalj;Karlovačka županija;241
Slatina;Preseka;Zagrebačka županija;91
Slatina;Slatina;Virovitičko-podravska županija;8722
Slatina Pokupska;Glina;Sisačko-moslavačka županija;82
Slatina Svedruška;Petrovsko;Krapinsko-zagorska županija;315
Slatine;Split;Splitsko-dalmatinska županija;924
Slatinik Drenjski;Drenje;Osječko-baranjska županija;232
Slatinski Drenovac;Čačinci;Virovitičko-podravska županija;29
Slavagora;Samobor;Zagrebačka županija;74
Slavetić;Jastrebarsko;Zagrebačka županija;57
Slavica;Fužine;Primorsko-goranska županija;35
Slavonske Bare;Zdenci;Virovitičko-podravska županija;127
Slavonski Brod;Slavonski Brod;Brodsko-posavska županija;45005
Slavonski Kobaš;Oriovac;Brodsko-posavska županija;1034
Slavonski Šamac;Slavonski Šamac;Brodsko-posavska županija;768
Slavsko Polje;Gvozd;Sisačko-moslavačka županija;215
Sleme;Lokve;Primorsko-goranska županija;88
Sleme Skradsko;Skrad;Primorsko-goranska županija;1
Slemenice;Čakovec;Međimurska županija;215
Slime;Omiš;Splitsko-dalmatinska županija;271
Slivarsko;Donja Voća;Varaždinska županija;185
Slivnica;Posedarje;Zadarska županija;785
Slivno;Runovići;Splitsko-dalmatinska županija;237
Slivno;Šibenik;Šibensko-kninska županija;95
Slivno Ravno;Slivno;Dubrovačko-neretvanska županija;1
Slivonja Jarek;Krapinske Toplice;Krapinsko-zagorska županija;85
Sljeme;Stubičke Toplice;Krapinsko-zagorska županija;0
Slobodna Vlast;Levanjska Varoš;Osječko-baranjska županija;121
Slobodnica;Sibinj;Brodsko-posavska županija;1314
Sloboština;Brestovac;Požeško-slavonska županija;12
Slokovec;Ludbreg;Varaždinska županija;227
Slovinci;Sunja;Sisačko-moslavačka županija;116
Slovinska Kovačica;Nova Rača;Bjelovarsko-bilogorska županija;102
Slum;Lanišće;Istarska županija;23
Slunj;Slunj;Karlovačka županija;1576
Slunjska Selnica;Karlovac;Karlovačka županija;65
Slunjski Moravci;Karlovac;Karlovačka županija;55
Slunjčica;Slunj;Karlovačka županija;3
Smerovišće;Samobor;Zagrebačka županija;108
Smiljan;Gospić;Ličko-senjska županija;392
Smiljansko Polje;Gospić;Ličko-senjska županija;129
Smilčić;Benkovac;Zadarska županija;235
Smišljak;Brod Moravice;Primorsko-goranska županija;0
Smišljak;Vrbovsko;Primorsko-goranska županija;13
Smoković;Zemunik Donji;Zadarska županija;165
Smokovljani;Dubrovačko primorje;Dubrovačko-neretvanska županija;49
Smokrić;Lovinac;Ličko-senjska županija;13
Smokvica;Pag;Zadarska županija;35
Smokvica;Smokvica;Dubrovačko-neretvanska županija;868
Smokvica Krmpotska;Novi Vinodolski;Primorsko-goranska županija;29
Smolici;Višnjan – Visignano;Istarska županija;39
Smoljanac;Plitvička Jezera;Ličko-senjska županija;229
Smoljanci;Svetvinčenat;Istarska županija;198
Smoljanovci;Velika;Požeško-slavonska županija;5
Smolonje;Omiš;Splitsko-dalmatinska županija;75
Smrdelje;Kistanje;Šibensko-kninska županija;90
Smrekari;Čabar;Primorsko-goranska županija;6
Smrečje;Čabar;Primorsko-goranska županija;64
Smrtić;Gornji Bogićevci;Brodsko-posavska županija;197
Smude;Voćin;Virovitičko-podravska županija;4
Snašići;Sveta Nedelja;Istarska županija;103
Snos;Slunj;Karlovačka županija;4
Soblinec;;Grad Zagreb;970
Soboli;Čavle;Primorsko-goranska županija;178
Sobočani;Kloštar Ivanić;Zagrebačka županija;464
Sobra;Mljet;Dubrovačko-neretvanska županija;129
Sokoli;Čabar;Primorsko-goranska županija;5
Sokolovac;Dežanovac;Bjelovarsko-bilogorska županija;176
Sokolovac;Kneževi Vinogradi;Osječko-baranjska županija;0
Sokolovac;Sokolovac;Koprivničko-križevačka županija;381
Soldatići;Ozalj;Karlovačka županija;15
Solin;Solin;Splitsko-dalmatinska županija;20996
Soline;Bosiljevo;Karlovačka županija;31
Soline;Dobrinj;Primorsko-goranska županija;48
Soline;Sali;Zadarska županija;59
Soline;Župa dubrovačka;Dubrovačko-neretvanska županija;273
Soljani;Vrbanja;Vukovarsko-srijemska županija;926
Sonković;Skradin;Šibensko-kninska županija;297
Sop;Rugvica;Zagrebačka županija;352
Sop Bukevski;Velika Gorica;Zagrebačka županija;68
Sopač;Lokve;Primorsko-goranska županija;27
Sopjanska Greda;Sopje;Virovitičko-podravska županija;31
Sopje;Sopje;Virovitičko-podravska županija;430
Sopot;Pregrada;Krapinsko-zagorska županija;294
Sopote;Žumberak;Zagrebačka županija;6
Sopčić Vrh;Ribnik;Karlovačka županija;9
Sotin;Vukovar;Vukovarsko-srijemska županija;597
Sovari;Čazma;Bjelovarsko-bilogorska županija;67
Sovinjak;Buzet;Istarska županija;68
Sovinjska Brda;Buzet;Istarska županija;31
Sovišćina;Buzet;Istarska županija;95
Sovjak;Suhopolje;Virovitičko-podravska županija;11
Sovski Dol;Čaglin;Požeško-slavonska županija;66
Sočanica;Dvor;Sisačko-moslavačka županija;6
Sošice;Žumberak;Zagrebačka županija;54
Sošići;Kanfanar;Istarska županija;67
Spahići;Bosiljevo;Karlovačka županija;23
Sparagovići;Ston;Dubrovačko-neretvanska županija;104
Sparednjak;Slunj;Karlovačka županija;2
Split;Split;Splitsko-dalmatinska županija;149830
Splitska;Supetar;Splitsko-dalmatinska županija;352
Sračak;Žakanje;Karlovačka županija;44
Sračinec;Sračinec;Varaždinska županija;3807
Srb;Gračac;Zadarska županija;301
Srdinac;Novigrad Podravski;Koprivničko-križevačka županija;16
Srebreno;Župa dubrovačka;Dubrovačko-neretvanska županija;382
Srebrnići;Višnjan – Visignano;Istarska županija;8
Srebrnjak;Sveta Nedelja;Zagrebačka županija;148
Sredanci;Donji Andrijevci;Brodsko-posavska županija;268
Sredice Gornje;Kapela;Bjelovarsko-bilogorska županija;113
Srednja Diklenica;Kapela;Bjelovarsko-bilogorska županija;49
Srednja Draga;Čabar;Primorsko-goranska županija;40
Srednja Gora;Udbina;Ličko-senjska županija;9
Srednja Krašićevica;Delnice;Primorsko-goranska županija;0
Srednja Meminska;Majur;Sisačko-moslavačka županija;26
Srednja Velika;Preseka;Zagrebačka županija;41
Srednjak;Jastrebarsko;Zagrebačka županija;29
Srednje Mokrice;Petrinja;Sisačko-moslavačka županija;23
Srednje Prilišće;Netretić;Karlovačka županija;23
Srednje Selo;Cetingrad;Karlovačka županija;11
Srednje Selo;Pleternica;Požeško-slavonska županija;253
Srednje Selo;Šolta;Splitsko-dalmatinska županija;102
Srednji Dubovec;Križevci;Koprivničko-križevačka županija;80
Srednji Grahovljani;Pakrac;Požeško-slavonska županija;0
Srednji Lipovac;Nova Kapela;Brodsko-posavska županija;213
Srednji Mosti;Kapela;Bjelovarsko-bilogorska županija;70
Srednji Poloj;Barilović;Karlovačka županija;8
Sreser;Janjina;Dubrovačko-neretvanska županija;140
Srijane;Omiš;Splitsko-dalmatinska županija;223
Srijedska;Ivanska;Bjelovarsko-bilogorska županija;245
Srijem;Sokolovac;Koprivničko-križevačka županija;170
Srijemske Laze;Stari Jankovci;Vukovarsko-srijemska županija;398
Srima;Vodice;Šibensko-kninska županija;864
Srinjine;Split;Splitsko-dalmatinska županija;1199
Sroki;Viškovo;Primorsko-goranska županija;1979
Sršići;Malinska-Dubašnica;Primorsko-goranska županija;0
Sršići;Ozalj;Karlovačka županija;3
Stajnica;Brinje;Ličko-senjska županija;164
Stancija Vodopija – Stanzia Bevilacqua;Poreč – Parenzo;Istarska županija;145
Stanetinec;Štrigova;Međimurska županija;175
Stanica Roč;Buzet;Istarska županija;53
Stanić;Cres;Primorsko-goranska županija;0
Stanić Polje;Dvor;Sisačko-moslavačka županija;9
Stanići;Kapela;Bjelovarsko-bilogorska županija;95
Stanići;Omiš;Splitsko-dalmatinska županija;482
Staničići Žumberački;Krašić;Zagrebačka županija;0
Staniši;Vižinada – Visinada;Istarska županija;14
Stanišovi;Raša;Istarska županija;33
Staništa;Karlobag;Ličko-senjska županija;7
Stankovac;Glina;Sisačko-moslavačka županija;14
Stankovci;Stankovci;Zadarska županija;634
Stankovci;Žakanje;Karlovačka županija;9
Stanković;Orebić;Dubrovačko-neretvanska županija;267
Stankovo;Jastrebarsko;Zagrebačka županija;296
Stančić;Brckovljani;Zagrebačka županija;545
Stančići;Bjelovar;Bjelovarsko-bilogorska županija;72
Stara Baška;Punat;Primorsko-goranska županija;116
Stara Diklenica;Kapela;Bjelovarsko-bilogorska županija;50
Stara Drenčina;Sisak;Sisačko-moslavačka županija;179
Stara Gradiška;Stara Gradiška;Brodsko-posavska županija;207
Stara Jošava;Orahovica;Virovitičko-podravska županija;237
Stara Kapela;Dubrava;Zagrebačka županija;166
Stara Kapela;Nova Kapela;Brodsko-posavska županija;12
Stara Krivaja;Đulovac;Bjelovarsko-bilogorska županija;0
Stara Kršlja;Rakovica;Karlovačka županija;5
Stara Lipa;Požega;Požeško-slavonska županija;159
Stara Ljeskovica;Čaglin;Požeško-slavonska županija;5
Stara Marča;Kloštar Ivanić;Zagrebačka županija;130
Stara Novalja;Novalja;Ličko-senjska županija;281
Stara Plošćica;Ivanska;Bjelovarsko-bilogorska županija;194
Stara Rača;Nova Rača;Bjelovarsko-bilogorska županija;248
Stara Subocka;Novska;Sisačko-moslavačka županija;386
Stara Sušica;Ravna Gora;Primorsko-goranska županija;205
Stara Vas;Pag;Zadarska županija;65
Stara Ves Košnička;Desinić;Krapinsko-zagorska županija;12
Stara Ves Petrovska;Petrovsko;Krapinsko-zagorska županija;148
Stara Ves Ravenska;Križevci;Koprivničko-križevačka županija;34
Starci;Staro Petrovo Selo;Brodsko-posavska županija;7
Stare Plavnice;Bjelovar;Bjelovarsko-bilogorska županija;578
Stari Bošnjani;Križevci;Koprivničko-križevačka županija;82
Stari Brod;Lekenik;Sisačko-moslavačka županija;159
Stari Farkašić;Lekenik;Sisačko-moslavačka županija;73
Stari Glog;Gradec;Zagrebačka županija;111
Stari Golubovec;Lobor;Krapinsko-zagorska županija;162
Stari Grabovac;Novska;Sisačko-moslavačka županija;311
Stari Grad;Stari Grad;Splitsko-dalmatinska županija;1921
Stari Grad Žumberački;Žumberak;Zagrebačka županija;4
Stari Gradac;Pitomača;Virovitičko-podravska županija;537
Stari Jankovci;Stari Jankovci;Vukovarsko-srijemska županija;1124
Stari Laz;Ravna Gora;Primorsko-goranska županija;147
Stari Lazi;Brod Moravice;Primorsko-goranska županija;15
Stari Majur;Pakrac;Požeško-slavonska županija;16
Stari Mikanovci;Stari Mikanovci;Vukovarsko-srijemska županija;1883
Stari Pavljani;Bjelovar;Bjelovarsko-bilogorska županija;191
Stari Perkovci;Vrpolje;Brodsko-posavska županija;928
Stari Skucani;Kapela;Bjelovarsko-bilogorska županija;120
Stari Slatinik;Brodski Stupnik;Brodsko-posavska županija;959
Stari Zdenkovac;Čaglin;Požeško-slavonska županija;28
Starigrad;Koprivnica;Koprivničko-križevačka županija;2248
Starigrad;Senj;Ličko-senjska županija;21
Starigrad;Starigrad;Zadarska županija;1051
Starin;Čađavica;Virovitičko-podravska županija;62
Starine;Štefanje;Bjelovarsko-bilogorska županija;54
Starići – Starici;Poreč – Parenzo;Istarska županija;3
Starjak;;Grad Zagreb;252
Staro Petrovo Polje;Crnac;Virovitičko-podravska županija;154
Staro Petrovo Selo;Staro Petrovo Selo;Brodsko-posavska županija;1277
Staro Pračno;Sisak;Sisačko-moslavačka županija;721
Staro Selo;Otočac;Ličko-senjska županija;28
Staro Selo;Sisak;Sisačko-moslavačka županija;60
Staro Selo Topusko;Topusko;Sisačko-moslavačka županija;95
Staro Topolje;Donji Andrijevci;Brodsko-posavska županija;577
Staro Čiče;Velika Gorica;Zagrebačka županija;720
Staro Štefanje;Štefanje;Bjelovarsko-bilogorska županija;154
Starogradački Marof;Pitomača;Virovitičko-podravska županija;191
Starčevljani;Kapela;Bjelovarsko-bilogorska županija;125
Staza;Sunja;Sisačko-moslavačka županija;170
Staševica;Ploče;Dubrovačko-neretvanska županija;822
Stažnjevec;Ivanec;Varaždinska županija;332
Stepčići;Kršan;Istarska županija;36
Stilja;Vrgorac;Splitsko-dalmatinska županija;224
Stinica;Senj;Ličko-senjska županija;61
Stipan;Gvozd;Sisačko-moslavačka županija;22
Stipanovci;Podgorač;Osječko-baranjska županija;367
Stipernica;Pregrada;Krapinsko-zagorska županija;127
Stivan;Cres;Primorsko-goranska županija;24
Stivašnica;Rogoznica;Šibensko-kninska županija;54
Stobreč;Split;Splitsko-dalmatinska županija;2879
Stojavnica;Ozalj;Karlovačka županija;21
Stojdraga;Samobor;Zagrebačka županija;48
Stojmerić;Slunj;Karlovačka županija;1
Stojčinovac;Čaglin;Požeško-slavonska županija;2
Stolac;Senj;Ličko-senjska županija;43
Stomorska;Šolta;Splitsko-dalmatinska županija;319
Ston;Ston;Dubrovačko-neretvanska županija;500
Strahinje;Krapina;Krapinsko-zagorska županija;286
Strahinje Radobojsko;Radoboj;Krapinsko-zagorska županija;46
Strahoninec;Strahoninec;Međimurska županija;2598
Strana;Buzet;Istarska županija;46
Stranići kod Lovreča;Sveti Lovreč;Istarska županija;34
Stranići kod Nove Vasi;Poreč – Parenzo;Istarska županija;199
Stravča;Konavle;Dubrovačko-neretvanska županija;54
Strašnik;Petrinja;Sisačko-moslavačka županija;163
Straža;Netretić;Karlovačka županija;66
Straža Krapinska;Krapina;Krapinsko-zagorska županija;44
Stražanac;Končanica;Bjelovarsko-bilogorska županija;97
Stražbenica;Petrinja;Sisačko-moslavačka županija;6
Stražeman;Velika;Požeško-slavonska županija;179
Strelec;Mala Subotica;Međimurska županija;257
Strelečko;Martinska Ves;Sisačko-moslavačka županija;455
Strezojevo;Pokupsko;Zagrebačka županija;120
Strgari;Bosiljevo;Karlovačka županija;11
Striježevica;Brestovac;Požeško-slavonska županija;3
Strilčići;Malinska-Dubašnica;Primorsko-goranska županija;2
Strizirep;Trilj;Splitsko-dalmatinska županija;33
Strizivojna;Strizivojna;Osječko-baranjska županija;2027
Strižičevac;Lipik;Požeško-slavonska županija;14
Strmac Pribićki;Krašić;Zagrebačka županija;83
Strmačka;Cetingrad;Karlovačka županija;9
Strmec;;Grad Zagreb;585
Strmec;Preseka;Zagrebačka županija;19
Strmec;Sveta Nedelja;Zagrebačka županija;4250
Strmec;Veliko Trgovišće;Krapinsko-zagorska županija;148
Strmec Bukevski;Velika Gorica;Zagrebačka županija;378
Strmec Humski;Hum na Sutli;Krapinsko-zagorska županija;163
Strmec Podravski;Petrijanec;Varaždinska županija;563
Strmec Remetinečki;Novi Marof;Varaždinska županija;458
Strmec Stubički;Stubičke Toplice;Krapinsko-zagorska županija;799
Strmec Sutlanski;Kraljevec na Sutli;Krapinsko-zagorska županija;109
Strmen;Sunja;Sisačko-moslavačka županija;60
Strmendolac;Trilj;Splitsko-dalmatinska županija;158
Strmica;Knin;Šibensko-kninska županija;160
Strošinci;Vrbanja;Vukovarsko-srijemska županija;361
Strpačići;Višnjan – Visignano;Istarska županija;31
Struga;Sveti Đurđ;Varaždinska županija;407
Struga Banska;Dvor;Sisačko-moslavačka županija;67
Struga Nartska;Rugvica;Zagrebačka županija;453
Stružani;Oprisavci;Brodsko-posavska županija;111
Stružec;Popovača;Sisačko-moslavačka županija;556
Stružec Posavski;Orle;Zagrebačka županija;71
Stubalj;Majur;Sisačko-moslavačka županija;136
Stubica;Vrbovsko;Primorsko-goranska županija;30
Stubička Slatina;Oroslavje;Krapinsko-zagorska županija;560
Stubičke Toplice;Stubičke Toplice;Krapinsko-zagorska županija;1775
Studena;Klana;Primorsko-goranska županija;308
Studenci;Lovreć;Splitsko-dalmatinska županija;394
Studenci;Perušić;Ličko-senjska županija;26
Stupa;Dubrovačko primorje;Dubrovačko-neretvanska županija;51
Stupe;Žumberak;Zagrebačka županija;19
Stupnički Kuti;Bebrina;Brodsko-posavska županija;331
Stupnički Obrež;Stupnik;Zagrebačka županija;352
Stupno;Sisak;Sisačko-moslavačka županija;427
Stupovača;Kutina;Sisačko-moslavačka županija;346
Subocka;Lipik;Požeško-slavonska županija;13
Subotica Podravska;Rasinja;Koprivničko-križevačka županija;471
Sudaraž;Petlovac;Osječko-baranjska županija;0
Sudovec;Novi Marof;Varaždinska županija;304
Sudovčina;Martijanec;Varaždinska županija;324
Suha Katalena;Đurđevac;Koprivničko-križevačka županija;285
Suha Mlaka;Crnac;Virovitičko-podravska županija;68
Suhaja;Čazma;Bjelovarsko-bilogorska županija;177
Suhač;Sinj;Splitsko-dalmatinska županija;577
Suhodol Budački;Krnjak;Karlovačka županija;4
Suhodol Zelinski;Sveti Ivan Zelina;Zagrebačka županija;103
Suhopolje;Suhopolje;Virovitičko-podravska županija;2237
Suhor;Delnice;Primorsko-goranska županija;0
Suhovare;Poličnik;Zadarska županija;521
Suknovci;Promina;Šibensko-kninska županija;49
Sukošan;Sukošan;Zadarska županija;2980
Sulkovci;Pleternica;Požeško-slavonska županija;419
Sumartin;Selca;Splitsko-dalmatinska županija;477
Sunger;Mrkopalj;Primorsko-goranska županija;262
Sunja;Sunja;Sisačko-moslavačka županija;1170
Supetar;Supetar;Splitsko-dalmatinska županija;3415
Supetarska Draga;Rab;Primorsko-goranska županija;937
Susak;Mali Lošinj;Primorsko-goranska županija;139
Sustjepan;Dubrovnik;Dubrovačko-neretvanska županija;301
Sutina;Muć;Splitsko-dalmatinska županija;341
Sutinske Toplice;Mihovljan;Krapinsko-zagorska županija;0
Sutivan;Sutivan;Splitsko-dalmatinska županija;936
Sutivanac;Barban;Istarska županija;333
Sutomišćica;Preko;Zadarska županija;380
Suvoj;Sisak;Sisačko-moslavačka županija;31
Suza;Kneževi Vinogradi;Osječko-baranjska županija;423
Sućuraj;Sućuraj;Splitsko-dalmatinska županija;293
Sučići;Mošćenička Draga;Primorsko-goranska županija;33
Suđurađ;Dubrovnik;Dubrovačko-neretvanska županija;222
Suša;Orle;Zagrebačka županija;99
Sušac;Lastovo;Dubrovačko-neretvanska županija;1
Sušanj Cesarički;Karlobag;Ličko-senjska županija;9
Sušine;Đurđenovac;Osječko-baranjska županija;202
Sušobreg Bistrički;Marija Bistrica;Krapinsko-zagorska županija;70
Sušobreg – dio (Donji Sušobreg);Konjščina;Krapinsko-zagorska županija;194
Sužan;Dobrinj;Primorsko-goranska županija;70
Svedruža;Petrovsko;Krapinsko-zagorska županija;310
Sveta Ana;Đurđevac;Koprivničko-križevačka županija;95
Sveta Helena;Križevci;Koprivničko-križevačka županija;263
Sveta Helena;Sveti Ivan Zelina;Zagrebačka županija;353
Sveta Jelena;Mošćenička Draga;Primorsko-goranska županija;102
Sveta Jelena;Senj;Ličko-senjska županija;22
Sveta Katarina;Pićan;Istarska županija;323
Sveta Lucija – Santa Lucia;Oprtalj – Portole;Istarska županija;37
Sveta Marija;Sveta Marija;Međimurska županija;1374
Sveta Marija na Krasu – Madonna del Carso;Buje – Buie;Istarska županija;0
Sveta Marija na Krasu – Madonna del Carso;Umag – Umago;Istarska županija;313
Sveta Marina;Raša;Istarska županija;49
Sveta Nedelja;Sveta Nedelja;Zagrebačka županija;1363
Sveta Nedjelja;Hvar;Splitsko-dalmatinska županija;135
Sveti Andrija;Komiža;Splitsko-dalmatinska županija;2
Sveti Anton;Malinska-Dubašnica;Primorsko-goranska županija;162
Sveti Anton;Mošćenička Draga;Primorsko-goranska županija;5
Sveti Bartol;Motovun – Montona;Istarska županija;64
Sveti Bartul;Raša;Istarska županija;265
Sveti Donat;Buzet;Istarska županija;82
Sveti Filip i Jakov;Sveti Filip i Jakov;Zadarska županija;1603
Sveti Ilija;Sveti Ilija;Varaždinska županija;572
Sveti Ivan;Buzet;Istarska županija;265
Sveti Ivan;Malinska-Dubašnica;Primorsko-goranska županija;89
Sveti Ivan;Višnjan – Visignano;Istarska županija;16
Sveti Ivan Dobrinjski;Dobrinj;Primorsko-goranska županija;41
Sveti Ivan Zelina;Sveti Ivan Zelina;Zagrebačka županija;2583
Sveti Ivan Žabno;Sveti Ivan Žabno;Koprivničko-križevačka županija;1049
Sveti Ivan – San Giovanni;Oprtalj – Portole;Istarska županija;38
Sveti Jakov;Mali Lošinj;Primorsko-goranska županija;74
Sveti Josip;Bednja;Varaždinska županija;3
Sveti Juraj;Senj;Ličko-senjska županija;542
Sveti Juraj u Trnju;Donji Kraljevec;Međimurska županija;282
Sveti Križ;Budinščina;Krapinsko-zagorska županija;121
Sveti Križ;Mala Subotica;Međimurska županija;300
Sveti Križ;Marija Gorica;Zagrebačka županija;397
Sveti Križ;Tuhelj;Krapinsko-zagorska županija;424
Sveti Križ Začretje;Sveti Križ Začretje;Krapinsko-zagorska županija;922
Sveti Lovreč Labinski;Raša;Istarska županija;41
Sveti Lovreč Pazenatički;Sveti Lovreč;Istarska županija;267
Sveti Martin;Buzet;Istarska županija;410
Sveti Martin;Križevci;Koprivničko-križevačka županija;86
Sveti Martin;Sveta Nedelja;Istarska županija;169
Sveti Martin Pod Okićem;Samobor;Zagrebačka županija;253
Sveti Martin na Muri;Sveti Martin na Muri;Međimurska županija;452
Sveti Matej;Gornja Stubica;Krapinsko-zagorska županija;502
Sveti Petar;Cres;Primorsko-goranska županija;7
Sveti Petar;Mali Bukovec;Varaždinska županija;546
Sveti Petar;Ogulin;Karlovačka županija;613
Sveti Petar Mrežnički;Duga Resa;Karlovačka županija;132
Sveti Petar Orehovec;Sveti Petar Orehovec;Koprivničko-križevačka županija;226
Sveti Petar na Moru;Sveti Filip i Jakov;Zadarska županija;458
Sveti Petar u Šumi;Sveti Petar u Šumi;Istarska županija;1051
Sveti Petar Čvrstec;Sveti Ivan Žabno;Koprivničko-križevačka županija;437
Sveti Rok;Lovinac;Ličko-senjska županija;250
Sveti Urban;Štrigova;Međimurska županija;374
Sveti Vid Dobrinjski;Dobrinj;Primorsko-goranska županija;64
Sveti Vid-Miholjice;Malinska-Dubašnica;Primorsko-goranska županija;292
Sveti Đurađ;Donji Miholjac;Osječko-baranjska županija;704
Sveti Đurađ;Virovitica;Virovitičko-podravska županija;474
Sveti Đurđ;Sveti Đurđ;Varaždinska županija;556
Svetice;Ozalj;Karlovačka županija;17
Svetinja;Jakšić;Požeško-slavonska županija;43
Svetičko Hrašće;Ozalj;Karlovačka županija;108
Svetoblažje;Trnava;Osječko-baranjska županija;66
Svetojurski Vrh;Pregrada;Krapinsko-zagorska županija;144
Svetonedeljski Breg;Sveta Nedelja;Zagrebačka županija;179
Svetvinčenat;Svetvinčenat;Istarska županija;245
Svib;Cista Provo;Splitsko-dalmatinska županija;323
Svibje;Rugvica;Zagrebačka županija;462
Svibovec;Varaždinske Toplice;Varaždinska županija;233
Svibovec Podravski;Sračinec;Varaždinska županija;871
Svilaj;Oprisavci;Brodsko-posavska županija;216
Svilna;Pleternica;Požeško-slavonska županija;109
Svinca;Marina;Splitsko-dalmatinska županija;103
Svinica;Majur;Sisačko-moslavačka županija;63
Svinica Krstinjska;Vojnić;Karlovačka županija;197
Svinišće;Omiš;Splitsko-dalmatinska županija;87
Svinjarec;Dubrava;Zagrebačka županija;41
Svinjarevci;Bogdanovci;Vukovarsko-srijemska županija;288
Svirče;Jelsa;Splitsko-dalmatinska županija;385
Svojić;Barilović;Karlovačka županija;15
Svračica;Glina;Sisačko-moslavačka županija;35
Svračkovo Selo;Udbina;Ličko-senjska županija;9
Svrževo;Krašić;Zagrebačka županija;29
Taborište;Petrinja;Sisačko-moslavačka županija;186
Tadini;Kaštelir-Labinci – Castelliere-S. Domenica;Istarska županija;68
Tanac;Jasenovac;Sisačko-moslavačka županija;95
Tar;Tar-Vabriga – Torre-Abrega;Istarska županija;1144
Tarno;Ivanić-Grad;Zagrebačka županija;43
Tatar Varoš;Cetingrad;Karlovačka županija;61
Tedrovec;Brckovljani;Zagrebačka županija;68
Tekić;Jakšić;Požeško-slavonska županija;199
Temovec;Sveti Križ Začretje;Krapinsko-zagorska županija;210
Tenja;Osijek;Osječko-baranjska županija;6260
Teodorovac;Đurđenovac;Osječko-baranjska županija;33
Tepljuh;Drniš;Šibensko-kninska županija;103
Terezino Polje;Lukač;Virovitičko-podravska županija;196
Tiborjanci;Belišće;Osječko-baranjska županija;218
Tihočaj;Jastrebarsko;Zagrebačka županija;1
Tijarica;Trilj;Splitsko-dalmatinska županija;366
Tikveš;Bilje;Osječko-baranjska županija;15
Timarci;Sunja;Sisačko-moslavačka županija;83
Tinj;Benkovac;Zadarska županija;543
Tinjan;Tinjan;Istarska županija;433
Tisanić Jarek;Zabok;Krapinsko-zagorska županija;330
Tisno;Tisno;Šibensko-kninska županija;1192
Tisovac;Pakrac;Požeško-slavonska županija;0
Tisovac;Staro Petrovo Selo;Brodsko-posavska županija;301
Tisovac Žumberački;Samobor;Zagrebačka županija;0
Tićan;Višnjan – Visignano;Istarska županija;15
Tići;Vrbovsko;Primorsko-goranska županija;21
Tišina Erdedska;Martinska Ves;Sisačko-moslavačka županija;265
Tišina Kaptolska;Martinska Ves;Sisačko-moslavačka županija;219
Tiškovac Lički;Gračac;Zadarska županija;1
Tkalci;Krapina;Krapinsko-zagorska županija;402
Tkalec;Breznica;Varaždinska županija;66
Tkon;Tkon;Zadarska županija;662
Tociljevac;Nova Rača;Bjelovarsko-bilogorska županija;81
Tolić;Udbina;Ličko-senjska županija;2
Tomaš;Bjelovar;Bjelovarsko-bilogorska županija;192
Tomašanci;Gorjani;Osječko-baranjska županija;452
Tomaševci;Žumberak;Zagrebačka županija;6
Tomaševec;Klanjec;Krapinsko-zagorska županija;146
Tomaševec;Sveti Ivan Zelina;Zagrebačka županija;155
Tomaševec Biškupečki;Sveti Ilija;Varaždinska županija;339
Tomašica;Garešnica;Bjelovarsko-bilogorska županija;308
Tomašići;Generalski Stol;Karlovačka županija;62
Tomašnica;Ozalj;Karlovačka županija;138
Tomica;Podcrkavlje;Brodsko-posavska županija;405
Tomingaj;Gračac;Zadarska županija;21
Tominovac;Kutjevo;Požeško-slavonska županija;130
Tomislavovac;Ston;Dubrovačko-neretvanska županija;147
Tomići;Vrbovsko;Primorsko-goranska županija;12
Tomišići;Žminj;Istarska županija;132
Tompojevci;Tompojevci;Vukovarsko-srijemska županija;227
Tončići;Netretić;Karlovačka županija;55
Topid;Raša;Istarska županija;140
Toplice;Jastrebarsko;Zagrebačka županija;70
Toplice Sveti Martin;Sveti Martin na Muri;Međimurska županija;56
Topličica;Budinščina;Krapinsko-zagorska županija;138
Topličica;Novi Marof;Varaždinska županija;195
Topoline;Koška;Osječko-baranjska županija;121
Topolje;Draž;Osječko-baranjska županija;287
Topolje;Ivanić-Grad;Zagrebačka županija;102
Topolo;Dubrovačko primorje;Dubrovačko-neretvanska županija;92
Topolovac;Sisak;Sisačko-moslavačka županija;742
Topolovec;Vrbovec;Zagrebačka županija;131
Topolovec Pisarovinski;Pisarovina;Zagrebačka županija;53
Topolovica;Veliki Grđevac;Bjelovarsko-bilogorska županija;20
Topolovica;Vrbovsko;Primorsko-goranska županija;2
Topusko;Topusko;Sisačko-moslavačka županija;878
Toranj;Pakrac;Požeško-slavonska županija;72
Toranj;Velika;Požeško-slavonska županija;137
Tordinci;Tordinci;Vukovarsko-srijemska županija;594
Torjanci;Petlovac;Osječko-baranjska županija;244
Torčec;Drnje;Koprivničko-križevačka županija;496
Totovec;Čakovec;Međimurska županija;491
Tounj;Tounj;Karlovačka županija;323
Tovarnik;Tovarnik;Vukovarsko-srijemska županija;1385
Točak;Slunj;Karlovačka županija;57
Točak Perjasički;Barilović;Karlovačka županija;2
Točionik;Dubrovačko primorje;Dubrovačko-neretvanska županija;16
Trakošćan;Bednja;Varaždinska županija;19
Trapari;Pleternica;Požeško-slavonska županija;136
Trbounje;Drniš;Šibensko-kninska županija;181
Trebež;Jasenovac;Sisačko-moslavačka županija;39
Trebovec;Ivanić-Grad;Zagrebačka županija;323
Treglava;Grubišno Polje;Bjelovarsko-bilogorska županija;85
Trema;Sveti Ivan Žabno;Koprivničko-križevačka županija;584
Tremušnjak;Petrinja;Sisačko-moslavačka županija;16
Trenkovo;Velika;Požeško-slavonska županija;672
Trepča;Gvozd;Sisačko-moslavačka županija;5
Treštanovci;Jakšić;Požeško-slavonska županija;176
Trešćerovac;Ozalj;Karlovačka županija;18
Trg;Ozalj;Karlovačka županija;169
Trget;Raša;Istarska županija;31
Trgetari;Raša;Istarska županija;49
Trgovi;Dvor;Sisačko-moslavačka županija;83
Trgovišće;Hrašćina;Krapinsko-zagorska županija;55
Tribalj;Vinodolska općina;Primorsko-goranska županija;596
Triban – Tribano;Buje – Buie;Istarska županija;99
Tribanj;Starigrad;Zadarska županija;232
Tribulje;Dobrinj;Primorsko-goranska županija;55
Tribunj;Tribunj;Šibensko-kninska županija;1594
Trilj;Trilj;Splitsko-dalmatinska županija;1906
Tripari;Višnjan – Visignano;Istarska županija;19
Trn;Slivno;Dubrovačko-neretvanska županija;131
Trnakovac;Okučani;Brodsko-posavska županija;84
Trnava;Gornji Bogićevci;Brodsko-posavska županija;150
Trnava;Trnava;Osječko-baranjska županija;524
Trnava Cabunska;Suhopolje;Virovitičko-podravska županija;33
Trnavac;Plitvička Jezera;Ličko-senjska županija;4
Trnbusi;Omiš;Splitsko-dalmatinska županija;176
Trnjani;Garčin;Brodsko-posavska županija;697
Trnjanski Kuti;Oprisavci;Brodsko-posavska županija;284
Trnje;Velika Gorica;Zagrebačka županija;48
Trnova;Dubrovačko primorje;Dubrovačko-neretvanska županija;27
Trnovac;Gospić;Ličko-senjska županija;41
Trnovac;Velika;Požeško-slavonska županija;315
Trnovac Glinski;Glina;Sisačko-moslavačka županija;16
Trnovac Sokolovački;Sokolovac;Koprivničko-križevačka županija;89
Trnovec;Nedelišće;Međimurska županija;346
Trnovec;Trnovec Bartolovečki;Varaždinska županija;3750
Trnovec Desinićki;Desinić;Krapinsko-zagorska županija;111
Trnovi;Cetingrad;Karlovačka županija;0
Trnovica;Dubrovačko primorje;Dubrovačko-neretvanska županija;27
Trnovica;Jelenje;Primorsko-goranska županija;49
Trnovitički Popovac;Garešnica;Bjelovarsko-bilogorska županija;309
Trnovo;Generalski Stol;Karlovačka županija;10
Trogir;Trogir;Splitsko-dalmatinska županija;10107
Trojeglava;Dežanovac;Bjelovarsko-bilogorska županija;220
Trojstveni Markovac;Bjelovar;Bjelovarsko-bilogorska županija;1226
Trojvrh;Josipdol;Karlovačka županija;15
Trolokve;Prgomet;Splitsko-dalmatinska županija;101
Trombal;Vižinada – Visinada;Istarska županija;0
Tropeti;Čabar;Primorsko-goranska županija;9
Trošmarija;Ogulin;Karlovačka županija;91
Trpanj;Trpanj;Dubrovačko-neretvanska županija;594
Trpinja;Trpinja;Vukovarsko-srijemska županija;1130
Trstenik;Lanišće;Istarska županija;0
Trstenik;Marija Gorica;Zagrebačka županija;335
Trstenik;Orebić;Dubrovačko-neretvanska županija;115
Trstenik Nartski;Rugvica;Zagrebačka županija;492
Trsteno;Dubrovnik;Dubrovačko-neretvanska županija;215
Trsteno;Tuhelj;Krapinsko-zagorska županija;124
Trtnik Glinski;Glina;Sisačko-moslavačka županija;16
Trupinjak;Krnjak;Karlovačka županija;0
Trviž;Pazin;Istarska županija;416
Trški Lazi;Skrad;Primorsko-goranska županija;0
Trški Vrh;Krapina;Krapinsko-zagorska županija;400
Tršće;Čabar;Primorsko-goranska županija;280
Tržić;Klinča Sela;Zagrebačka županija;101
Tržić Primišljanski;Slunj;Karlovačka županija;9
Tržić Tounjski;Tounj;Karlovačka županija;4
Tugare;Omiš;Splitsko-dalmatinska županija;875
Tugonica;Marija Bistrica;Krapinsko-zagorska županija;517
Tuhelj;Tuhelj;Krapinsko-zagorska županija;195
Tuheljske Toplice;Tuhelj;Krapinsko-zagorska županija;338
Tuhovec;Varaždinske Toplice;Varaždinska županija;577
Tuk;Rovišće;Bjelovarsko-bilogorska županija;288
Tuk;Vrbovsko;Primorsko-goranska županija;47
Tuk Bjelopoljski;Plitvička Jezera;Ličko-senjska županija;17
Tuk Mrkopaljski;Mrkopalj;Primorsko-goranska županija;1
Tuk Vojni;Mrkopalj;Primorsko-goranska županija;21
Tuliševica;Lovran;Primorsko-goranska županija;192
Tulnik;Pleternica;Požeško-slavonska županija;16
Tupkovec;Gornji Mihaljevec;Međimurska županija;83
Tupljak;Pićan;Istarska županija;222
Tupčina;Žumberak;Zagrebačka županija;32
Turanj;Sveti Filip i Jakov;Zadarska županija;1121
Turanovac;Lukač;Virovitičko-podravska županija;563
Turjaci;Sinj;Splitsko-dalmatinska županija;1014
Turjanski;Vrhovine;Ličko-senjska županija;26
Turke;Delnice;Primorsko-goranska županija;19
Turkovići Ogulinski;Ogulin;Karlovačka županija;202
Turkovčina;Bedenica;Zagrebačka županija;296
Turnašica;Pitomača;Virovitičko-podravska županija;268
Turnić;Požega;Požeško-slavonska županija;61
Turnišće;Konjščina;Krapinsko-zagorska županija;199
Turnišće Desinićko;Desinić;Krapinsko-zagorska županija;98
Turnišće Klanječko;Veliko Trgovišće;Krapinsko-zagorska županija;49
Turnovo;Desinić;Krapinsko-zagorska županija;16
Turopolje;Velika Gorica;Zagrebačka županija;776
Turčenica;Glina;Sisačko-moslavačka županija;0
Turčević Polje;Grubišno Polje;Bjelovarsko-bilogorska županija;15
Turčin;Gornji Kneginec;Varaždinska županija;803
Turčić;Malinska-Dubašnica;Primorsko-goranska županija;17
Turčišće;Domašinec;Međimurska županija;467
Tusti Vrh;Skrad;Primorsko-goranska županija;16
Tučenik;Gradec;Zagrebačka županija;75
Tučepi;Tučepi;Splitsko-dalmatinska županija;1819
Tušilović;Karlovac;Karlovačka županija;532
Tuškani;Karlovac;Karlovačka županija;239
Tuštevac;Slivno;Dubrovačko-neretvanska županija;47
Tužno;Vidovec;Varaždinska županija;910
Tvrda Reka;Kapela;Bjelovarsko-bilogorska županija;23
Tvrđavica;Osijek;Osječko-baranjska županija;563
Uble;Lastovo;Dubrovačko-neretvanska županija;206
Udbina;Udbina;Ličko-senjska županija;738
Udbinja;Karlovac;Karlovačka županija;41
Udetin;Dvor;Sisačko-moslavačka županija;28
Udovičići;Otok;Splitsko-dalmatinska županija;398
Ugarci;Požega;Požeško-slavonska županija;43
Ugljan;Preko;Zadarska županija;1024
Ugljane;Trilj;Splitsko-dalmatinska županija;336
Uglješ;Darda;Osječko-baranjska županija;385
Ugrinić;Tkon;Zadarska županija;86
Uljanik;Garešnica;Bjelovarsko-bilogorska županija;230
Uljanički Brijeg;Garešnica;Bjelovarsko-bilogorska županija;14
Umag – Umago;Umag – Umago;Istarska županija;6751
Umetić;Donji Kukuruzari;Sisačko-moslavačka županija;68
Umljanović;Ružić;Šibensko-kninska županija;100
Umol;Bosiljevo;Karlovačka županija;28
Umčani;Vrgorac;Splitsko-dalmatinska županija;189
Unešić;Unešić;Šibensko-kninska županija;265
Unije;Mali Lošinj;Primorsko-goranska županija;66
Unčani;Dvor;Sisačko-moslavačka županija;135
Uskoci;Stara Gradiška;Brodsko-posavska županija;71
Uskoplje;Konavle;Dubrovačko-neretvanska županija;136
Ustrine;Mali Lošinj;Primorsko-goranska županija;21
Utinja;Karlovac;Karlovačka županija;2
Utinja Vrelo;Vojnić;Karlovačka županija;10
Utiskani;Ivanska;Bjelovarsko-bilogorska županija;143
Utolica;Hrvatska Kostajnica;Sisačko-moslavačka županija;43
Uzdolje;Biskupija;Šibensko-kninska županija;162
Uštica;Jasenovac;Sisačko-moslavačka županija;118
Vabriga;Tar-Vabriga – Torre-Abrega;Istarska županija;464
Vadalj;Primošten;Šibensko-kninska županija;90
Vadediji;Žminj;Istarska županija;58
Vadina;Luka;Zagrebačka županija;169
Vadreš;Barban;Istarska županija;56
Vaganac;Gospić;Ličko-senjska županija;25
Vagovina;Čazma;Bjelovarsko-bilogorska županija;333
Vajin Vrh;Josipdol;Karlovačka županija;17
Valbandon;Fažana – Fasana;Istarska županija;1675
Valbonaša;Medulin;Istarska županija;51
Valenovac;Feričanci;Osječko-baranjska županija;138
Valentinovo;Pregrada;Krapinsko-zagorska županija;151
Valentići;Kaštelir-Labinci – Castelliere-S. Domenica;Istarska županija;75
Valetić;Rakovec;Zagrebačka županija;41
Valica – Valizza;Umag – Umago;Istarska županija;252
Valići;Jelenje;Primorsko-goranska županija;0
Valkarin;Poreč – Parenzo;Istarska županija;52
Valpovo;Valpovo;Osječko-baranjska županija;6332
Valtura;Ližnjan – Lisignano;Istarska županija;773
Valun;Cres;Primorsko-goranska županija;64
Vanići;Dvor;Sisačko-moslavačka županija;50
Vantačići;Malinska-Dubašnica;Primorsko-goranska županija;186
Varaštovac;Ozalj;Karlovačka županija;7
Varaždin;Varaždin;Varaždinska županija;36187
Varaždin Breg;Gornji Kneginec;Varaždinska županija;1661
Varaždinske Toplice;Varaždinske Toplice;Varaždinska županija;1606
Vardarac;Bilje;Osječko-baranjska županija;504
Vardica – Vardiza;Umag – Umago;Istarska županija;68
Varivode;Kistanje;Šibensko-kninska županija;61
Varoš;Perušić;Ličko-senjska županija;76
Varoš Bosiljevski;Bosiljevo;Karlovačka županija;15
Varvari;Poreč – Parenzo;Istarska županija;951
Vasine Laze;Požega;Požeško-slavonska županija;20
Vaćani;Skradin;Šibensko-kninska županija;105
Vaška;Sopje;Virovitičko-podravska županija;242
Važminež;Cres;Primorsko-goranska županija;0
Vedašić;Udbina;Ličko-senjska županija;2
Vedrine;Trilj;Splitsko-dalmatinska županija;815
Vedro Polje;Sunja;Sisačko-moslavačka županija;95
Vejaki;Višnjan – Visignano;Istarska županija;17
Vela Luka;Vela Luka;Dubrovačko-neretvanska županija;3772
Vela Traba;Pazin;Istarska županija;245
Vela Učka;Opatija;Primorsko-goranska županija;41
Vele Mune;Matulji;Primorsko-goranska županija;119
Vele Srakane;Mali Lošinj;Primorsko-goranska županija;4
Veleniki;Poreč – Parenzo;Istarska županija;116
Veleševec;Orle;Zagrebačka županija;369
Veleškovec;Zlatar Bistrica;Krapinsko-zagorska županija;247
Veli Brgud;Matulji;Primorsko-goranska županija;533
Veli Dol;Kraljevica;Primorsko-goranska županija;161
Veli Golji;Sveta Nedelja;Istarska županija;63
Veli Iž;Zadar;Zadarska županija;323
Veli Lošinj;Mali Lošinj;Primorsko-goranska županija;857
Veli Mlun;Buzet;Istarska županija;68
Veli Rat;Sali;Zadarska županija;91
Veli Turini;Sveta Nedelja;Istarska županija;39
Velika;Velika;Požeško-slavonska županija;1650
Velika Babina Gora;Đulovac;Bjelovarsko-bilogorska županija;31
Velika Barna;Grubišno Polje;Bjelovarsko-bilogorska županija;246
Velika Branjska;Sokolovac;Koprivničko-križevačka županija;25
Velika Bršljanica;Garešnica;Bjelovarsko-bilogorska županija;155
Velika Buna;Velika Gorica;Zagrebačka županija;836
Velika Crkvina;Krnjak;Karlovačka županija;25
Velika Dapčevica;Grubišno Polje;Bjelovarsko-bilogorska županija;30
Velika Erpenja;Veliko Trgovišće;Krapinsko-zagorska županija;83
Velika Glava;Skradin;Šibensko-kninska županija;40
Velika Gora;Pregrada;Krapinsko-zagorska županija;65
Velika Gora;Sveti Ivan Zelina;Zagrebačka županija;58
Velika Gorica;Velika Gorica;Zagrebačka županija;30036
Velika Gradusa;Sunja;Sisačko-moslavačka županija;48
Velika Horvatska;Desinić;Krapinsko-zagorska županija;234
Velika Hrastilnica;Križ;Zagrebačka županija;122
Velika Jamnička;Pisarovina;Zagrebačka županija;199
Velika Jasenovača;Grubišno Polje;Bjelovarsko-bilogorska županija;35
Velika Jazbina;Samobor;Zagrebačka županija;264
Velika Klisa;Đulovac;Bjelovarsko-bilogorska županija;0
Velika Kopanica;Velika Kopanica;Brodsko-posavska županija;1412
Velika Kosnica;Velika Gorica;Zagrebačka županija;738
Velika Lešnica;Delnice;Primorsko-goranska županija;4
Velika Ludina;Velika Ludina;Sisačko-moslavačka županija;697
Velika Milešina;Muć;Splitsko-dalmatinska županija;24
Velika Mlaka;Velika Gorica;Zagrebačka županija;3395
Velika Mlinska;Velika Trnovitica;Bjelovarsko-bilogorska županija;92
Velika Mučna;Sokolovac;Koprivničko-križevačka županija;293
Velika Ostrna;Dugo Selo;Zagrebačka županija;1136
Velika Paka;Žakanje;Karlovačka županija;46
Velika Peratovica;Grubišno Polje;Bjelovarsko-bilogorska županija;17
Velika Petrovagorska;Lobor;Krapinsko-zagorska županija;224
Velika Pisanica;Velika Pisanica;Bjelovarsko-bilogorska županija;830
Velika Plana;Gospić;Ličko-senjska županija;40
Velika Popina;Gračac;Zadarska županija;42
Velika Rakovica;Samobor;Zagrebačka županija;507
Velika Rasinjica;Rasinja;Koprivničko-križevačka županija;16
Velika Solina;Glina;Sisačko-moslavačka županija;33
Velika Trapinska;Suhopolje;Virovitičko-podravska županija;8
Velika Trnava;Hercegovac;Bjelovarsko-bilogorska županija;247
Velika Trnovitica;Velika Trnovitica;Bjelovarsko-bilogorska županija;486
Velika Ves;Krapina;Krapinsko-zagorska županija;722
Velika Veternička;Novi Golubovec;Krapinsko-zagorska županija;247
Velika Voda;Delnice;Primorsko-goranska županija;0
Velika Vranovina;Topusko;Sisačko-moslavačka županija;124
Velika Črešnjevica;Pitomača;Virovitičko-podravska županija;385
Velike Brisnice;Senj;Ličko-senjska županija;0
Velike Drage;Brod Moravice;Primorsko-goranska županija;20
Velike Sesvete;Križevci;Koprivničko-križevačka županija;62
Veliki Banovac;Pakrac;Požeško-slavonska županija;138
Veliki Bastaji;Đulovac;Bjelovarsko-bilogorska županija;532
Veliki Bilač;Čaglin;Požeško-slavonska županija;27
Veliki Botinovac;Sokolovac;Koprivničko-križevačka županija;70
Veliki Brezovec;Gradec;Zagrebačka županija;161
Veliki Bročanac;Klis;Splitsko-dalmatinska županija;184
Veliki Budići;Pakrac;Požeško-slavonska županija;3
Veliki Bukovec;Mače;Krapinsko-zagorska županija;292
Veliki Bukovec;Veliki Bukovec;Varaždinska županija;660
Veliki Erjavec;Ozalj;Karlovačka županija;11
Veliki Gorenec;Bednja;Varaždinska županija;36
Veliki Grabičani;Rasinja;Koprivničko-križevačka županija;65
Veliki Gradac;Glina;Sisačko-moslavačka županija;80
Veliki Grđevac;Veliki Grđevac;Bjelovarsko-bilogorska županija;1054
Veliki Jadrč;Vrbovsko;Primorsko-goranska županija;49
Veliki Komor;Mače;Krapinsko-zagorska županija;326
Veliki Kozinac;Barilović;Karlovačka županija;14
Veliki Lipovec;Samobor;Zagrebačka županija;72
Veliki Lovrečan;Cestica;Varaždinska županija;312
Veliki Miletinac;Đulovac;Bjelovarsko-bilogorska županija;50
Veliki Modruš Potok;Netretić;Karlovačka županija;18
Veliki Obljaj;Glina;Sisačko-moslavačka županija;9
Veliki Otok;Legrad;Koprivničko-križevačka županija;242
Veliki Pašijan;Garešnica;Bjelovarsko-bilogorska županija;300
Veliki Poganac;Rasinja;Koprivničko-križevačka županija;165
Veliki Potočec;Križevci;Koprivničko-križevačka županija;360
Veliki Prokop;Garešnica;Bjelovarsko-bilogorska županija;25
Veliki Prolog;Vrgorac;Splitsko-dalmatinska županija;317
Veliki Rastovac;Crnac;Virovitičko-podravska županija;193
Veliki Raven;Križevci;Koprivničko-križevačka županija;234
Veliki Vareški;Marčana;Istarska županija;16
Veliki Vrh;Žumberak;Zagrebačka županija;6
Veliki Vrh Kamanjski;Kamanje;Karlovačka županija;49
Veliki Zdenci;Grubišno Polje;Bjelovarsko-bilogorska županija;727
Veliki Šušnjar;Petrinja;Sisačko-moslavačka županija;65
Veliki Žitnik;Gospić;Ličko-senjska županija;34
Veliko Brdo;Makarska;Splitsko-dalmatinska županija;492
Veliko Korenovo;Bjelovar;Bjelovarsko-bilogorska županija;461
Veliko Krčevo;Majur;Sisačko-moslavačka županija;48
Veliko Polje;;Grad Zagreb;2122
Veliko Polje;Lukač;Virovitičko-podravska županija;202
Veliko Selce;Skrad;Primorsko-goranska županija;70
Veliko Svinjičko;Sisak;Sisačko-moslavačka županija;226
Veliko Trgovišće;Veliko Trgovišće;Krapinsko-zagorska županija;1193
Veliko Trojstvo;Veliko Trojstvo;Bjelovarsko-bilogorska županija;1075
Veliko Vukovje;Garešnica;Bjelovarsko-bilogorska županija;187
Velim;Stankovci;Zadarska županija;125
Velimirovac;Našice;Osječko-baranjska županija;946
Velinci;Kumrovec;Krapinsko-zagorska županija;90
Velić;Trilj;Splitsko-dalmatinska županija;266
Velići;Vižinada – Visinada;Istarska županija;45
Veliškovci;Belišće;Osječko-baranjska županija;561
Veljaki;Kršan;Istarska županija;116
Veljun;Slunj;Karlovačka županija;90
Veljun Primorski;Senj;Ličko-senjska županija;57
Veljunska Glina;Slunj;Karlovačka županija;5
Veljunski Ponorac;Slunj;Karlovačka županija;11
Velo Grablje;Hvar;Splitsko-dalmatinska županija;20
Velušić;Drniš;Šibensko-kninska županija;78
Venac Mrežnički;Duga Resa;Karlovačka županija;131
Venje;Kutjevo;Požeško-slavonska županija;86
Veprinac;Opatija;Primorsko-goranska županija;1008
Vera;Trpinja;Vukovarsko-srijemska županija;346
Verunić;Sali;Zadarska županija;54
Vesela;Pleternica;Požeško-slavonska županija;110
Veselići;Ribnik;Karlovačka županija;35
Veternica;Novi Golubovec;Krapinsko-zagorska županija;125
Vetovo;Kutjevo;Požeško-slavonska županija;757
Vezac;Primošten;Šibensko-kninska županija;73
Vezišće;Križ;Zagrebačka županija;220
Većeslavec;Križevci;Koprivničko-križevačka županija;95
Vežnaveri;Poreč – Parenzo;Istarska županija;82
Vid;Metković;Dubrovačko-neretvanska županija;690
Vidalići;Novalja;Ličko-senjska županija;23
Videkić Selo;Slunj;Karlovačka županija;14
Vidonje;Zažablje;Dubrovačko-neretvanska županija;2
Vidovac Cesarički;Karlobag;Ličko-senjska županija;58
Vidovci;Požega;Požeško-slavonska županija;1264
Vidovec;Vidovec;Varaždinska županija;769
Vidovec Krapinski;Krapina;Krapinsko-zagorska županija;183
Vidovec Petrovski;Krapina;Krapinsko-zagorska županija;66
Vidovići;Cres;Primorsko-goranska županija;4
Vidrenjak;Velika Ludina;Sisačko-moslavačka županija;481
Vidulini;Žminj;Istarska županija;49
Viganj;Orebić;Dubrovačko-neretvanska županija;236
Vijenac Barilovićki;Barilović;Karlovačka županija;47
Vilanci;Veliko Trgovišće;Krapinsko-zagorska županija;116
Vilanija – Villania;Umag – Umago;Istarska županija;284
Viletinec;Lepoglava;Varaždinska županija;150
Vilić Selo;Brestovac;Požeško-slavonska županija;120
Viljevo;Viljevo;Osječko-baranjska županija;987
Vina;Vrgorac;Splitsko-dalmatinska županija;115
Vinagora;Pregrada;Krapinsko-zagorska županija;32
Vinalić;Vrlika;Splitsko-dalmatinska županija;137
Vinarec;Sveti Petar Orehovec;Koprivničko-križevačka županija;158
Vinež;Labin;Istarska županija;1172
Vini Vrh;Ozalj;Karlovačka županija;2
Vinica;Vinica;Varaždinska županija;965
Vinica Breg;Vinica;Varaždinska županija;250
Vinine;Trilj;Splitsko-dalmatinska županija;16
Vinipotok;Lobor;Krapinsko-zagorska županija;311
Vinično;Visoko;Varaždinska županija;255
Vinišće;Marina;Splitsko-dalmatinska županija;660
Vinjerac;Posedarje;Zadarska županija;173
Vinkovački Banovci;Nijemci;Vukovarsko-srijemska županija;117
Vinkovci;Vinkovci;Vukovarsko-srijemska županija;28111
Vinkovec;Preseka;Zagrebačka županija;121
Vinkuran;Medulin;Istarska županija;652
Vinogradci;Belišće;Osječko-baranjska županija;211
Vinogradi Ludbreški;Ludbreg;Varaždinska županija;679
Vinovac;Marina;Splitsko-dalmatinska županija;68
Vinski Vrh;Netretić;Karlovačka županija;99
Vinterovec;Gornja Stubica;Krapinsko-zagorska županija;44
Vintijan;Medulin;Istarska županija;186
Vir;Vir;Zadarska županija;3045
Virje;Virje;Koprivničko-križevačka županija;2811
Virje Križovljansko;Cestica;Varaždinska županija;263
Virovitica;Virovitica;Virovitičko-podravska županija;13486
Vis;Vis;Splitsko-dalmatinska županija;1582
Visoka;Unešić;Šibensko-kninska županija;25
Visoka Greda;Vrbje;Brodsko-posavska županija;167
Visoko;Visoko;Varaždinska županija;454
Visovi;Kapela;Bjelovarsko-bilogorska županija;46
Visoće;Žumberak;Zagrebačka županija;15
Visočane;Poličnik;Zadarska županija;350
Visočani;Dubrovačko primorje;Dubrovačko-neretvanska županija;102
Visuć;Udbina;Ličko-senjska županija;25
Vitaljina;Konavle;Dubrovačko-neretvanska županija;153
Vitešinec;Ivanec;Varaždinska županija;86
Vitunj;Ogulin;Karlovačka županija;77
Vivodina;Ozalj;Karlovačka županija;75
Viča Sela;Krapinske Toplice;Krapinsko-zagorska županija;193
Viškovci;Pleternica;Požeško-slavonska županija;160
Viškovci;Viškovci;Osječko-baranjska županija;920
Viškovići;Raša;Istarska županija;129
Viškovo;Viškovo;Primorsko-goranska županija;3602
Višnjan;Višnjan – Visignano;Istarska županija;664
Višnjevac;Osijek;Osječko-baranjska županija;5870
Višnjevac;Veliko Trojstvo;Bjelovarsko-bilogorska županija;89
Višnjevec;Pregrada;Krapinsko-zagorska županija;142
Višnjevec Podvrški;Samobor;Zagrebačka županija;30
Višnjica;Jasenovac;Sisačko-moslavačka županija;119
Višnjica;Sopje;Virovitičko-podravska županija;3
Višnjica;Vrgorac;Splitsko-dalmatinska županija;12
Višći Vrh;Žumberak;Zagrebačka županija;4
Vižanovec;Zlatar;Krapinsko-zagorska županija;111
Vižinada;Vižinada – Visinada;Istarska županija;269
Vižintini Vrhi – Visintini Monti;Oprtalj – Portole;Istarska županija;13
Vižintini – Visintini;Oprtalj – Portole;Istarska županija;24
Vižovlje;Veliko Trgovišće;Krapinsko-zagorska županija;233
Vladimirovac;Gradina;Virovitičko-podravska županija;34
Vladislavci;Vladislavci;Osječko-baranjska županija;919
Vladisovo;Staro Petrovo Selo;Brodsko-posavska županija;7
Vlahović;Glina;Sisačko-moslavačka županija;43
Vlaislav;Novigrad Podravski;Koprivničko-križevačka županija;168
Vlaka;Slivno;Dubrovačko-neretvanska županija;268
Vlaka;Vrgorac;Splitsko-dalmatinska županija;25
Vlatkovac;Čaglin;Požeško-slavonska županija;64
Vlašić Brdo;Žumberak;Zagrebačka županija;0
Vlašići;Pag;Zadarska županija;212
Vlaškovec;Jastrebarsko;Zagrebačka županija;94
Vode;Čabar;Primorsko-goranska županija;32
Vodena Draga;Bosiljevo;Karlovačka županija;27
Vodice;Cres;Primorsko-goranska županija;5
Vodice;Lanišće;Istarska županija;9
Vodice;Vodice;Šibensko-kninska županija;6592
Vodnjan;Vodnjan – Dignano;Istarska županija;3133
Vodostaj;Karlovac;Karlovačka županija;298
Vodoteč;Brinje;Ličko-senjska županija;33
Vodovađa;Konavle;Dubrovačko-neretvanska županija;190
Vojakovac;Križevci;Koprivničko-križevačka županija;207
Vojišnica;Vojnić;Karlovačka županija;314
Vojlovica;Čačinci;Virovitičko-podravska županija;16
Vojnić;Vojnić;Karlovačka županija;1099
Vojnić Sinjski;Trilj;Splitsko-dalmatinska županija;433
Vojnić-Breg;Bedekovčina;Krapinsko-zagorska županija;120
Vojnovac;Josipdol;Karlovačka županija;74
Vojnovec Kalnički;Kalnik;Koprivničko-križevačka županija;112
Vojnovec Loborski;Lobor;Krapinsko-zagorska županija;324
Vojnović Brdo;Krnjak;Karlovačka županija;5
Vojsak;Pregrada;Krapinsko-zagorska županija;107
Vojvodinec;Rasinja;Koprivničko-križevačka županija;55
Volarice;Senj;Ličko-senjska županija;66
Volavec;Gornja Stubica;Krapinsko-zagorska županija;18
Volavje;Jastrebarsko;Zagrebačka županija;374
Volinja;Dvor;Sisačko-moslavačka županija;43
Voljavec Riječki;Sveti Petar Orehovec;Koprivničko-križevačka županija;25
Voloder;Popovača;Sisačko-moslavačka županija;1574
Vorkapić;Topusko;Sisačko-moslavačka županija;10
Vozilići;Kršan;Istarska županija;224
Voćarica;Novska;Sisačko-moslavačka županija;146
Voćin;Voćin;Virovitičko-podravska županija;956
Vođinci;Vođinci;Vukovarsko-srijemska županija;1634
Voštane;Trilj;Splitsko-dalmatinska županija;26
Vošteni;Sveti Lovreč;Istarska županija;49
Vrabač;Trilj;Splitsko-dalmatinska županija;219
Vrana;Cres;Primorsko-goranska županija;7
Vrana;Pakoštane;Zadarska županija;778
Vraneševci;Čađavica;Virovitičko-podravska županija;113
Vranik;Lovinac;Ličko-senjska županija;8
Vranić;Brestovac;Požeško-slavonska županija;0
Vranići kod Višnjana;Višnjan – Visignano;Istarska županija;41
Vranići kod Vižinade;Vižinada – Visinada;Istarska županija;0
Vranja;Lupoglav;Istarska županija;92
Vranjak Žumberački;Krašić;Zagrebačka županija;0
Vranje Selo;Vižinada – Visinada;Istarska županija;48
Vranjic;Solin;Splitsko-dalmatinska županija;1064
Vrankovec;Sveti Križ Začretje;Krapinsko-zagorska županija;224
Vranojelje;Bednja;Varaždinska županija;114
Vranov Dol;Jastrebarsko;Zagrebačka županija;117
Vranovača;Plitvička Jezera;Ličko-senjska županija;132
Vranovci;Bukovlje;Brodsko-posavska županija;575
Vranovine;Gospić;Ličko-senjska županija;27
Vrata;Fužine;Primorsko-goranska županija;210
Vrataruša;Senj;Ličko-senjska županija;5
Vratečko;Petrinja;Sisačko-moslavačka županija;38
Vratišinec;Vratišinec;Međimurska županija;1155
Vratnik;Senj;Ličko-senjska županija;56
Vratnik Samoborski;Samobor;Zagrebačka županija;93
Vratno Otok;Cestica;Varaždinska županija;72
Vrbani;Vižinada – Visinada;Istarska županija;8
Vrbanj;Stari Grad;Splitsko-dalmatinska županija;458
Vrbanja;Vrbanja;Vukovarsko-srijemska županija;1583
Vrbanovec;Martijanec;Varaždinska županija;561
Vrbanska Draga;Ozalj;Karlovačka županija;18
Vrbica;Semeljci;Osječko-baranjska županija;614
Vrbica;Veliko Trojstvo;Bjelovarsko-bilogorska županija;93
Vrbišnica;Hum na Sutli;Krapinsko-zagorska županija;245
Vrbje;Vrbje;Brodsko-posavska županija;358
Vrbnik;Biskupija;Šibensko-kninska županija;297
Vrbnik;Vrbnik;Primorsko-goranska županija;887
Vrbno;Bednja;Varaždinska županija;228
Vrboska;Jelsa;Splitsko-dalmatinska županija;542
Vrbova;Staro Petrovo Selo;Brodsko-posavska županija;686
Vrbovac;Daruvar;Bjelovarsko-bilogorska županija;508
Vrbovec;Vrbovec;Zagrebačka županija;4551
Vrbovec Samoborski;Samobor;Zagrebačka županija;263
Vrbovečki Pavlovec;Vrbovec;Zagrebačka županija;402
Vrbovljani;Okučani;Brodsko-posavska županija;135
Vrbovo;Hrašćina;Krapinsko-zagorska županija;258
Vrbovo Posavsko;Orle;Zagrebačka županija;150
Vrbovsko;Vrbovsko;Primorsko-goranska županija;1257
Vrebac;Gospić;Ličko-senjska županija;46
Vrelo Koreničko;Plitvička Jezera;Ličko-senjska županija;102
Vrećari;Sveta Nedelja;Istarska županija;199
Vrgada;Pakoštane;Zadarska županija;209
Vrginmost;Gvozd;Sisačko-moslavačka županija;860
Vrgorac;Vrgorac;Splitsko-dalmatinska županija;2132
Vrh;Buzet;Istarska županija;109
Vrh;Krk;Primorsko-goranska županija;939
Vrh Brodski;Skrad;Primorsko-goranska županija;0
Vrh Lašići;Vižinada – Visinada;Istarska županija;44
Vrh Letovanićki;Lekenik;Sisačko-moslavačka županija;58
Vrh Visočki;Visoko;Varaždinska županija;87
Vrhi Pregradski;Pregrada;Krapinsko-zagorska županija;336
Vrhi Vinagorski;Pregrada;Krapinsko-zagorska županija;94
Vrhjani;Višnjan – Visignano;Istarska županija;13
Vrhova Gorica;Bosiljevo;Karlovačka županija;8
Vrhovac;Ozalj;Karlovačka županija;307
Vrhovac Sokolovački;Sokolovac;Koprivničko-križevačka županija;64
Vrhovački Sopot;Ozalj;Karlovačka županija;90
Vrhovci;Čabar;Primorsko-goranska županija;120
Vrhovec;Vrbovec;Zagrebačka županija;138
Vrhovec Bednjanski;Bednja;Varaždinska županija;33
Vrhovina;Garčin;Brodsko-posavska županija;172
Vrhovine;Vrhovine;Ličko-senjska županija;218
Vrhovljan;Sveti Martin na Muri;Međimurska županija;260
Vrhovčak;Samobor;Zagrebačka županija;356
Vrisnik;Jelsa;Splitsko-dalmatinska županija;186
Vrlika;Vrlika;Splitsko-dalmatinska županija;718
Vrnjak – Vergnacco;Grožnjan – Grisignana;Istarska županija;0
Vrpile;Plitvička Jezera;Ličko-senjska županija;8
Vrpolje;Knin;Šibensko-kninska županija;159
Vrpolje;Trilj;Splitsko-dalmatinska županija;68
Vrpolje;Vrpolje;Brodsko-posavska županija;1396
Vrpolje;Šibenik;Šibensko-kninska županija;731
Vrsar;Vrsar – Orsera;Istarska županija;1535
Vrsi;Vrsi;Zadarska županija;1613
Vrsine;Marina;Splitsko-dalmatinska županija;291
Vrsno;Šibenik;Šibensko-kninska županija;58
Vrtlinovec;Varaždinske Toplice;Varaždinska županija;353
Vrtlinska;Čazma;Bjelovarsko-bilogorska županija;128
Vrtnjakovec;Krapinske Toplice;Krapinsko-zagorska županija;228
Vrzići;Senj;Ličko-senjska županija;6
Vrčin Dol;Pleternica;Požeško-slavonska županija;1
Vrčići;Pag;Zadarska županija;27
Vrškovac;Ozalj;Karlovačka županija;117
Vuglovec;Ivanec;Varaždinska županija;304
Vugrišinec;Gornji Mihaljevec;Međimurska županija;196
Vugrovec;;Grad Zagreb;920
Vugrovec Gornji;;Grad Zagreb;305
Vujići Vojakovački;Križevci;Koprivničko-križevačka županija;54
Vujnovići;Vrbovsko;Primorsko-goranska županija;32
Vuka;Vuka;Osječko-baranjska županija;764
Vukanci;Mače;Krapinsko-zagorska županija;216
Vukanovec;Gornji Mihaljevec;Međimurska županija;227
Vukelići;Vrbovsko;Primorsko-goranska županija;17
Vuketić;Ozalj;Karlovačka županija;16
Vukmanić;Karlovac;Karlovačka županija;194
Vukoder;Karlovac;Karlovačka županija;88
Vukojevci;Našice;Osječko-baranjska županija;713
Vukojevica;Čaglin;Požeško-slavonska županija;61
Vukomerić;Velika Gorica;Zagrebačka županija;125
Vukosavljevica;Špišić Bukovica;Virovitičko-podravska županija;507
Vukova Gorica;Netretić;Karlovačka županija;52
Vukovar;Vukovar;Vukovarsko-srijemska županija;22255
Vukovec;Sveti Petar Orehovec;Koprivničko-križevačka županija;75
Vukovije;Đulovac;Bjelovarsko-bilogorska županija;91
Vukovina;Velika Gorica;Zagrebačka županija;884
Vukovje Zelinsko;Sveti Ivan Zelina;Zagrebačka županija;84
Vukovo Brdo;Žumberak;Zagrebačka županija;9
Vukovo Selo;Brdovec;Zagrebačka županija;408
Vukovoj;Klenovnik;Varaždinska županija;81
Vukoševac;Sunja;Sisačko-moslavačka županija;10
Vuksani;Ozalj;Karlovačka županija;10
Vukšin Šipak;Jastrebarsko;Zagrebačka županija;255
Vukšinec Riječki;Gornja Rijeka;Koprivničko-križevačka županija;72
Vukšić;Benkovac;Zadarska županija;488
Vularija;Orehovica;Međimurska županija;363
Vulišinec;Lepoglava;Varaždinska županija;202
Vurnovec;;Grad Zagreb;192
Vurot;Sisak;Sisačko-moslavačka županija;112
Vučak;Donja Stubica;Krapinsko-zagorska županija;437
Vučani;Čazma;Bjelovarsko-bilogorska županija;79
Vučetinec;Sveti Juraj na Bregu;Međimurska županija;569
Vučevci;Viškovci;Osječko-baranjska županija;221
Vučevica;Klis;Splitsko-dalmatinska županija;44
Vučilčevo;Dubravica;Zagrebačka županija;130
Vučinići;Vrbovsko;Primorsko-goranska županija;58
Vučipolje;Gračac;Zadarska županija;1
Vučipolje;Hrvace;Splitsko-dalmatinska županija;69
Vučjak Feričanački;Feričanci;Osječko-baranjska županija;226
Vučnik;Vrbovsko;Primorsko-goranska županija;12
Zablatje;Legrad;Koprivničko-križevačka županija;171
Zablatje Posavsko;Velika Gorica;Zagrebačka županija;69
Zabok;Zabok;Krapinsko-zagorska županija;3408
Zaborsko Selo;Netretić;Karlovačka županija;12
Zabrežani;Pazin;Istarska županija;454
Zabrđe;Gradec;Zagrebačka županija;113
Zabrđe;Ston;Dubrovačko-neretvanska županija;42
Zabukovac;Novi Vinodolski;Primorsko-goranska županija;0
Zadar;Zadar;Zadarska županija;67309
Zadobarje;Karlovac;Karlovačka županija;315
Zadravec;Bedekovčina;Krapinsko-zagorska županija;98
Zadrkovec;Sveti Ivan Zelina;Zagrebačka županija;152
Zadubravlje;Garčin;Brodsko-posavska županija;750
Zadvarje;Zadvarje;Splitsko-dalmatinska županija;289
Zadvorsko;;Grad Zagreb;1260
Zaglav;Sali;Zadarska županija;171
Zagolik;Delnice;Primorsko-goranska županija;1
Zagora;Krapina;Krapinsko-zagorska županija;88
Zagore;Mošćenička Draga;Primorsko-goranska županija;76
Zagorje;Krnjak;Karlovačka županija;39
Zagorje;Kršan;Istarska županija;104
Zagorje;Ogulin;Karlovačka županija;102
Zagorska Sela;Zagorska Sela;Krapinsko-zagorska županija;263
Zagrad;Benkovac;Zadarska županija;49
Zagradci;Netretić;Karlovačka županija;225
Zagraj;Karlovac;Karlovačka županija;59
Zagrađe;Pleternica;Požeško-slavonska županija;366
Zagreb;;Grad Zagreb;663592
Zagvozd;Zagvozd;Splitsko-dalmatinska županija;640
Zahrt;Brod Moravice;Primorsko-goranska županija;3
Zaistovec;Sveti Petar Orehovec;Koprivničko-križevačka županija;229
Zajačko Selo;Ozalj;Karlovačka županija;161
Zajci;Pićan;Istarska županija;219
Zajezda;Budinščina;Krapinsko-zagorska županija;293
Zaklepica;Ivanić-Grad;Zagrebačka županija;74
Zaklopac;Gračac;Zadarska županija;12
Zaklopatica;Lastovo;Dubrovačko-neretvanska županija;104
Zaklopača;Plitvička Jezera;Ličko-senjska županija;2
Zakopa;Dvor;Sisačko-moslavačka županija;24
Zakorenje;Brestovac;Požeško-slavonska županija;145
Zakrajc Brodski;Skrad;Primorsko-goranska županija;1
Zakrajc Turkovski;Delnice;Primorsko-goranska županija;0
Zakučac;Omiš;Splitsko-dalmatinska županija;156
Zalesina;Delnice;Primorsko-goranska županija;31
Zaloj;Glina;Sisačko-moslavačka županija;18
Zalug;Hum na Sutli;Krapinsko-zagorska županija;102
Zaluka;Ozalj;Karlovačka županija;18
Zaluka Lipnička;Žakanje;Karlovačka županija;131
Zaluki;Matulji;Primorsko-goranska županija;68
Zalužje;Lepoglava;Varaždinska županija;126
Zalužnica;Vrhovine;Ličko-senjska županija;101
Zamask;Pazin;Istarska županija;50
Zamaski Dol;Pazin;Istarska županija;42
Zamaslina;Ston;Dubrovačko-neretvanska županija;70
Zambratija – Zambrattia;Umag – Umago;Istarska županija;438
Zamladinec;Sveti Petar Orehovec;Koprivničko-križevačka županija;86
Zamlaka;Trnovec Bartolovečki;Varaždinska županija;395
Zamlača;Dvor;Sisačko-moslavačka županija;75
Zamlača;Vidovec;Varaždinska županija;337
Zamost;Čabar;Primorsko-goranska županija;18
Zamost Brodski;Delnice;Primorsko-goranska županija;35
Zamršje;Karlovac;Karlovačka županija;144
Zankovci;Kršan;Istarska županija;9
Zaostrog;Gradac;Splitsko-dalmatinska županija;220
Zapeć;Vrbovsko;Primorsko-goranska županija;10
Zapoljak;Slunj;Karlovačka županija;1
Zapolje;Rešetari;Brodsko-posavska županija;331
Zapolje Brodsko;Delnice;Primorsko-goranska županija;12
Zaprešić;Zaprešić;Zagrebačka županija;18768
Zapuntel;Zadar;Zadarska županija;42
Zapužane;Benkovac;Zadarska županija;45
Zaraće;Hvar;Splitsko-dalmatinska županija;8
Zarečje;Pazin;Istarska županija;294
Zarilac;Pleternica;Požeško-slavonska županija;116
Zasadbreg;Sveti Juraj na Bregu;Međimurska županija;871
Zasiok;Hrvace;Splitsko-dalmatinska županija;24
Zastenice;Čavle;Primorsko-goranska županija;338
Zastolje;Konavle;Dubrovačko-neretvanska županija;136
Zastražišće;Jelsa;Splitsko-dalmatinska županija;126
Zatka Čepić;Kršan;Istarska županija;29
Zatoglav;Rogoznica;Šibensko-kninska županija;55
Zaton;Dubrovnik;Dubrovačko-neretvanska županija;1024
Zaton;Nin;Zadarska županija;595
Zaton;Šibenik;Šibensko-kninska županija;929
Zaton Doli;Ston;Dubrovačko-neretvanska županija;56
Zaton Obrovački;Jasenice;Zadarska županija;95
Zaumol;Vrbovsko;Primorsko-goranska županija;27
Zavala;Jelsa;Splitsko-dalmatinska županija;170
Zavala;Slivno;Dubrovačko-neretvanska županija;0
Zaveščak;Selnica;Međimurska županija;212
Zavojane;Vrgorac;Splitsko-dalmatinska županija;189
Zavođe;Gospić;Ličko-senjska županija;1
Zavrelje;Župa dubrovačka;Dubrovačko-neretvanska županija;178
Zavrh;Brod Moravice;Primorsko-goranska županija;1
Završje;Brestovac;Požeško-slavonska županija;292
Završje;Brod Moravice;Primorsko-goranska županija;0
Završje;Sibinj;Brodsko-posavska županija;271
Završje Belečko;Zlatar;Krapinsko-zagorska županija;56
Završje Loborsko;Lobor;Krapinsko-zagorska županija;266
Završje Netretićko;Netretić;Karlovačka županija;53
Završje Podbelsko;Novi Marof;Varaždinska županija;779
Završje Začretsko;Sveti Križ Začretje;Krapinsko-zagorska županija;33
Završje – Piemonte d'Istria;Grožnjan – Grisignana;Istarska županija;39
Zbelava;Varaždin;Varaždinska županija;435
Zbičina;Cres;Primorsko-goranska županija;3
Zbišina;Cres;Primorsko-goranska županija;2
Zbjeg;Bebrina;Brodsko-posavska županija;362
Zbjegovača;Kutina;Sisačko-moslavačka županija;311
Zdenac;Tounj;Karlovačka županija;178
Zdenci;Zdenci;Virovitičko-podravska županija;737
Zdenci Brdovečki;Brdovec;Zagrebačka županija;1169
Zdenčac;Garešnica;Bjelovarsko-bilogorska županija;365
Zdenčec;Čazma;Bjelovarsko-bilogorska županija;76
Zdihovo;Jastrebarsko;Zagrebačka županija;288
Zdihovo;Vrbovsko;Primorsko-goranska županija;29
Zebanec Selo;Selnica;Međimurska županija;312
Zeci;Žminj;Istarska županija;31
Zelendvor;Petrijanec;Varaždinska županija;124
Zelengrad;Obrovac;Zadarska županija;73
Zeleno Polje;Petlovac;Osječko-baranjska županija;13
Zelin Crnoluški;Delnice;Primorsko-goranska županija;0
Zelin Mrzlovodički;Lokve;Primorsko-goranska županija;14
Zelina Breška;Ivanić-Grad;Zagrebačka županija;76
Zelovo;Muć;Splitsko-dalmatinska županija;35
Zelovo;Sinj;Splitsko-dalmatinska županija;122
Zelčin;Valpovo;Osječko-baranjska županija;297
Zemunik Donji;Zemunik Donji;Zadarska županija;1557
Zemunik Gornji;Zemunik Donji;Zadarska županija;437
Zetkan;Dubrava;Zagrebačka županija;179
Zečev Varoš;Slunj;Karlovačka županija;17
Zečevo;Kistanje;Šibensko-kninska županija;24
Zečevo Rogozničko;Rogoznica;Šibensko-kninska županija;234
Zgališće;Dubrava;Zagrebačka županija;216
Zgrabljići;Sveti Lovreč;Istarska županija;32
Zgurić Brdo;Pokupsko;Zagrebačka županija;33
Zidarići;Malinska-Dubašnica;Primorsko-goranska županija;142
Zimić;Krnjak;Karlovačka županija;40
Zinajevac;Barilović;Karlovačka županija;1
Zlarin;Šibenik;Šibensko-kninska županija;293
Zlatar;Zlatar;Krapinsko-zagorska županija;2825
Zlatar-Bistrica;Zlatar Bistrica;Krapinsko-zagorska županija;1393
Zlatna Greda;Bilje;Osječko-baranjska županija;5
Zleć;Sveti Križ Začretje;Krapinsko-zagorska županija;140
Zlobin;Bakar;Primorsko-goranska županija;272
Zlogonje;Lepoglava;Varaždinska županija;367
Zmajevac;Kneževi Vinogradi;Osječko-baranjska županija;544
Zmijavci;Zmijavci;Splitsko-dalmatinska županija;1654
Znož;Zlatar;Krapinsko-zagorska županija;18
Zokov Gaj;Zdenci;Virovitičko-podravska županija;83
Zoljan;Našice;Osječko-baranjska županija;637
Zoljani;Oprisavci;Brodsko-posavska županija;20
Zonti;Buzet;Istarska županija;40
Zoretići;Jelenje;Primorsko-goranska županija;93
Zoričići;Višnjan – Visignano;Istarska županija;26
Zorkovac;Ozalj;Karlovačka županija;193
Zorkovac Vivodinski;Ozalj;Karlovačka županija;14
Zorkovac na Kupi;Ozalj;Karlovačka županija;81
Zrenj – Stridone;Oprtalj – Portole;Istarska županija;55
Zrin;Dvor;Sisačko-moslavačka županija;8
Zrinj Lukački;Lukač;Virovitičko-podravska županija;85
Zrinska;Veliki Grđevac;Bjelovarsko-bilogorska županija;99
Zrinska Draga;Dvor;Sisačko-moslavačka županija;21
Zrinski Brđani;Dvor;Sisačko-moslavačka županija;25
Zrinski Topolovac;Zrinski Topolovac;Bjelovarsko-bilogorska županija;524
Zrinšćina;Sveti Ivan Zelina;Zagrebačka županija;122
Zrmanja;Gračac;Zadarska županija;9
Zrmanja Vrelo;Gračac;Zadarska županija;11
Zubovići;Novalja;Ličko-senjska županija;180
Zut;Dvor;Sisačko-moslavačka županija;0
Zvekovac;Dubrava;Zagrebačka županija;151
Zvekovica;Konavle;Dubrovačko-neretvanska županija;710
Zverinac;Sali;Zadarska županija;55
Zvečaj;Duga Resa;Karlovačka županija;175
Zvečanje;Omiš;Splitsko-dalmatinska županija;207
Zvijerci;Bjelovar;Bjelovarsko-bilogorska županija;59
Zvjerinac;Biskupija;Šibensko-kninska županija;53
Zvoneća;Matulji;Primorsko-goranska županija;244
Zvonik;Farkaševac;Zagrebačka županija;66
Zvonimirovac;Čađavica;Virovitičko-podravska županija;192
Zvonimirovo;Suhopolje;Virovitičko-podravska županija;79
Ćelije;Trpinja;Vukovarsko-srijemska županija;98
Ćeralije;Voćin;Virovitičko-podravska županija;579
Ćojluk;Udbina;Ličko-senjska županija;3
Ćore;Dvor;Sisačko-moslavačka županija;6
Ćosinac;Pleternica;Požeško-slavonska županija;39
Ćosine Laze;Požega;Požeško-slavonska županija;17
Ćuić Brdo;Rakovica;Karlovačka županija;1
Ćunski;Mali Lošinj;Primorsko-goranska županija;198
Ćurlovac;Veliko Trojstvo;Bjelovarsko-bilogorska županija;232
Ćusi;Cerovlje;Istarska županija;58
Čabar;Čabar;Primorsko-goranska županija;325
Čabdin;Jastrebarsko;Zagrebačka županija;112
Čabraji;Križevci;Koprivničko-križevačka županija;126
Čabrunići;Svetvinčenat;Istarska županija;152
Čaglin;Čaglin;Požeško-slavonska županija;478
Čaire;Kutina;Sisačko-moslavačka županija;19
Čajkovci;Vrpolje;Brodsko-posavska županija;494
Čajkovica;Dubrovnik;Dubrovačko-neretvanska županija;192
Čajkovići;Dubrovnik;Dubrovačko-neretvanska županija;23
Čakanec;Kravarsko;Zagrebačka županija;47
Čakovci;Tompojevci;Vukovarsko-srijemska županija;264
Čakovec;Čakovec;Međimurska županija;15078
Čalinec;Maruševec;Varaždinska županija;513
Čamagajevci;Marijanci;Osječko-baranjska županija;178
Čambarelići;Kršan;Istarska županija;145
Čamerovac;Slunj;Karlovačka županija;34
Čanak;Plitvička Jezera;Ličko-senjska županija;30
Čanjevo;Visoko;Varaždinska županija;150
Čapljani;Sunja;Sisačko-moslavačka županija;28
Čaporice;Trilj;Splitsko-dalmatinska županija;328
Čaprginci;Okučani;Brodsko-posavska županija;2
Čara;Korčula;Dubrovačko-neretvanska županija;595
Čatrnja;Krnjak;Karlovačka županija;85
Čatrnja;Rakovica;Karlovačka županija;227
Čavle;Čavle;Primorsko-goranska županija;1269
Čavlovica;Dvor;Sisačko-moslavačka županija;2
Čavoglave;Ružić;Šibensko-kninska županija;147
Čazma;Čazma;Bjelovarsko-bilogorska županija;2417
Čačinci;Čačinci;Virovitičko-podravska županija;1719
Čačvina;Trilj;Splitsko-dalmatinska županija;59
Čađavac;Velika Pisanica;Bjelovarsko-bilogorska županija;41
Čađavica;Čađavica;Virovitičko-podravska županija;569
Čađavički Lug;Čađavica;Virovitičko-podravska županija;210
Čedanj;Delnice;Primorsko-goranska županija;3
Čeglje;Jastrebarsko;Zagrebačka županija;353
Čehići;Sveti Lovreč;Istarska županija;12
Čehovec;Prelog;Međimurska županija;634
Čelikovići;Sibinj;Brodsko-posavska županija;57
Čelina;Omiš;Splitsko-dalmatinska županija;206
Čelopeci;Župa dubrovačka;Dubrovačko-neretvanska županija;497
Čemernica;Virovitica;Virovitičko-podravska županija;645
Čemernica Lonjska;Kloštar Ivanić;Zagrebačka županija;217
Čeminac;Čeminac;Osječko-baranjska županija;865
Čenkovo;Levanjska Varoš;Osječko-baranjska županija;1
Čepelovac;Đurđevac;Koprivničko-križevačka županija;302
Čepikuće;Dubrovačko primorje;Dubrovačko-neretvanska županija;35
Čepin;Čepin;Osječko-baranjska županija;8001
Čepinski Martinci;Čepin;Osječko-baranjska županija;524
Čepić – Ceppich;Oprtalj – Portole;Istarska županija;52
Čepljani – Ceppiani;Umag – Umago;Istarska županija;210
Červar – Cervera;Poreč – Parenzo;Istarska županija;97
Červar-Porat;Poreč – Parenzo;Istarska županija;381
Červari;Kanfanar;Istarska županija;28
Čestijanec;Sveti Martin na Muri;Međimurska županija;91
Česvinica;Ston;Dubrovačko-neretvanska županija;41
Četekovac;Mikleuš;Virovitičko-podravska županija;180
Četvrtkovac;Sunja;Sisačko-moslavačka županija;139
Čečavac;Brestovac;Požeško-slavonska županija;2
Čečavački Vučjak;Brestovac;Požeško-slavonska županija;20
Češljakovci;Kaptol;Požeško-slavonska županija;225
Čibača;Župa dubrovačka;Dubrovačko-neretvanska županija;2039
Čigoč;Sisak;Sisačko-moslavačka županija;53
Čilipi;Konavle;Dubrovačko-neretvanska županija;970
Čingi-Lingi;Molve;Koprivničko-križevačka županija;19
Čiritež;Buzet;Istarska županija;45
Čisla;Omiš;Splitsko-dalmatinska županija;310
Čista Mala;Vodice;Šibensko-kninska županija;132
Čista Mlaka;Rugvica;Zagrebačka županija;573
Čista Velika;Vodice;Šibensko-kninska županija;405
Čitluk;Promina;Šibensko-kninska županija;104
Čitluk;Sinj;Splitsko-dalmatinska županija;462
Čičkovina;Martijanec;Varaždinska županija;169
Čižići;Dobrinj;Primorsko-goranska županija;133
Čojlug;Mikleuš;Virovitičko-podravska županija;14
Čokadinci;Čepin;Osječko-baranjska županija;129
Čovac;Okučani;Brodsko-posavska županija;74
Čovići;Otočac;Ličko-senjska županija;520
Čremušnica;Gvozd;Sisačko-moslavačka županija;72
Čret;Krapinske Toplice;Krapinsko-zagorska županija;472
Čret Bisaški;Breznica;Varaždinska županija;18
Čret Posavski;Orle;Zagrebačka županija;103
Črečan;Nedelišće;Međimurska županija;382
Črečan;Sveti Ivan Zelina;Zagrebačka županija;136
Črešnjevec;Tuhelj;Krapinsko-zagorska županija;264
Črešnjevo;Beretinec;Varaždinska županija;707
Črnec Biškupečki;Varaždin;Varaždinska županija;612
Črnec Dugoselski;Rugvica;Zagrebačka županija;165
Črnec Rugvički;Rugvica;Zagrebačka županija;99
Črnica;Buzet;Istarska županija;34
Črnile;Varaždinske Toplice;Varaždinska županija;133
Črnilovec;Jastrebarsko;Zagrebačka županija;98
Črnkovci;Marijanci;Osječko-baranjska županija;634
Črnkovec;Velika Gorica;Zagrebačka županija;339
Črnčevec;Sveti Petar Orehovec;Koprivničko-križevačka županija;134
Čujića Krčevina;Plitvička Jezera;Ličko-senjska županija;6
Čuki;Vižinada – Visinada;Istarska županija;6
Čukovec;Ludbreg;Varaždinska županija;263
Čukovec;Prelog;Međimurska županija;257
Čukur;Hrvatska Kostajnica;Sisačko-moslavačka županija;66
Čunkova Draga;Krašić;Zagrebačka županija;15
Čuntić;Petrinja;Sisačko-moslavačka županija;16
Čurilovec;Varaždinske Toplice;Varaždinska županija;111
Čučak;Brod Moravice;Primorsko-goranska županija;5
Čučići;Krašić;Zagrebačka županija;1
Čuši – Ciussi;Poreč – Parenzo;Istarska županija;27
Čvrljevo;Unešić;Šibensko-kninska županija;42
Čvrljevo;Šibenik;Šibensko-kninska županija;51
Đakovo;Đakovo;Osječko-baranjska županija;16875
Đelekovec;Đelekovec;Koprivničko-križevačka županija;990
Đeletovci;Nijemci;Vukovarsko-srijemska županija;419
Đevrske;Kistanje;Šibensko-kninska županija;175
Đivan;Vrbovec;Zagrebačka županija;29
Đuba – Giubba;Umag – Umago;Istarska županija;128
Đulovac;Đulovac;Bjelovarsko-bilogorska županija;801
Đurin Potok;Cetingrad;Karlovačka županija;15
Đurinići;Konavle;Dubrovačko-neretvanska županija;61
Đurinovec;Visoko;Varaždinska županija;117
Đurići;Drenovci;Vukovarsko-srijemska županija;206
Đuričić;Voćin;Virovitičko-podravska županija;0
Đurmanec;Đurmanec;Krapinsko-zagorska županija;786
Đurđanci;Đakovo;Osječko-baranjska županija;370
Đurđekovec;;Grad Zagreb;690
Đurđenovac;Đurđenovac;Osječko-baranjska županija;2318
Đurđevac;Đurđevac;Koprivničko-križevačka županija;5834
Đurđic;Ivanska;Bjelovarsko-bilogorska županija;156
Đurđic;Križevci;Koprivničko-križevačka županija;243
Šag;Valpovo;Osječko-baranjska županija;426
Šagovina Mašićka;Okučani;Brodsko-posavska županija;5
Šagudovec;Gornja Stubica;Krapinsko-zagorska županija;149
Šajini;Barban;Istarska županija;175
Šakanlije;Dvor;Sisačko-moslavačka županija;12
Šalamunić;Udbina;Ličko-senjska županija;24
Šalamunovec;Sveti Petar Orehovec;Koprivničko-križevačka županija;45
Šalovec;Sveti Ivan Zelina;Zagrebačka županija;156
Šandorovec;Čakovec;Međimurska županija;305
Šandrovac;Šandrovac;Bjelovarsko-bilogorska županija;623
Šapjane;Matulji;Primorsko-goranska županija;167
Šaptinovci;Đurđenovac;Osječko-baranjska županija;421
Šarengrad;Ilok;Vukovarsko-srijemska županija;362
Šarić Struga;Ploče;Dubrovačko-neretvanska županija;194
Šarići;Marčana;Istarska županija;93
Šartovac;Kutina;Sisačko-moslavačka županija;318
Šatornja;Glina;Sisačko-moslavačka županija;144
Šaš;Sunja;Sisačko-moslavačka županija;168
Šaša;Bednja;Varaždinska županija;86
Šaševa;Glina;Sisačko-moslavačka županija;17
Šaševo;Čađavica;Virovitičko-podravska županija;91
Šašinovec;;Grad Zagreb;772
Šebreki;Karlovac;Karlovačka županija;0
Šeganovac;Plitvička Jezera;Ličko-senjska županija;7
Šegestin;Dvor;Sisačko-moslavačka županija;7
Šegotići;Marčana;Istarska županija;86
Šeketino Brdo;Duga Resa;Karlovačka županija;158
Šelovec;Preseka;Zagrebačka županija;155
Šemovci;Virje;Koprivničko-križevačka županija;402
Šemovec;Trnovec Bartolovečki;Varaždinska županija;825
Šemovec Breški;Ivanić-Grad;Zagrebačka županija;70
Šenkovec;Brdovec;Zagrebačka županija;664
Šenkovec;Šenkovec;Međimurska županija;2336
Šeovci;Požega;Požeško-slavonska županija;102
Šeovica;Lipik;Požeško-slavonska županija;217
Šepci Podstenski;Brod Moravice;Primorsko-goranska županija;4
Šeraje – Seraie;Poreč – Parenzo;Istarska županija;2
Šestak Brdo;Pokupsko;Zagrebačka županija;66
Šestanovac;Šestanovac;Splitsko-dalmatinska županija;371
Ševalj;Delnice;Primorsko-goranska županija;1
Šećerana;Beli Manastir;Osječko-baranjska županija;461
Šibenik;Šibenik;Šibensko-kninska županija;31115
Šibice;Zaprešić;Zagrebačka županija;759
Šibine;Glina;Sisačko-moslavačka županija;15
Šibovac;Sirač;Bjelovarsko-bilogorska županija;182
Šijanec;Vidovec;Varaždinska županija;183
Šije;Ravna Gora;Primorsko-goranska županija;15
Šiljakovina;Velika Gorica;Zagrebačka županija;654
Šilješki;Konavle;Dubrovačko-neretvanska županija;12
Šiljki;Ozalj;Karlovačka županija;5
Šiljkovača;Cetingrad;Karlovačka županija;62
Šilo;Dobrinj;Primorsko-goranska županija;418
Šimatovo;Brod Moravice;Primorsko-goranska županija;1
Šimljana;Berek;Bjelovarsko-bilogorska županija;71
Šimljanica;Berek;Bjelovarsko-bilogorska županija;84
Šimljanik;Berek;Bjelovarsko-bilogorska županija;25
Šimraki;Samobor;Zagrebačka županija;5
Šimunci;Desinić;Krapinsko-zagorska županija;78
Šimuni;Pag;Zadarska županija;164
Šimunčevec;;Grad Zagreb;298
Šinkovica Bednjanska;Bednja;Varaždinska županija;87
Šinkovica Šaška;Bednja;Varaždinska županija;94
Šipanska Luka;Dubrovnik;Dubrovačko-neretvanska županija;254
Šipački Breg;Samobor;Zagrebačka županija;33
Šipki;Lobor;Krapinsko-zagorska županija;105
Šiptari;Kapela;Bjelovarsko-bilogorska županija;69
Širinci;Okučani;Brodsko-posavska županija;0
Širine;Petlovac;Osječko-baranjska županija;26
Širinec;Križ;Zagrebačka županija;222
Širitovci;Drniš;Šibensko-kninska županija;127
Široka Kula;Gospić;Ličko-senjska županija;78
Široka Rijeka;Vojnić;Karlovačka županija;100
Široke;Primošten;Šibensko-kninska županija;125
Široko Polje;Đakovo;Osječko-baranjska županija;799
Široko Selo;Sokolovac;Koprivničko-križevačka županija;33
Šivati;Žminj;Istarska županija;68
Šišan;Ližnjan – Lisignano;Istarska županija;1007
Šišinec;Lekenik;Sisačko-moslavačka županija;55
Šiškovci;Cerna;Vukovarsko-srijemska županija;693
Šišljavić;Karlovac;Karlovačka županija;358
Škabrnja;Škabrnja;Zadarska županija;1320
Škalić Zagorski;Desinić;Krapinsko-zagorska županija;11
Škaljevica;Ozalj;Karlovačka županija;68
Škalnica;Klana;Primorsko-goranska županija;236
Škare;Otočac;Ličko-senjska županija;36
Škarićevo;Krapina;Krapinsko-zagorska županija;593
Škarnik;Varaždinske Toplice;Varaždinska županija;66
Škodinovac;Đulovac;Bjelovarsko-bilogorska županija;34
Škopljak;Gračišće;Istarska županija;45
Škrabutnik;Požega;Požeško-slavonska županija;11
Škriljevec;Ivanec;Varaždinska županija;226
Škrinjari;Sveti Ivan Žabno;Koprivničko-križevačka županija;182
Škrip;Supetar;Splitsko-dalmatinska županija;157
Škrljevo;Bakar;Primorsko-goranska županija;1158
Škropeti;Karojba;Istarska županija;431
Škuljari;Buzet;Istarska županija;52
Šlivnjak;Slunj;Karlovačka županija;12
Šljivovac;Gvozd;Sisačko-moslavačka županija;6
Šljivoševci;Magadenovac;Osječko-baranjska županija;276
Šmrika;Kraljevica;Primorsko-goranska županija;963
Šnjegavić;Brestovac;Požeško-slavonska županija;15
Šodolovci;Šodolovci;Osječko-baranjska županija;267
Šopot;Benkovac;Zadarska županija;323
Šopron;Kalnik;Koprivničko-križevačka županija;154
Šorgi – Sorghi;Oprtalj – Portole;Istarska županija;34
Šorići;Kanfanar;Istarska županija;85
Španat;Sopje;Virovitičko-podravska županija;155
Španovica;Pakrac;Požeško-slavonska županija;14
Špehari;Bosiljevo;Karlovačka županija;1
Špigelski Breg;Jastrebarsko;Zagrebačka županija;0
Špiranec;Križevci;Koprivničko-križevačka županija;105
Špičkovina;Zabok;Krapinsko-zagorska županija;741
Špišić Bukovica;Špišić Bukovica;Virovitičko-podravska županija;1346
Štaglinec;Koprivnica;Koprivničko-križevačka županija;453
Štakorovec;Brckovljani;Zagrebačka županija;298
Štakorovica;Vojnić;Karlovačka županija;21
Štedrica;Dubrovačko primorje;Dubrovačko-neretvanska županija;55
Štefanci;Vrbovsko;Primorsko-goranska županija;2
Štefanec;Trnovec Bartolovečki;Varaždinska županija;360
Štefanec;Čakovec;Međimurska županija;684
Štefanje;Štefanje;Bjelovarsko-bilogorska županija;300
Šterna – Sterna;Grožnjan – Grisignana;Istarska županija;70
Štifanići – Stifanici;Poreč – Parenzo;Istarska županija;60
Štikada;Lovinac;Ličko-senjska županija;197
Štikovo;Drniš;Šibensko-kninska županija;31
Štirkovac;Barilović;Karlovačka županija;1
Štitar;Štitar;Vukovarsko-srijemska županija;1552
Štitnjak;Požega;Požeško-slavonska županija;44
Štivica;Staro Petrovo Selo;Brodsko-posavska županija;421
Štokovci;Svetvinčenat;Istarska županija;142
Štrigova;Štrigova;Međimurska županija;436
Štrigovec;Gornja Rijeka;Koprivničko-križevačka županija;24
Štrmac;Sveta Nedelja;Istarska županija;396
Štrped;Buzet;Istarska županija;222
Štrucljevo;Sveti Križ Začretje;Krapinsko-zagorska županija;321
Štrukovec;Mursko Središće;Međimurska županija;325
Štuparje;Petrovsko;Krapinsko-zagorska županija;362
Štuti;Višnjan – Visignano;Istarska županija;20
Šulinec;Sveti Ivan Zelina;Zagrebačka županija;234
Šumanovci;Kutjevo;Požeško-slavonska županija;116
Šumarina;Beli Manastir;Osječko-baranjska županija;421
Šumber;Sveta Nedelja;Istarska županija;358
Šumet;Dubrovnik;Dubrovačko-neretvanska županija;168
Šumet;Proložac;Splitsko-dalmatinska županija;304
Šumetlica;Cernik;Brodsko-posavska županija;177
Šumećani;Ivanić-Grad;Zagrebačka županija;389
Šumeće;Bebrina;Brodsko-posavska županija;529
Šumeđe;Orahovica;Virovitičko-podravska županija;26
Šuplja Lipa;Končanica;Bjelovarsko-bilogorska županija;129
Šurdovec;Sveti Ivan Zelina;Zagrebačka županija;23
Šušelj Brijeg;Krapina;Krapinsko-zagorska županija;0
Šušnjari;Brestovac;Požeško-slavonska županija;1
Šušnjari;Križ;Zagrebačka županija;102
Šušnjevci;Bukovlje;Brodsko-posavska županija;207
Šušnjevica;Kršan;Istarska županija;74
Šušnjići – Susnici;Poreč – Parenzo;Istarska županija;26
Švajcarnica;Darda;Osječko-baranjska županija;128
Švaljkovec;Sveti Križ Začretje;Krapinsko-zagorska županija;313
Švica;Otočac;Ličko-senjska županija;311
Švrakarica;Dvor;Sisačko-moslavačka županija;23
Šćepanje;Breznički Hum;Varaždinska županija;266
Šćitarjevo;Velika Gorica;Zagrebačka županija;573
Šćrbinec;Zlatar;Krapinsko-zagorska županija;9
Šćulac;Barilović;Karlovačka županija;136
Šćulci;Buzet;Istarska županija;36
Ščapovec;Kloštar Ivanić;Zagrebačka županija;144
Žabica;Gospić;Ličko-senjska županija;189
Žabjak;Rovišće;Bjelovarsko-bilogorska županija;300
Žabljak;Barilović;Karlovačka županija;37
Žabnica;Farkaševac;Zagrebačka županija;130
Žabnik;Sveti Martin na Muri;Međimurska županija;365
Žabnik;Trnovec Bartolovečki;Varaždinska županija;162
Žabnjak;Preseka;Zagrebačka županija;44
Žabnjača;Crnac;Virovitičko-podravska županija;9
Žabno;Sisak;Sisačko-moslavačka županija;414
Žaborić;Šibenik;Šibensko-kninska županija;552
Žagrići;Žminj;Istarska županija;35
Žagrović;Knin;Šibensko-kninska županija;509
Žakanje;Žakanje;Karlovačka županija;142
Žakule;Vrbovsko;Primorsko-goranska županija;8
Žamarija;Žumberak;Zagrebačka županija;14
Žarovnica;Lepoglava;Varaždinska županija;743
Žažina;Lekenik;Sisačko-moslavačka županija;275
Žažvić;Skradin;Šibensko-kninska županija;29
Žbandaj;Poreč – Parenzo;Istarska županija;538
Ždala;Gola;Koprivničko-križevačka županija;461
Ždralovi;Bjelovar;Bjelovarsko-bilogorska županija;1311
Ždrapanj;Skradin;Šibensko-kninska županija;21
Ždrelac;Pašman;Zadarska županija;397
Ždrilo;Posedarje;Zadarska županija;93
Žedno;Trogir;Splitsko-dalmatinska županija;152
Žejane;Matulji;Primorsko-goranska županija;105
Žejinci;Luka;Zagrebačka županija;354
Železna Gora;Štrigova;Međimurska županija;379
Želiski;Barban;Istarska županija;155
Željava;Plitvička Jezera;Ličko-senjska županija;22
Željeznica;Ivanec;Varaždinska županija;94
Željezno Žumberačko;Žumberak;Zagrebačka županija;27
Žena Glava;Komiža;Splitsko-dalmatinska županija;37
Ženodraga;Višnjan – Visignano;Istarska županija;22
Žerava;Nin;Zadarska županija;192
Žerjavinec;;Grad Zagreb;526
Žestilac;Dobrinj;Primorsko-goranska županija;11
Žeževica;Šestanovac;Splitsko-dalmatinska županija;306
Žgaljići;Krk;Primorsko-goranska županija;70
Žgombići;Malinska-Dubašnica;Primorsko-goranska županija;72
Žibrinovec;Križevci;Koprivničko-križevačka županija;112
Židovinjak;Bedekovčina;Krapinsko-zagorska županija;189
Žigerovci;Brestovac;Požeško-slavonska županija;7
Žigrovec;Sveti Ilija;Varaždinska županija;222
Žikovići;Višnjan – Visignano;Istarska županija;12
Žirje;Šibenik;Šibensko-kninska županija;147
Žiroslavlje;Suhopolje;Virovitičko-podravska županija;50
Žirčica;Martinska Ves;Sisačko-moslavačka županija;108
Žitarka;Sveta Nedelja;Zagrebačka županija;262
Žitkovčica;Kravarsko;Zagrebačka županija;50
Žitnić;Drniš;Šibensko-kninska županija;114
Žitomir;Sveti Ivan Zelina;Zagrebačka županija;158
Živaja;Hrvatska Dubica;Sisačko-moslavačka županija;179
Živike;Oriovac;Brodsko-posavska županija;189
Živković Kosa;Vojnić;Karlovačka županija;84
Živogošće;Podgora;Splitsko-dalmatinska županija;416
Žiškovec;Čakovec;Međimurska županija;470
Žlebec Gorički;Marija Gorica;Zagrebačka županija;62
Žlebec Pušćanski;Pušća;Zagrebačka županija;111
Žlebina;Gradina;Virovitičko-podravska županija;214
Žman;Sali;Zadarska županija;225
Žminj;Žminj;Istarska županija;826
Žnjidarići – Snidarici;Oprtalj – Portole;Istarska županija;42
Žreme;Sunja;Sisačko-moslavačka županija;41
Žrnovac;Skrad;Primorsko-goranska županija;12
Žrnovnica;Split;Splitsko-dalmatinska županija;3279
Žrnovo;Korčula;Dubrovačko-neretvanska županija;1401
Žuberkovac;Okučani;Brodsko-posavska županija;1
Žubrica;Suhopolje;Virovitičko-podravska županija;66
Žubrinci;Bosiljevo;Karlovačka županija;27
Žudetići;Vižinada – Visinada;Istarska županija;9
Žukovec;Dubrava;Zagrebačka županija;120
Žuljana;Ston;Dubrovačko-neretvanska županija;275
Žumberak;Žumberak;Zagrebačka županija;9
Žunci;Vrbovec;Zagrebačka županija;125
Žuntići;Kanfanar;Istarska županija;25
Župa;Zagvozd;Splitsko-dalmatinska županija;37
Župa Srednja;Zagvozd;Splitsko-dalmatinska županija;3
Županec;Mali Bukovec;Varaždinska županija;168
Županići;Sveta Nedelja;Istarska županija;136
Županja;Županja;Vukovarsko-srijemska županija;9153
Županje;Dobrinj;Primorsko-goranska županija;26
Župić;Petrinja;Sisačko-moslavačka županija;74
Žuta Lokva;Brinje;Ličko-senjska županija;16
Žutnica;Krapina;Krapinsko-zagorska županija;221
Žužići;Tinjan;Istarska županija;123
Žužići;Višnjan – Visignano;Istarska županija;24
